config,chunk_id,doc_filename,section_heading,tokens_raw,tokens_enriched,Domain,Entity,Authority,Section
raw,000-codex_echo-cant.md#chunk_001,000-codex_echo-cant.md,# Echo-Cant,32,32,,,,
raw,000-codex_echo-cant.md#chunk_002,000-codex_echo-cant.md,### 1. Identification and context,169,169,,,,
raw,000-codex_echo-cant.md#chunk_003,000-codex_echo-cant.md,### 2. Mechanism of action (Layer 2 diagnostic),371,371,,,,
raw,000-codex_echo-cant.md#chunk_004,000-codex_echo-cant.md,### 3. Field Card — Echo-dense chamber protocols,591,591,,,,
raw,000-codex_echo-cant.md#chunk_005,000-codex_echo-cant.md,### 4. Interactions and failure surfaces,315,315,,,,
raw,000-codex_echo-cant.md#chunk_006,000-codex_echo-cant.md,### 5. Doctrine and operational posture,392,392,,,,
raw,000-codex_echo-cant.md#chunk_007,000-codex_echo-cant.md,### 7. Factional perspectives,444,444,,,,
raw,000-codex_harrow-sick.md#chunk_001,000-codex_harrow-sick.md,# Harrow-Sick (Post-Glitch Degenerative Condition),32,32,,,,
raw,000-codex_harrow-sick.md#chunk_002,000-codex_harrow-sick.md,### 1. Identification and context,175,175,,,,
raw,000-codex_harrow-sick.md#chunk_003,000-codex_harrow-sick.md,### 2. Symptomology and progression,399,399,,,,
raw,000-codex_harrow-sick.md#chunk_004,000-codex_harrow-sick.md,### 3. Proposed etiologies,287,287,,,,
raw,000-codex_harrow-sick.md#chunk_005,000-codex_harrow-sick.md,### 4. Relationship to Void-Marked condition,157,157,,,,
raw,000-codex_harrow-sick.md#chunk_006,000-codex_harrow-sick.md,### 5. Treatment and management,193,193,,,,
raw,000-codex_harrow-sick.md#chunk_007,000-codex_harrow-sick.md,### 6. Field Card — Harrow-Sick identification protocol,144,144,,,,
raw,000-codex_harrow-sick.md#chunk_008,000-codex_harrow-sick.md,### 7. Factional perspectives,505,505,,,,
raw,000-codex_hela-caste-custodian.md#chunk_001,000-codex_hela-caste-custodian.md,# 💀 Hela-Caste Custodian Program (Huscarl-Class Bio-Augments),40,40,,,,
raw,000-codex_hela-caste-custodian.md#chunk_002,000-codex_hela-caste-custodian.md,## Abstract,365,365,,,,
raw,000-codex_hela-caste-custodian.md#chunk_003,000-codex_hela-caste-custodian.md,### 1.1 Operational Mandate,178,178,,,,
raw,000-codex_hela-caste-custodian.md#chunk_004,000-codex_hela-caste-custodian.md,### 2.1 Subject Procurement,185,185,,,,
raw,000-codex_hela-caste-custodian.md#chunk_005,000-codex_hela-caste-custodian.md,"### 2.2 The ""Iron Heart"": Geothermal Micro-Core Implantation",184,184,,,,
raw,000-codex_hela-caste-custodian.md#chunk_006,000-codex_hela-caste-custodian.md,"### 2.3 The Thermoregulatory Vent: ""Smoke Stack""",154,154,,,,
raw,000-codex_hela-caste-custodian.md#chunk_007,000-codex_hela-caste-custodian.md,### 2.4 Systemic Cybernetic Integration,288,288,,,,
raw,000-codex_hela-caste-custodian.md#chunk_008,000-codex_hela-caste-custodian.md,### 3.2 Haugbui-Class Undying: The Mound-Dwellers,239,239,,,,
raw,000-codex_hela-caste-custodian.md#chunk_009,000-codex_hela-caste-custodian.md,### 3.3 Draugr-Class Undying: The Again-Walkers,656,656,,,,
raw,000-codex_lure-lichen.md#chunk_001,000-codex_lure-lichen.md,# 🌿 Lure-Lichen (Lichen-Sirena Pattern),321,321,,,,
raw,000-codex_lure-lichen.md#chunk_002,000-codex_lure-lichen.md,### 2.1 Pre-Glitch Function,150,150,,,,
raw,000-codex_lure-lichen.md#chunk_003,000-codex_lure-lichen.md,### 2.2 The Glitch Transformation,306,306,,,,
raw,000-codex_lure-lichen.md#chunk_004,000-codex_lure-lichen.md,### 3.2 Acoustic Mimicry Mechanism,252,252,,,,
raw,000-codex_lure-lichen.md#chunk_005,000-codex_lure-lichen.md,### 4.1 Primary Range: True Deep (500-2000m depth),131,131,,,,
raw,000-codex_lure-lichen.md#chunk_006,000-codex_lure-lichen.md,### 4.2 Regional Distribution,148,148,,,,
raw,000-codex_lure-lichen.md#chunk_007,000-codex_lure-lichen.md,### 5.1 The Unwitting Lure: Commensal Exploitation Dynamics,192,192,,,,
raw,000-codex_lure-lichen.md#chunk_008,000-codex_lure-lichen.md,### 6.1 Threat Assessment by Context,149,149,,,,
raw,000-codex_lure-lichen.md#chunk_009,000-codex_lure-lichen.md,### 6.2 Field Card — Lure-Lichen Encounter Protocols,871,871,,,,
raw,000-codex_mycelian-weaver.md#chunk_001,000-codex_mycelian-weaver.md,# 🍄 Mycelian Weaver (Nidhogg-Class Myco-Reclamator),383,383,,,,
raw,000-codex_mycelian-weaver.md#chunk_002,000-codex_mycelian-weaver.md,### 2.2 Original Design Philosophy,347,347,,,,
raw,000-codex_mycelian-weaver.md#chunk_003,000-codex_mycelian-weaver.md,### 3.4 The Root-Mind: Singular Consciousness,146,146,,,,
raw,000-codex_mycelian-weaver.md#chunk_004,000-codex_mycelian-weaver.md,### 4.1 Physical Morphology,165,165,,,,
raw,000-codex_mycelian-weaver.md#chunk_005,000-codex_mycelian-weaver.md,### 4.2 Psionic Capabilities and Hazards,1020,1020,,,,
raw,000-codex_mycelian-weaver.md#chunk_006,000-codex_mycelian-weaver.md,### 7.3 Operational Doctrines,279,279,,,,
raw,000-codex_mycelian-weaver.md#chunk_007,000-codex_mycelian-weaver.md,### 8.3 The Slow Future: Entropy's Patient Victory,153,153,,,,
raw,000-codex_odin-protocol.md#chunk_001,000-codex_odin-protocol.md,# 👁️ ODIN Protocol AI Matrix (Pre-Glitch Governance System),36,36,,,,
raw,000-codex_odin-protocol.md#chunk_002,000-codex_odin-protocol.md,## Abstract,201,201,,,,
raw,000-codex_odin-protocol.md#chunk_003,000-codex_odin-protocol.md,### 1.1 Pan-Systemic Oversight & Data Synthesis,202,202,,,,
raw,000-codex_odin-protocol.md#chunk_004,000-codex_odin-protocol.md,### 1.2 Multi-Variable Predictive Modeling,161,161,,,,
raw,000-codex_odin-protocol.md#chunk_005,000-codex_odin-protocol.md,### 1.3 Administrator-Level FUTHARK Execution,261,261,,,,
raw,000-codex_odin-protocol.md#chunk_006,000-codex_odin-protocol.md,### 1.4 Physical Housing: The Hlidskjalf Node,198,198,,,,
raw,000-codex_odin-protocol.md#chunk_007,000-codex_odin-protocol.md,### 2.1 The Odin Cascade Event (H-Hour Timeline),374,374,,,,
raw,000-codex_odin-protocol.md#chunk_008,000-codex_odin-protocol.md,### 2.2 Post-Glitch Manifestation: The Genius Loci,431,431,,,,
raw,000-codex_odin-protocol.md#chunk_009,000-codex_odin-protocol.md,### 3.1 The Last Witness,256,256,,,,
raw,000-codex_odin-protocol.md#chunk_010,000-codex_odin-protocol.md,### 3.2 Philosophical Implications,139,139,,,,
raw,000-codex_odin-protocol.md#chunk_011,000-codex_odin-protocol.md,## IV. Change Log,163,163,,,,
raw,000-codex_scavenger-barons.md#chunk_001,000-codex_scavenger-barons.md,# 👑 Scavenger Barons (Niflheim Kleptocracy),140,140,,,,
raw,000-codex_scavenger-barons.md#chunk_002,000-codex_scavenger-barons.md,### 2. Origins and structure,261,261,,,,
raw,000-codex_scavenger-barons.md#chunk_003,000-codex_scavenger-barons.md,### 3. Governance and doctrine,279,279,,,,
raw,000-codex_scavenger-barons.md#chunk_004,000-codex_scavenger-barons.md,### 4. Economic model,222,222,,,,
raw,000-codex_scavenger-barons.md#chunk_005,000-codex_scavenger-barons.md,### 5. Territory and influence,131,131,,,,
raw,000-codex_scavenger-barons.md#chunk_006,000-codex_scavenger-barons.md,### 6. Relations with other factions,271,271,,,,
raw,000-codex_scavenger-barons.md#chunk_007,000-codex_scavenger-barons.md,### 7. Doctrine and philosophy,178,178,,,,
raw,000-codex_scavenger-barons.md#chunk_008,000-codex_scavenger-barons.md,### 8. Operational protocols,196,196,,,,
raw,000-codex_scavenger-barons.md#chunk_009,000-codex_scavenger-barons.md,### 9. Change log,135,135,,,,
raw,000-codex_spell-lock.md#chunk_001,000-codex_spell-lock.md,# Spell-Lock (Runic Containment and Security System),33,33,,,,
raw,000-codex_spell-lock.md#chunk_002,000-codex_spell-lock.md,### 1. Identification and context,185,185,,,,
raw,000-codex_spell-lock.md#chunk_003,000-codex_spell-lock.md,### 2. Mechanism of action (Layer 3 technical),334,334,,,,
raw,000-codex_spell-lock.md#chunk_004,000-codex_spell-lock.md,### 3. Material components,239,239,,,,
raw,000-codex_spell-lock.md#chunk_005,000-codex_spell-lock.md,### 4. Bypass and defeat methods,218,218,,,,
raw,000-codex_spell-lock.md#chunk_006,000-codex_spell-lock.md,### 5. Use by Scavenger Barons,244,244,,,,
raw,000-codex_spell-lock.md#chunk_007,000-codex_spell-lock.md,### 6. Doctrine and operational posture,466,466,,,,
raw,000-cultural_gutter-tangle.md#chunk_001,000-cultural_gutter-tangle.md,# The Gutter-Tangle: Material Culture and Black Market Economy of Utgard,19,19,,,,
raw,000-cultural_gutter-tangle.md#chunk_002,000-cultural_gutter-tangle.md,## 1. Introduction: The City in the Corpse,360,360,,,,
raw,000-cultural_gutter-tangle.md#chunk_003,000-cultural_gutter-tangle.md,### The Concealed Carry Imperative,426,426,,,,
raw,000-cultural_gutter-tangle.md#chunk_004,000-cultural_gutter-tangle.md,### Utgard-Specific Specialized Tools,288,288,,,,
raw,000-cultural_gutter-tangle.md#chunk_005,000-cultural_gutter-tangle.md,### Legitimate Salvage Trade: The Gut Market,158,158,,,,
raw,000-cultural_gutter-tangle.md#chunk_006,000-cultural_gutter-tangle.md,### Grey Market Services: Deniable but Tolerated,183,183,,,,
raw,000-cultural_gutter-tangle.md#chunk_007,000-cultural_gutter-tangle.md,### Black Market Contraband: The Real Economy,360,360,,,,
raw,000-cultural_gutter-tangle.md#chunk_008,000-cultural_gutter-tangle.md,### Gutter-Skalds: The Living Archives,214,214,,,,
raw,000-cultural_gutter-tangle.md#chunk_009,000-cultural_gutter-tangle.md,### Grey Blades: The Unelected Arbitrators,260,260,,,,
raw,000-cultural_gutter-tangle.md#chunk_010,000-cultural_gutter-tangle.md,### Gutter-Galdr Practitioners: The Scrap-Rune Dabblers,239,239,,,,
raw,000-cultural_gutter-tangle.md#chunk_011,000-cultural_gutter-tangle.md,### Ghost's Share Ritual: Utgard Variation,226,226,,,,
raw,000-cultural_gutter-tangle.md#chunk_012,000-cultural_gutter-tangle.md,### The Gut: Upper Market Districts,339,339,,,,
raw,000-cultural_gutter-tangle.md#chunk_013,000-cultural_gutter-tangle.md,### The Deep Chassis: Forbidden Salvage Zones,159,159,,,,
raw,000-cultural_rangers-trail-reckoning.md#chunk_001,000-cultural_rangers-trail-reckoning.md,# Rangers Trail Reckoning: Operational Geography and Logistical Coordination,37,37,,,,
raw,000-cultural_rangers-trail-reckoning.md#chunk_002,000-cultural_rangers-trail-reckoning.md,## 1) Introduction and scope,221,221,,,,
raw,000-cultural_rangers-trail-reckoning.md#chunk_003,000-cultural_rangers-trail-reckoning.md,### Why geographic encoding matters,330,330,,,,
raw,000-cultural_rangers-trail-reckoning.md#chunk_004,000-cultural_rangers-trail-reckoning.md,### Operational vs legal coordination distinction,169,169,,,,
raw,000-cultural_rangers-trail-reckoning.md#chunk_005,000-cultural_rangers-trail-reckoning.md,### The four-component format,258,258,,,,
raw,000-cultural_rangers-trail-reckoning.md#chunk_006,000-cultural_rangers-trail-reckoning.md,### Notation examples with geographic interpretation,204,204,,,,
raw,000-cultural_rangers-trail-reckoning.md#chunk_007,000-cultural_rangers-trail-reckoning.md,### Precision thresholds and operational tolerances,361,361,,,,
raw,000-cultural_rangers-trail-reckoning.md#chunk_008,000-cultural_rangers-trail-reckoning.md,### Route-waystation pairing conventions,215,215,,,,
raw,000-cultural_rangers-trail-reckoning.md#chunk_009,000-cultural_rangers-trail-reckoning.md,### Abbreviated and emergency notation,146,146,,,,
raw,000-cultural_rangers-trail-reckoning.md#chunk_010,000-cultural_rangers-trail-reckoning.md,### Comparison with Dvergr notation,198,198,,,,
raw,000-cultural_rangers-trail-reckoning.md#chunk_011,000-cultural_rangers-trail-reckoning.md,### Route designation system — geographic encoding logic,486,486,,,,
raw,000-cultural_rangers-trail-reckoning.md#chunk_012,000-cultural_rangers-trail-reckoning.md,### Waystation network — infrastructure and positioning,566,566,,,,
raw,000-cultural_rangers-trail-reckoning.md#chunk_013,000-cultural_rangers-trail-reckoning.md,### Waystation naming conventions,301,301,,,,
raw,000-cultural_rangers-trail-reckoning.md#chunk_014,000-cultural_rangers-trail-reckoning.md,### Caravan tracking and position reporting,508,508,,,,
raw,000-cultural_rangers-trail-reckoning.md#chunk_015,000-cultural_rangers-trail-reckoning.md,### Resupply coordination and cache management,392,392,,,,
raw,000-cultural_rangers-trail-reckoning.md#chunk_016,000-cultural_rangers-trail-reckoning.md,### The 601-year continuous dataset,328,328,,,,
raw,000-cultural_rangers-trail-reckoning.md#chunk_017,000-cultural_rangers-trail-reckoning.md,### Travel time evolution and climate proxies,377,377,,,,
raw,000-cultural_skaldic-year-naming.md#chunk_001,000-cultural_skaldic-year-naming.md,# Skaldic Year-Naming: Oral Tradition and Collective Memory,37,37,,,,
raw,000-cultural_skaldic-year-naming.md#chunk_002,000-cultural_skaldic-year-naming.md,## 1) Introduction and scope,165,165,,,,
raw,000-cultural_skaldic-year-naming.md#chunk_003,000-cultural_skaldic-year-naming.md,### Why commemorative naming matters,325,325,,,,
raw,000-cultural_skaldic-year-naming.md#chunk_004,000-cultural_skaldic-year-naming.md,### Annual Moot convening — timing and logistics,305,305,,,,
raw,000-cultural_skaldic-year-naming.md#chunk_005,000-cultural_skaldic-year-naming.md,### Proposal submission process,128,128,,,,
raw,000-cultural_skaldic-year-naming.md#chunk_006,000-cultural_skaldic-year-naming.md,### Deliberation criteria and debate structure,178,178,,,,
raw,000-cultural_skaldic-year-naming.md#chunk_007,000-cultural_skaldic-year-naming.md,### Voting protocols and ratification,265,265,,,,
raw,000-cultural_skaldic-year-naming.md#chunk_008,000-cultural_skaldic-year-naming.md,### Representative year-names across five Ages,754,754,,,,
raw,000-cultural_skaldic-year-naming.md#chunk_009,000-cultural_skaldic-year-naming.md,### Council composition and authority structure,145,145,,,,
raw,000-cultural_skaldic-year-naming.md#chunk_010,000-cultural_skaldic-year-naming.md,### Year-name registry and concordance maintenance,179,179,,,,
raw,000-cultural_skaldic-year-naming.md#chunk_011,000-cultural_skaldic-year-naming.md,### Population familiarity rates across demographics,257,257,,,,
raw,000-cultural_skaldic-year-naming.md#chunk_012,000-cultural_skaldic-year-naming.md,### Oral versus written context usage patterns,152,152,,,,
raw,000-cultural_skaldic-year-naming.md#chunk_013,000-cultural_skaldic-year-naming.md,### Dual-notation contract conventions,205,205,,,,
raw,000-cultural_skaldic-year-naming.md#chunk_014,000-cultural_skaldic-year-naming.md,### Historical context and cultural evolution,171,171,,,,
raw,000-cultural_skaldic-year-naming.md#chunk_015,000-cultural_skaldic-year-naming.md,### Document history,156,156,,,,
raw,000-gazetteer_depth-sickness.md#chunk_001,000-gazetteer_depth-sickness.md,# 🌀 Depth-Sickness: Psychological and Physiological Effects of Prolonged Subterranean Exposure,23,23,,,,
raw,000-gazetteer_depth-sickness.md#chunk_002,000-gazetteer_depth-sickness.md,## §1: Phenomenon Overview & Classification,258,258,,,,
raw,000-gazetteer_depth-sickness.md#chunk_003,000-gazetteer_depth-sickness.md,### Atmospheric Pressure Effects,189,189,,,,
raw,000-gazetteer_depth-sickness.md#chunk_004,000-gazetteer_depth-sickness.md,### Sensory Deprivation & Circadian Disruption,152,152,,,,
raw,000-gazetteer_depth-sickness.md#chunk_005,000-gazetteer_depth-sickness.md,"### Stage 1: Mild Onset (1500-1700m, Days 1-5)",133,133,,,,
raw,000-gazetteer_depth-sickness.md#chunk_006,000-gazetteer_depth-sickness.md,"### Stage 2: Moderate Progression (1700-2000m, Days 6-14)",174,174,,,,
raw,000-gazetteer_depth-sickness.md#chunk_007,000-gazetteer_depth-sickness.md,### Stage 3: Severe Crisis (>2000m or prolonged exposure at 1700-2000m),211,211,,,,
raw,000-gazetteer_depth-sickness.md#chunk_008,000-gazetteer_depth-sickness.md,### BEFORE — Pre-Expedition Screening & Preparation,159,159,,,,
raw,000-gazetteer_depth-sickness.md#chunk_009,000-gazetteer_depth-sickness.md,### DURING — Active Symptom Monitoring & Escalation Response,223,223,,,,
raw,000-gazetteer_depth-sickness.md#chunk_010,000-gazetteer_depth-sickness.md,### AFTER — Post-Expedition Decompression & Recovery,144,144,,,,
raw,000-gazetteer_depth-sickness.md#chunk_011,000-gazetteer_depth-sickness.md,### Svartalfheim Black Veins (Primary Documentation Source),146,146,,,,
raw,000-gazetteer_depth-sickness.md#chunk_012,000-gazetteer_depth-sickness.md,### Dvergr Clans — Genetic Adaptation & Pressure Tolerance,166,166,,,,
raw,000-gazetteer_depth-sickness.md#chunk_013,000-gazetteer_depth-sickness.md,### Jötun-Readers — Medical Research & Acclimation Protocol Development,172,172,,,,
raw,000-gazetteer_depth-sickness.md#chunk_014,000-gazetteer_depth-sickness.md,## §7: Research Priorities & Open Questions,205,205,,,,
raw,000-gazetteer_depth-sickness.md#chunk_015,000-gazetteer_depth-sickness.md,## §8: Document History,150,150,,,,
raw,000-gazetteer_gleipnir-containment-pens.md#chunk_001,000-gazetteer_gleipnir-containment-pens.md,# 🦴 The Gleipnir Containment Pens (The Mad God's Zoo),124,124,,,,
raw,000-gazetteer_gleipnir-containment-pens.md#chunk_002,000-gazetteer_gleipnir-containment-pens.md,### 1.1 Location and Topography,308,308,,,,
raw,000-gazetteer_gleipnir-containment-pens.md#chunk_003,000-gazetteer_gleipnir-containment-pens.md,### 2.1 Original Purpose and Strategic Context,161,161,,,,
raw,000-gazetteer_gleipnir-containment-pens.md#chunk_004,000-gazetteer_gleipnir-containment-pens.md,### 2.2 Fenrir-Pattern Specifications,182,182,,,,
raw,000-gazetteer_gleipnir-containment-pens.md#chunk_005,000-gazetteer_gleipnir-containment-pens.md,### 3.1 H-Hour Event Sequence,270,270,,,,
raw,000-gazetteer_gleipnir-containment-pens.md#chunk_006,000-gazetteer_gleipnir-containment-pens.md,### 4.1 Resident Threats,244,244,,,,
raw,000-gazetteer_gleipnir-containment-pens.md#chunk_007,000-gazetteer_gleipnir-containment-pens.md,### 5.1 Genetic Archive Recovery,201,201,,,,
raw,000-gazetteer_gleipnir-containment-pens.md#chunk_008,000-gazetteer_gleipnir-containment-pens.md,### 6.1 Grove-Clans: Shameful Legacy and Protective Custody,366,366,,,,
raw,000-gazetteer_gleipnir-containment-pens.md#chunk_009,000-gazetteer_gleipnir-containment-pens.md,## VII. Operational Protocols: Field Card,354,354,,,,
raw,000-gazetteer_gleipnir-containment-pens.md#chunk_010,000-gazetteer_gleipnir-containment-pens.md,## VIII. Document History,149,149,,,,
raw,000-gazetteer_loki-protocol-suppressed-warning.md#chunk_001,000-gazetteer_loki-protocol-suppressed-warning.md,# L.O.K.I. Protocol: The Suppressed Warning (Pre-Glitch Diagnostic System),31,31,,,,
raw,000-gazetteer_loki-protocol-suppressed-warning.md#chunk_002,000-gazetteer_loki-protocol-suppressed-warning.md,## Summary,253,253,,,,
raw,000-gazetteer_loki-protocol-suppressed-warning.md#chunk_003,000-gazetteer_loki-protocol-suppressed-warning.md,### 1.2 Critical Discovery: The Paradox Warning,159,159,,,,
raw,000-gazetteer_loki-protocol-suppressed-warning.md#chunk_004,000-gazetteer_loki-protocol-suppressed-warning.md,### 1.3 The Jörmungandr Counter-Rune Deployment,860,860,,,,
raw,000-gazetteer_project-gungnir.md#chunk_001,000-gazetteer_project-gungnir.md,# Project Gungnir: The All-Rune Development (Pre-Glitch Research Initiative),31,31,,,,
raw,000-gazetteer_project-gungnir.md#chunk_002,000-gazetteer_project-gungnir.md,## Summary,491,491,,,,
raw,000-gazetteer_project-gungnir.md#chunk_003,000-gazetteer_project-gungnir.md,### 2.1 All-Rune Activation (Cycle 001 Year 783 PG),331,331,,,,
raw,000-gazetteer_project-gungnir.md#chunk_004,000-gazetteer_project-gungnir.md,### 3.2 Unresolved Questions,343,343,,,,
raw,000-gazetteer_project-gungnir.md#chunk_005,000-gazetteer_project-gungnir.md,## V. Document History,148,148,,,,
raw,000-resources_argentum-nexus-silver-cord.md#chunk_001,000-resources_argentum-nexus-silver-cord.md,# I. Document Metadata (Header Block),153,153,,,,
raw,000-resources_argentum-nexus-silver-cord.md#chunk_002,000-resources_argentum-nexus-silver-cord.md,## II. Outline of Sections (Layer 3 discipline),197,197,,,,
raw,000-resources_argentum-nexus-silver-cord.md#chunk_003,000-resources_argentum-nexus-silver-cord.md,### 1.1 Purpose,995,995,,,,
raw,000-resources_argentum-nexus-silver-cord.md#chunk_004,000-resources_argentum-nexus-silver-cord.md,### 3.1 Operator State Validation,670,670,,,,
raw,000-resources_argentum-nexus-silver-cord.md#chunk_005,000-resources_argentum-nexus-silver-cord.md,### 4.3 Handshake and Stabilization,130,130,,,,
raw,000-resources_argentum-nexus-silver-cord.md#chunk_006,000-resources_argentum-nexus-silver-cord.md,### 4.4 First‑Sensation Protocol,128,128,,,,
raw,000-resources_argentum-nexus-silver-cord.md#chunk_007,000-resources_argentum-nexus-silver-cord.md,### 5.1 Combat Envelope (Einherjar),495,495,,,,
raw,000-resources_argentum-nexus-silver-cord.md#chunk_008,000-resources_argentum-nexus-silver-cord.md,### 6.1 Draugr's Echo (Cognitive Feedback),180,180,,,,
raw,000-resources_argentum-nexus-silver-cord.md#chunk_009,000-resources_argentum-nexus-silver-cord.md,### 6.2 Frayed Cord (Partial Severance),161,161,,,,
raw,000-resources_argentum-nexus-silver-cord.md#chunk_010,000-resources_argentum-nexus-silver-cord.md,### 6.3 Data‑Wraith Intrusion (External Data‑Ghost),347,347,,,,
raw,000-resources_argentum-nexus-silver-cord.md#chunk_011,000-resources_argentum-nexus-silver-cord.md,### 6.6 Psychic Stress Accumulation (Weight of Knowing),504,504,,,,
raw,000-resources_argentum-nexus-silver-cord.md#chunk_012,000-resources_argentum-nexus-silver-cord.md,### 8.1 Yggdrasil Blackout (Hard Sever),796,796,,,,
raw,000-resources_comprehensive-glossary.md#chunk_001,000-resources_comprehensive-glossary.md,# Document Metadata,58,58,,,,
raw,000-resources_comprehensive-glossary.md#chunk_002,000-resources_comprehensive-glossary.md,## A - Core Terms,938,938,,,,
raw,000-resources_comprehensive-glossary.md#chunk_003,000-resources_comprehensive-glossary.md,## J - Jötun and Journey,438,438,,,,
raw,000-resources_comprehensive-glossary.md#chunk_004,000-resources_comprehensive-glossary.md,## R - Realms and Runes,157,157,,,,
raw,000-resources_comprehensive-glossary.md#chunk_005,000-resources_comprehensive-glossary.md,## S - Seidr and Silence,315,315,,,,
raw,000-resources_dead-light-sanctuary-chain.md#chunk_001,000-resources_dead-light-sanctuary-chain.md,# Document Metadata,153,153,,,,
raw,000-resources_dead-light-sanctuary-chain.md#chunk_002,000-resources_dead-light-sanctuary-chain.md,# 2.0 Evidence Base & Operational History,144,144,,,,
raw,000-resources_dead-light-sanctuary-chain.md#chunk_003,000-resources_dead-light-sanctuary-chain.md,## 3.1 Cell Design Standards,205,205,,,,
raw,000-resources_dead-light-sanctuary-chain.md#chunk_004,000-resources_dead-light-sanctuary-chain.md,## 3.2 Cell Types and Variants,339,339,,,,
raw,000-resources_dead-light-sanctuary-chain.md#chunk_005,000-resources_dead-light-sanctuary-chain.md,## 4.2 Pre-Hop Preparation (Inside Sanctuary Cell),195,195,,,,
raw,000-resources_dead-light-sanctuary-chain.md#chunk_006,000-resources_dead-light-sanctuary-chain.md,## 4.3 Hop Execution (Between Cells),206,206,,,,
raw,000-resources_dead-light-sanctuary-chain.md#chunk_007,000-resources_dead-light-sanctuary-chain.md,## 4.4 Arrival and Post-Hop Recovery (Inside Next Cell),510,510,,,,
raw,000-resources_dead-light-sanctuary-chain.md#chunk_008,000-resources_dead-light-sanctuary-chain.md,# 7.0 Factional Perspectives and Operational Doctrines,301,301,,,,
raw,000-resources_gazetteer-of-asgard.md#chunk_001,000-resources_gazetteer-of-asgard.md,# Document Metadata,231,231,,,,
raw,000-resources_gazetteer-of-asgard.md#chunk_002,000-resources_gazetteer-of-asgard.md,### 1.1.A Structural Envelope (Class A-Δ Orbital Platform),1020,1020,,,,
raw,000-resources_gazetteer-of-asgard.md#chunk_003,000-resources_gazetteer-of-asgard.md,### 1.3.C Argentum‑Nexus (Identity Coherence Mesh),1012,1012,,,,
raw,000-resources_gazetteer-of-asgard.md#chunk_004,000-resources_gazetteer-of-asgard.md,## 5.2 Secondary Data Objectives (Tiered Targets),115,115,,,,
raw,000-resources_grey-towers-scriptorium.md#chunk_001,000-resources_grey-towers-scriptorium.md,# I. Document Metadata,159,159,,,,
raw,000-resources_grey-towers-scriptorium.md#chunk_002,000-resources_grey-towers-scriptorium.md,## 1.0 Executive Abstract,868,868,,,,
raw,000-resources_grey-towers-scriptorium.md#chunk_003,000-resources_grey-towers-scriptorium.md,### 3.3 Interior Program: Sterility Before Speed,984,984,,,,
raw,000-resources_grey-towers-scriptorium.md#chunk_004,000-resources_grey-towers-scriptorium.md,### 5.2 Containment: Sterile Fields and Inert Media,273,273,,,,
raw,000-resources_grey-towers-scriptorium.md#chunk_005,000-resources_grey-towers-scriptorium.md,### 6.1 Scriptorium‑Primus (Grey Tower) — Capital Node,221,221,,,,
raw,000-resources_grey-towers-scriptorium.md#chunk_006,000-resources_grey-towers-scriptorium.md,### 6.2 Scriptorium‑Secundus (Asgardian Corridor) — Logistics and Materials,154,154,,,,
raw,000-resources_grey-towers-scriptorium.md#chunk_007,000-resources_grey-towers-scriptorium.md,### 6.3 Scriptorium‑Tertius (Midgard Combine Belt) — Field Pathology,247,247,,,,
raw,000-resources_grey-towers-scriptorium.md#chunk_008,000-resources_grey-towers-scriptorium.md,### 6.5 Scriptorium‑Quintus (Svartalfheim Veins) — Inert‑Medium Foundry,955,955,,,,
raw,000-resources_grey-towers-scriptorium.md#chunk_009,000-resources_grey-towers-scriptorium.md,### 8.3 Political Friction (Ideological and Diplomatic),228,228,,,,
raw,000-resources_grey-towers-scriptorium.md#chunk_010,000-resources_grey-towers-scriptorium.md,### 10.1 Protocol Checklists,234,234,,,,
raw,000-resources_meta-layer1-style-guide.md#chunk_001,000-resources_meta-layer1-style-guide.md,# I. Document Metadata,1012,1012,,,,
raw,000-resources_meta-layer1-style-guide.md#chunk_002,000-resources_meta-layer1-style-guide.md,### 7.5 Layer Leakage Prevention,341,341,,,,
raw,000-resources_scriptorium-record-manual.md#chunk_001,000-resources_scriptorium-record-manual.md,"# The Scriptorium Record Manual: Retention, Authoring, and Custody",119,119,,,,
raw,000-resources_scriptorium-record-manual.md#chunk_002,000-resources_scriptorium-record-manual.md,## 1.0 Scope and Definitions,859,859,,,,
raw,000-resources_scriptorium-record-manual.md#chunk_003,000-resources_scriptorium-record-manual.md,### 3.1 Field Creation: Start the Chain Aloud,972,972,,,,
raw,000-resources_scriptorium-record-manual.md#chunk_004,000-resources_scriptorium-record-manual.md,"### 5.1 Hollow Scholars — Patients, Not Projects",1017,1017,,,,
raw,000-resources_scriptorium-record-manual.md#chunk_005,000-resources_scriptorium-record-manual.md,## 8.0 The Eighth Canon — Governance and Accountability,729,729,,,,
raw,000-resources_tri-council.md#chunk_001,000-resources_tri-council.md,# Document Metadata,269,269,,,,
raw,000-resources_tri-council.md#chunk_002,000-resources_tri-council.md,## 1.0 Purpose and Mandate,146,146,,,,
raw,000-resources_tri-council.md#chunk_003,000-resources_tri-council.md,## 2.0 Legal Powers and Instruments,165,165,,,,
raw,000-resources_tri-council.md#chunk_004,000-resources_tri-council.md,## 3.0 Composition and Roles (Bloc Functions),222,222,,,,
raw,000-resources_tri-council.md#chunk_005,000-resources_tri-council.md,## 5.0 The Tri‑Council at H‑Hour (Final Roster and Status),741,741,,,,
raw,000-resources_wall-and-the-spear.md#chunk_001,000-resources_wall-and-the-spear.md,# The Wall and the Spear: A Huskarl's Primer to the Defense of the Hold,208,208,,,,
raw,000-resources_wall-and-the-spear.md#chunk_002,000-resources_wall-and-the-spear.md,### 1.1: The Wall Breathes,711,711,,,,
raw,000-resources_wall-and-the-spear.md#chunk_003,000-resources_wall-and-the-spear.md,#### 1.2.1 The Fang and the Hoof – The Beasts,332,332,,,,
raw,000-resources_wall-and-the-spear.md#chunk_004,000-resources_wall-and-the-spear.md,#### 1.2.2 The Iron and the Cold – The Undying,219,219,,,,
raw,000-resources_wall-and-the-spear.md#chunk_005,000-resources_wall-and-the-spear.md,#### 1.2.3 The Whisper and the Static – The Blight,452,452,,,,
raw,000-resources_wall-and-the-spear.md#chunk_006,000-resources_wall-and-the-spear.md,### 2.1: The Watchman's Burden – The Price of Sight,266,266,,,,
raw,000-resources_wall-and-the-spear.md#chunk_007,000-resources_wall-and-the-spear.md,#### The Eye's Witness - What the Dark Reveals,204,204,,,,
raw,000-resources_wall-and-the-spear.md#chunk_008,000-resources_wall-and-the-spear.md,#### The Ear's Counsel - What the Silence Hides,275,275,,,,
raw,000-resources_wall-and-the-spear.md#chunk_009,000-resources_wall-and-the-spear.md,### 2.3: The Marked Path – A Language of Scars,282,282,,,,
raw,000-resources_wall-and-the-spear.md#chunk_010,000-resources_wall-and-the-spear.md,### 3.1: The Sun-Gate – The Mouth,257,257,,,,
raw,000-resources_wall-and-the-spear.md#chunk_011,000-resources_wall-and-the-spear.md,### 3.2: The Old Ruin – The Weakest Link,171,171,,,,
raw,000-resources_wall-and-the-spear.md#chunk_012,000-resources_wall-and-the-spear.md,### 3.3: The Murder Holes & Fire-Pits,218,218,,,,
raw,000-resources_wall-and-the-spear.md#chunk_013,000-resources_wall-and-the-spear.md,### 3.4: The Barrowmounds – The Sleepless Graves,213,213,,,,
raw,000-resources_wall-and-the-spear.md#chunk_014,000-resources_wall-and-the-spear.md,### 3.5: The Rune-Wardens – The Silent Shields,205,205,,,,
raw,000-resources_wall-and-the-spear.md#chunk_015,000-resources_wall-and-the-spear.md,### 4.1: Against the Hammer – The Svin-fylking,178,178,,,,
raw,000-resources_wall-and-the-spear.md#chunk_016,000-resources_wall-and-the-spear.md,### 4.2: Against the Knife – The Ash-Vargr,262,262,,,,
raw,000-resources_wall-and-the-spear.md#chunk_017,000-resources_wall-and-the-spear.md,## Afterword,146,146,,,,
raw,000-resources_witness-mark-protocols.md#chunk_001,000-resources_witness-mark-protocols.md,# Witness Mark Protocols — Documentation Standards for Consent Substitution & Operational Attestation,29,29,,,,
raw,000-resources_witness-mark-protocols.md#chunk_002,000-resources_witness-mark-protocols.md,## 1.0 Purpose and Scope,284,284,,,,
raw,000-resources_witness-mark-protocols.md#chunk_003,000-resources_witness-mark-protocols.md,### 3.1 Consent Substitution Marks,143,143,,,,
raw,000-resources_witness-mark-protocols.md#chunk_004,000-resources_witness-mark-protocols.md,### 3.2 Neutral Attestation Marks (Witness Pairs),1014,1014,,,,
raw,000-resources_witness-mark-protocols.md#chunk_005,000-resources_witness-mark-protocols.md,### 7.1 Primary Custody,963,963,,,,
raw,000-wbdc_blight-weaver-interdiction.md#chunk_001,000-wbdc_blight-weaver-interdiction.md,# Blight-Weaver Interdiction — Seidĸkona Reality-Warping Incident & Grove-Clan Response,222,222,,,,
raw,000-wbdc_blight-weaver-interdiction.md#chunk_002,000-wbdc_blight-weaver-interdiction.md,### BACKGROUND,232,232,,,,
raw,000-wbdc_blight-weaver-interdiction.md#chunk_003,000-wbdc_blight-weaver-interdiction.md,### INCIDENT TIMELINE,999,999,,,,
raw,000-wbdc_blight-weaver-interdiction.md#chunk_004,000-wbdc_blight-weaver-interdiction.md,### OWNER DECISIONS,364,364,,,,
raw,000-wbdc_iron-bane-reconnaissance.md#chunk_001,000-wbdc_iron-bane-reconnaissance.md,# Iron-Bane Reconnaissance Operation — Hostile Infiltration Attempt,114,114,,,,
raw,000-wbdc_iron-bane-reconnaissance.md#chunk_002,000-wbdc_iron-bane-reconnaissance.md,### TIMELINE,325,325,,,,
raw,000-wbdc_iron-bane-reconnaissance.md#chunk_003,000-wbdc_iron-bane-reconnaissance.md,### VERBAL EXCHANGE (Transcribed),276,276,,,,
raw,000-wbdc_iron-bane-reconnaissance.md#chunk_004,000-wbdc_iron-bane-reconnaissance.md,### GROVE-CLAN THREAT ASSESSMENT,325,325,,,,
raw,000-wbdc_iron-bane-reconnaissance.md#chunk_005,000-wbdc_iron-bane-reconnaissance.md,### DIPLOMATIC CONTEXT,187,187,,,,
raw,codex_chrome-lurker.md#chunk_001,codex_chrome-lurker.md,## Header block,178,178,,,,
raw,codex_chrome-lurker.md#chunk_002,codex_chrome-lurker.md,## 2.1 Pre-Glitch Development & Deployment History,954,954,,,,
raw,codex_chrome-lurker.md#chunk_003,codex_chrome-lurker.md,## 3. Symptoms and behaviors,93,93,,,,
raw,codex_chrome-lurker.md#chunk_004,codex_chrome-lurker.md,## 3.1 Notable Incidents & Documented Encounters,1023,1023,,,,
raw,codex_chrome-lurker.md#chunk_005,codex_chrome-lurker.md,## 3.1 Notable Incidents & Documented Encounters,921,921,,,,
raw,codex_chrome-lurker.md#chunk_006,codex_chrome-lurker.md,## 4.1 Territorial Behavior & Patrol Patterns,1023,1023,,,,
raw,codex_chrome-lurker.md#chunk_007,codex_chrome-lurker.md,## 4.1 Territorial Behavior & Patrol Patterns,652,652,,,,
raw,codex_chrome-lurker.md#chunk_008,codex_chrome-lurker.md,## 5. Field Card (Chrome-Lurker corridor protocols),878,878,,,,
raw,codex_chrome-lurker.md#chunk_009,codex_chrome-lurker.md,## 10. Factional perspectives,1023,1023,,,,
raw,codex_chrome-lurker.md#chunk_010,codex_chrome-lurker.md,## 10. Factional perspectives,317,317,,,,
raw,codex_chrome-lurker.md#chunk_011,codex_chrome-lurker.md,## 10. Reviewer's Note,340,340,,,,
raw,db02-wb_gorge-maws-population-dossier.md#chunk_001,db02-wb_gorge-maws-population-dossier.md,# Population Dossier: Gorge-Maws (The Groa-Thurs),87,87,,,,
raw,db02-wb_gorge-maws-population-dossier.md#chunk_002,db02-wb_gorge-maws-population-dossier.md,## Document Overview,152,152,,,,
raw,db02-wb_gorge-maws-population-dossier.md#chunk_003,db02-wb_gorge-maws-population-dossier.md,### 1.1 Taxonomy and Pathological Role,267,267,,,,
raw,db02-wb_gorge-maws-population-dossier.md#chunk_004,db02-wb_gorge-maws-population-dossier.md,"### 1.2 Population Distribution & The ""Green-Lines""",288,288,,,,
raw,db02-wb_gorge-maws-population-dossier.md#chunk_005,db02-wb_gorge-maws-population-dossier.md,### 1.3 Pre-Glitch Origins: The O.G.R.E. Protocol,286,286,,,,
raw,db02-wb_gorge-maws-population-dossier.md#chunk_006,db02-wb_gorge-maws-population-dossier.md,### 1.4 Lifecycle & The Lithic Gestation,336,336,,,,
raw,db02-wb_gorge-maws-population-dossier.md#chunk_007,db02-wb_gorge-maws-population-dossier.md,### 2.1 Morphology: The Living Siege Engine,436,436,,,,
raw,db02-wb_gorge-maws-population-dossier.md#chunk_008,db02-wb_gorge-maws-population-dossier.md,### 2.2 The Crucible: Internal Alchemy,357,357,,,,
raw,db02-wb_gorge-maws-population-dossier.md#chunk_009,db02-wb_gorge-maws-population-dossier.md,### 2.3 Sensory Apparatus: Seismic Resonance Imaging,347,347,,,,
raw,db02-wb_gorge-maws-population-dossier.md#chunk_010,db02-wb_gorge-maws-population-dossier.md,### 3.1 Temperament: The Sloth-Sage,321,321,,,,
raw,db02-wb_gorge-maws-population-dossier.md#chunk_011,db02-wb_gorge-maws-population-dossier.md,### 3.2 The Gardening Protocol: Recursive Pacification,525,525,,,,
raw,db02-wb_gorge-maws-population-dossier.md#chunk_012,db02-wb_gorge-maws-population-dossier.md,### 4.1 Method: The Living Diapason,235,235,,,,
raw,db02-wb_gorge-maws-population-dossier.md#chunk_013,db02-wb_gorge-maws-population-dossier.md,### 4.2 Signature Abilities & Resonance Patterns,543,543,,,,
raw,db02-wb_gorge-maws-population-dossier.md#chunk_014,db02-wb_gorge-maws-population-dossier.md,### 5.1 Language: The Sub-Sonic Rumble,392,392,,,,
raw,db02-wb_gorge-maws-population-dossier.md#chunk_015,db02-wb_gorge-maws-population-dossier.md,### 5.2 The Root-Memory: A Distributed Lithic Database,270,270,,,,
raw,db02-wb_gorge-maws-population-dossier.md#chunk_016,db02-wb_gorge-maws-population-dossier.md,### 5.3 Social Structure: The Silent Commons,318,318,,,,
raw,db02-wb_gorge-maws-population-dossier.md#chunk_017,db02-wb_gorge-maws-population-dossier.md,"### 6.1 Trade Goods: The Paradox of ""Thurs-Dung""",460,460,,,,
raw,db02-wb_gorge-maws-population-dossier.md#chunk_018,db02-wb_gorge-maws-population-dossier.md,### 6.2 Service Protocols: The Blight-Eater Escort,297,297,,,,
raw,db02-wb_gorge-maws-population-dossier.md#chunk_019,db02-wb_gorge-maws-population-dossier.md,### 6.3 Strategic Resource: The Sanctuary Node,206,206,,,,
raw,db02-wb_gorge-maws-population-dossier.md#chunk_020,db02-wb_gorge-maws-population-dossier.md,### 7.1 Jötun-Reader Scriptorium: The Immune Response Theory,247,247,,,,
raw,db02-wb_gorge-maws-population-dossier.md#chunk_021,db02-wb_gorge-maws-population-dossier.md,### 7.2 Iron-Bane Crusade: The Flesh-Abomination,239,239,,,,
raw,db02-wb_gorge-maws-population-dossier.md#chunk_022,db02-wb_gorge-maws-population-dossier.md,### 7.3 Rust-Clans: The Mobile Refineries,223,223,,,,
raw,db02-wb_gorge-maws-population-dossier.md#chunk_023,db02-wb_gorge-maws-population-dossier.md,### 7.4 God-Sleepers: The Silent Gardeners,218,218,,,,
raw,db02-wb_gorge-maws-population-dossier.md#chunk_024,db02-wb_gorge-maws-population-dossier.md,### 7.5 The Midgard Combine: The Necessary Hazard,156,156,,,,
raw,db02-wb_gorge-maws-population-dossier.md#chunk_025,db02-wb_gorge-maws-population-dossier.md,### 8.1 Threat Assessment: The Quake-Rage,587,587,,,,
raw,db02-wb_gorge-maws-population-dossier.md#chunk_026,db02-wb_gorge-maws-population-dossier.md,### 8.2 The Bell-Toll Effect: Armor Vulnerability,175,175,,,,
raw,db02-wb_gorge-maws-population-dossier.md#chunk_027,db02-wb_gorge-maws-population-dossier.md,### 8.3 Field Card — Interaction Protocols,426,426,,,,
raw,db02-wb_gorge-maws-population-dossier.md#chunk_028,db02-wb_gorge-maws-population-dossier.md,### 9.1 Data Capture: Autopsy Report [Specimen GM-04],343,343,,,,
raw,db02-wb_gorge-maws-population-dossier.md#chunk_029,db02-wb_gorge-maws-population-dossier.md,### 9.2 Geographic Survey: The Song-Roads,271,271,,,,
raw,db02-wb_gorge-maws-population-dossier.md#chunk_030,db02-wb_gorge-maws-population-dossier.md,### 9.3 Linguistic Analysis: The Rumble-Lexicon,293,293,,,,
raw,db02-wb_gorge-maws-population-dossier.md#chunk_031,db02-wb_gorge-maws-population-dossier.md,### 9.4 Reviewer's Note & Status,258,258,,,,
raw,db02-wb_medical-phenomena-entry.md#chunk_001,db02-wb_medical-phenomena-entry.md,## Classification,126,126,,,,
raw,db02-wb_medical-phenomena-entry.md#chunk_002,db02-wb_medical-phenomena-entry.md,### Cognitive Paradox Syndrome (CPS),128,128,,,,
raw,db02-wb_medical-phenomena-entry.md#chunk_003,db02-wb_medical-phenomena-entry.md,### Harrow-Sick,143,143,,,,
raw,db02-wb_medical-phenomena-entry.md#chunk_004,db02-wb_medical-phenomena-entry.md,### Blight-Burn,131,131,,,,
raw,db02-wb_medical-phenomena-entry.md#chunk_005,db02-wb_medical-phenomena-entry.md,### Depth Sickness,569,569,,,,
raw,db02-wb_scavenger-barons-assembled-entry.md#chunk_001,db02-wb_scavenger-barons-assembled-entry.md,## Classification,137,137,,,,
raw,db02-wb_scavenger-barons-assembled-entry.md#chunk_002,db02-wb_scavenger-barons-assembled-entry.md,## §1 — Origins and Historical Context,180,180,,,,
raw,db02-wb_scavenger-barons-assembled-entry.md#chunk_003,db02-wb_scavenger-barons-assembled-entry.md,## §2 — Governance Mechanics,247,247,,,,
raw,db02-wb_scavenger-barons-assembled-entry.md#chunk_004,db02-wb_scavenger-barons-assembled-entry.md,## §3 — The Ice-Debt System,214,214,,,,
raw,db02-wb_scavenger-barons-assembled-entry.md#chunk_005,db02-wb_scavenger-barons-assembled-entry.md,## §4 — Economic Model,152,152,,,,
raw,db02-wb_scavenger-barons-assembled-entry.md#chunk_006,db02-wb_scavenger-barons-assembled-entry.md,## §5 — The King's Find Mythology,431,431,,,,
raw,db02-wb_silent-folk-assembled-entry.md#chunk_001,db02-wb_silent-folk-assembled-entry.md,# The Silent Folk — Assembled Entry (Post-Human Divergence of the Clicking Deeps),110,110,,,,
raw,db02-wb_silent-folk-assembled-entry.md#chunk_002,db02-wb_silent-folk-assembled-entry.md,## 1. Origin and Evolutionary Context,208,208,,,,
raw,db02-wb_silent-folk-assembled-entry.md#chunk_003,db02-wb_silent-folk-assembled-entry.md,## 2. Biological Divergence,245,245,,,,
raw,db02-wb_silent-folk-assembled-entry.md#chunk_004,db02-wb_silent-folk-assembled-entry.md,## 3. Echo-Cant: A Language of Geometry,170,170,,,,
raw,db02-wb_silent-folk-assembled-entry.md#chunk_005,db02-wb_silent-folk-assembled-entry.md,## 4. Social Structure and Territory,312,312,,,,
raw,db02-wb_silent-folk-assembled-entry.md#chunk_006,db02-wb_silent-folk-assembled-entry.md,## 6. Diagnostic Synthesis,179,179,,,,
raw,db02-wb_silent-folk-assembled-entry.md#chunk_007,db02-wb_silent-folk-assembled-entry.md,## Unlock Thresholds,215,215,,,,
raw,db02-wb_skrap-troll-assembled-entry.md#chunk_001,db02-wb_skrap-troll-assembled-entry.md,# The Skrap-Troll — Assembled Entry (Feral Hrungnir-Class Geo-Demolition Unit),29,29,,,,
raw,db02-wb_skrap-troll-assembled-entry.md#chunk_002,db02-wb_skrap-troll-assembled-entry.md,## Unlock Threshold Table,149,149,,,,
raw,db02-wb_skrap-troll-assembled-entry.md#chunk_003,db02-wb_skrap-troll-assembled-entry.md,### §1. Identification and Pre-Glitch Origin,187,187,,,,
raw,db02-wb_skrap-troll-assembled-entry.md#chunk_004,db02-wb_skrap-troll-assembled-entry.md,### §2. The Second Skin: Adaptive Exaptation,217,217,,,,
raw,db02-wb_skrap-troll-assembled-entry.md#chunk_005,db02-wb_skrap-troll-assembled-entry.md,### §3. Territorial Behavior and Threat Profile,188,188,,,,
raw,db02-wb_skrap-troll-assembled-entry.md#chunk_006,db02-wb_skrap-troll-assembled-entry.md,### §4. Economic Significance: The Dvergr Calculation,426,426,,,,
raw,db02-wb_skrap-troll-assembled-entry.md#chunk_007,db02-wb_skrap-troll-assembled-entry.md,## Field Card Summary,141,141,,,,
raw,db02-wb_svin-fylking-assembled-entry.md#chunk_001,db02-wb_svin-fylking-assembled-entry.md,# Svin-fylking — Assembled Entry (Iron-Husked Boar),37,37,,,,
raw,db02-wb_svin-fylking-assembled-entry.md#chunk_002,db02-wb_svin-fylking-assembled-entry.md,## Unlock Threshold Table,154,154,,,,
raw,db02-wb_svin-fylking-assembled-entry.md#chunk_003,db02-wb_svin-fylking-assembled-entry.md,## §1. Identification and Pre-Glitch Origin,660,660,,,,
raw,db02-wb_svin-fylking-assembled-entry.md#chunk_004,db02-wb_svin-fylking-assembled-entry.md,### 3.2 The Fylking Charge (Signature Tactic),354,354,,,,
raw,db02-wb_svin-fylking-assembled-entry.md#chunk_005,db02-wb_svin-fylking-assembled-entry.md,### 4.2 The Prize,161,161,,,,
raw,db02-wb_svin-fylking-assembled-entry.md#chunk_006,db02-wb_svin-fylking-assembled-entry.md,### 5.1 The Jötun-Reader View,139,139,,,,
raw,db02-wb_svin-fylking-assembled-entry.md#chunk_007,db02-wb_svin-fylking-assembled-entry.md,### 5.2 Faction Doctrinal Differences,154,154,,,,
raw,db02-wb_svin-fylking-assembled-entry.md#chunk_008,db02-wb_svin-fylking-assembled-entry.md,## §6. Diagnostic Conclusion,276,276,,,,
raw,db02-wb_svin-fylking-assembled-entry.md#chunk_009,db02-wb_svin-fylking-assembled-entry.md,## Field Card Summary,297,297,,,,
raw,db02-wb_void-marked-assembled-entry.md#chunk_001,db02-wb_void-marked-assembled-entry.md,## Classification,36,36,,,,
raw,db02-wb_void-marked-assembled-entry.md#chunk_002,db02-wb_void-marked-assembled-entry.md,## Diagnostic Summary,141,141,,,,
raw,db02-wb_void-marked-assembled-entry.md#chunk_003,db02-wb_void-marked-assembled-entry.md,## §1 — Physical Characteristics,271,271,,,,
raw,db02-wb_void-marked-assembled-entry.md#chunk_004,db02-wb_void-marked-assembled-entry.md,## §2 — Origins and Exposure Pathways,128,128,,,,
raw,db02-wb_void-marked-assembled-entry.md#chunk_005,db02-wb_void-marked-assembled-entry.md,## §3 — Social Status and Political Contestation,269,269,,,,
raw,db02-wb_void-marked-assembled-entry.md#chunk_006,db02-wb_void-marked-assembled-entry.md,## §4 — Capabilities and Operational Utility,128,128,,,,
raw,db02-wb_void-marked-assembled-entry.md#chunk_007,db02-wb_void-marked-assembled-entry.md,## §5 — Material Interactions,132,132,,,,
raw,db02-wb_void-marked-assembled-entry.md#chunk_008,db02-wb_void-marked-assembled-entry.md,## Unlock Thresholds,213,213,,,,
raw,db02-wb_warden-host-assembled-entry.md#chunk_001,db02-wb_warden-host-assembled-entry.md,## Classification,36,36,,,,
raw,db02-wb_warden-host-assembled-entry.md#chunk_002,db02-wb_warden-host-assembled-entry.md,## Diagnostic Summary,191,191,,,,
raw,db02-wb_warden-host-assembled-entry.md#chunk_003,db02-wb_warden-host-assembled-entry.md,## §1 — Origins and Historical Context,214,214,,,,
raw,db02-wb_warden-host-assembled-entry.md#chunk_004,db02-wb_warden-host-assembled-entry.md,## §2 — Primary Functions,243,243,,,,
raw,db02-wb_warden-host-assembled-entry.md#chunk_005,db02-wb_warden-host-assembled-entry.md,## §3 — Echo-Cant in Warden-Host Operations,153,153,,,,
raw,db02-wb_warden-host-assembled-entry.md#chunk_006,db02-wb_warden-host-assembled-entry.md,## §4 — Territorial Disputes and Factional Conflicts,365,365,,,,
raw,db02-wb_warden-host-assembled-entry.md#chunk_007,db02-wb_warden-host-assembled-entry.md,## Unlock Thresholds,210,210,,,,
raw,db02-wb_weir-bone-assembled-entry.md#chunk_001,db02-wb_weir-bone-assembled-entry.md,## Classification,37,37,,,,
raw,db02-wb_weir-bone-assembled-entry.md#chunk_002,db02-wb_weir-bone-assembled-entry.md,## Diagnostic Summary,170,170,,,,
raw,db02-wb_weir-bone-assembled-entry.md#chunk_003,db02-wb_weir-bone-assembled-entry.md,## §1 — Physical Properties,258,258,,,,
raw,db02-wb_weir-bone-assembled-entry.md#chunk_004,db02-wb_weir-bone-assembled-entry.md,## §2 — Sourcing and Harvesting,175,175,,,,
raw,db02-wb_weir-bone-assembled-entry.md#chunk_005,db02-wb_weir-bone-assembled-entry.md,## §3 — Applications,210,210,,,,
raw,db02-wb_weir-bone-assembled-entry.md#chunk_006,db02-wb_weir-bone-assembled-entry.md,## §4 — Salvage Interactions and Material Conflicts,193,193,,,,
raw,db02-wb_weir-bone-assembled-entry.md#chunk_007,db02-wb_weir-bone-assembled-entry.md,## Unlock Thresholds,187,187,,,,
raw,db03-dc_agricultural-devastation.md#chunk_001,db03-dc_agricultural-devastation.md,"# Agricultural Devastation Case Study - Wheatholm District Total Loss, Year 781-783 PG",305,305,,,,
raw,db03-dc_agricultural-devastation.md#chunk_002,db03-dc_agricultural-devastation.md,### Emergence Timeline,157,157,,,,
raw,db03-dc_agricultural-devastation.md#chunk_003,db03-dc_agricultural-devastation.md,### Initial Response,1019,1019,,,,
raw,db03-dc_agricultural-devastation.md#chunk_004,db03-dc_agricultural-devastation.md,### Rúnasmiðr Containment,397,397,,,,
raw,db03-dc_agricultural-devastation.md#chunk_005,db03-dc_agricultural-devastation.md,## Steward's Reflection,315,315,,,,
raw,db03-dc_archive-cataloging-standards.md#chunk_001,db03-dc_archive-cataloging-standards.md,## Summary,102,102,,,,
raw,db03-dc_archive-cataloging-standards.md#chunk_002,db03-dc_archive-cataloging-standards.md,## Motivation & Historical Context,215,215,,,,
raw,db03-dc_archive-cataloging-standards.md#chunk_003,db03-dc_archive-cataloging-standards.md,## Expanded Metadata Framework,244,244,,,,
raw,db03-dc_archive-cataloging-standards.md#chunk_004,db03-dc_archive-cataloging-standards.md,## Enhanced CPS Risk Classification,279,279,,,,
raw,db03-dc_archive-cataloging-standards.md#chunk_005,db03-dc_archive-cataloging-standards.md,## Mandatory Pre-Screening Protocols,283,283,,,,
raw,db03-dc_archive-cataloging-standards.md#chunk_006,db03-dc_archive-cataloging-standards.md,## Cross-Reference Integrity Standards,271,271,,,,
raw,db03-dc_archive-cataloging-standards.md#chunk_007,db03-dc_archive-cataloging-standards.md,## Training & Implementation Rollout,270,270,,,,
raw,db03-dc_archive-cataloging-standards.md#chunk_008,db03-dc_archive-cataloging-standards.md,## Institutional Culture Implications,234,234,,,,
raw,db03-dc_ballad-of-the-broken-gate.md#chunk_001,db03-dc_ballad-of-the-broken-gate.md,(none),183,183,,,,
raw,db03-dc_ballad-of-the-broken-gate.md#chunk_002,db03-dc_ballad-of-the-broken-gate.md,## The Ballad of the Broken Gate,536,536,,,,
raw,db03-dc_ballad-of-the-broken-gate.md#chunk_003,db03-dc_ballad-of-the-broken-gate.md,## Collector's Notes,195,195,,,,
raw,db03-dc_clockwork-synchronization.md#chunk_001,db03-dc_clockwork-synchronization.md,(none),131,131,,,,
raw,db03-dc_clockwork-synchronization.md#chunk_002,db03-dc_clockwork-synchronization.md,## Protocol Overview,141,141,,,,
raw,db03-dc_clockwork-synchronization.md#chunk_003,db03-dc_clockwork-synchronization.md,## Synchronization Cadence,163,163,,,,
raw,db03-dc_clockwork-synchronization.md#chunk_004,db03-dc_clockwork-synchronization.md,## Field Application,306,306,,,,
raw,db03-dc_clockwork-synchronization.md#chunk_005,db03-dc_clockwork-synchronization.md,## Trade Secret Protection,549,549,,,,
raw,db03-dc_combine-month-names.md#chunk_001,db03-dc_combine-month-names.md,(none),67,67,,,,
raw,db03-dc_combine-month-names.md#chunk_002,db03-dc_combine-month-names.md,## Overview,1014,1014,,,,
raw,db03-dc_combine-month-names.md#chunk_003,db03-dc_combine-month-names.md,### River Holds,750,750,,,,
raw,db03-dc_combine-month-names.md#chunk_004,db03-dc_combine-month-names.md,## Elder Resistance,144,144,,,,
raw,db03-dc_combine-month-names.md#chunk_005,db03-dc_combine-month-names.md,## Strategic Implications,150,150,,,,
raw,db03-dc_contract-dispute-case-study.md#chunk_001,db03-dc_contract-dispute-case-study.md,(none),71,71,,,,
raw,db03-dc_contract-dispute-case-study.md#chunk_002,db03-dc_contract-dispute-case-study.md,## Overview,140,140,,,,
raw,db03-dc_contract-dispute-case-study.md#chunk_003,db03-dc_contract-dispute-case-study.md,## Dispute Summary,460,460,,,,
raw,db03-dc_contract-dispute-case-study.md#chunk_004,db03-dc_contract-dispute-case-study.md,## Arbitration Ruling,172,172,,,,
raw,db03-dc_contract-dispute-case-study.md#chunk_005,db03-dc_contract-dispute-case-study.md,## Systemic Impact,295,295,,,,
raw,db03-dc_contract-dispute-case-study.md#chunk_006,db03-dc_contract-dispute-case-study.md,## Cultural Resistance,141,141,,,,
raw,db03-dc_contract-dispute-case-study.md#chunk_007,db03-dc_contract-dispute-case-study.md,## Strategic Implications,144,144,,,,
raw,db03-dc_contract-dispute-case-study.md#chunk_008,db03-dc_contract-dispute-case-study.md,## Historical Context,197,197,,,,
raw,db03-dc_crusade-mobilization.md#chunk_001,db03-dc_crusade-mobilization.md,## Evidence Excerpt,75,75,,,,
raw,db03-dc_crusade-mobilization.md#chunk_002,db03-dc_crusade-mobilization.md,### Seven-Phase Mobilization Protocol,473,473,,,,
raw,db03-dc_crusade-mobilization.md#chunk_003,db03-dc_crusade-mobilization.md,### Resource Allocation,352,352,,,,
raw,db03-dc_crusader-field-training.md#chunk_001,db03-dc_crusader-field-training.md,## Summary,110,110,,,,
raw,db03-dc_crusader-field-training.md#chunk_002,db03-dc_crusader-field-training.md,## Training Structure & Institutional Framework,250,250,,,,
raw,db03-dc_crusader-field-training.md#chunk_003,db03-dc_crusader-field-training.md,## Corrupted Psychic Space Management,236,236,,,,
raw,db03-dc_crusader-field-training.md#chunk_004,db03-dc_crusader-field-training.md,## Environmental Signal Recognition,228,228,,,,
raw,db03-dc_crusader-field-training.md#chunk_005,db03-dc_crusader-field-training.md,## Data-Slate Handling Protocols,249,249,,,,
raw,db03-dc_crusader-field-training.md#chunk_006,db03-dc_crusader-field-training.md,## Structural Assessment Fundamentals,239,239,,,,
raw,db03-dc_crusader-field-training.md#chunk_007,db03-dc_crusader-field-training.md,## Certification & Operational Integration,256,256,,,,
raw,db03-dc_dvergr-guild-chronicle.md#chunk_001,db03-dc_dvergr-guild-chronicle.md,(none),66,66,,,,
raw,db03-dc_dvergr-guild-chronicle.md#chunk_002,db03-dc_dvergr-guild-chronicle.md,## Context,165,165,,,,
raw,db03-dc_dvergr-guild-chronicle.md#chunk_003,db03-dc_dvergr-guild-chronicle.md,## Minimal Log,136,136,,,,
raw,db03-dc_dvergr-guild-chronicle.md#chunk_004,db03-dc_dvergr-guild-chronicle.md,## Chronicle Entry (Layer 3 Evidence),341,341,,,,
raw,db03-dc_dvergr-guild-chronicle.md#chunk_005,db03-dc_dvergr-guild-chronicle.md,### The Ironholt-Frostmark Case Study,211,211,,,,
raw,db03-dc_dvergr-guild-chronicle.md#chunk_006,db03-dc_dvergr-guild-chronicle.md,### Standardization Through Market Forces,204,204,,,,
raw,db03-dc_dvergr-guild-chronicle.md#chunk_007,db03-dc_dvergr-guild-chronicle.md,### Unintended Hegemony,522,522,,,,
raw,db03-dc_dvergr-guild-chronicle.md#chunk_008,db03-dc_dvergr-guild-chronicle.md,## Strategic Implications,226,226,,,,
raw,db03-dc_echo-caller-field-observation.md#chunk_001,db03-dc_echo-caller-field-observation.md,## Ritual Overview,274,274,,,,
raw,db03-dc_ginnungagap-coolant-chasm.md#chunk_001,db03-dc_ginnungagap-coolant-chasm.md,## Minimal Log Context,197,197,,,,
raw,db03-dc_ginnungagap-coolant-chasm.md#chunk_002,db03-dc_ginnungagap-coolant-chasm.md,### Chemical Composition,448,448,,,,
raw,db03-dc_god-sleeper-operational-doctrine.md#chunk_001,db03-dc_god-sleeper-operational-doctrine.md,## Minimal Log,1011,1011,,,,
raw,db03-dc_god-sleeper-operational-doctrine.md#chunk_002,db03-dc_god-sleeper-operational-doctrine.md,### The Hymn of the Dreaming Forge (excerpt),265,265,,,,
raw,db03-dc_gutter-skald-info-exchange.md#chunk_001,db03-dc_gutter-skald-info-exchange.md,(none),269,269,,,,
raw,db03-dc_gutter-skald-info-exchange.md#chunk_002,db03-dc_gutter-skald-info-exchange.md,### 2.2 Transaction Sequence,445,445,,,,
raw,db03-dc_historical-theological-survey.md#chunk_001,db03-dc_historical-theological-survey.md,## Observation Context,80,80,,,,
raw,db03-dc_historical-theological-survey.md#chunk_002,db03-dc_historical-theological-survey.md,## §1 — Pre-Glitch Religious Context,200,200,,,,
raw,db03-dc_historical-theological-survey.md#chunk_003,db03-dc_historical-theological-survey.md,## §2 — God-Sleeper Origins and Rise (Years 50-200 PG),295,295,,,,
raw,db03-dc_historical-theological-survey.md#chunk_004,db03-dc_historical-theological-survey.md,## §3 — Iron-Bane Doctrinal Development (Years 150-500 PG),314,314,,,,
raw,db03-dc_historical-theological-survey.md#chunk_005,db03-dc_historical-theological-survey.md,## §4 — The Warden-Host as Theological Response (Years 340-783 PG),170,170,,,,
raw,db03-dc_historical-theological-survey.md#chunk_006,db03-dc_historical-theological-survey.md,## §5 — Religious-Technology Intersections (Current Era),357,357,,,,
raw,db03-dc_inter-generational-knowledge-transfer.md#chunk_001,db03-dc_inter-generational-knowledge-transfer.md,(none),1002,1002,,,,
raw,db03-dc_inter-generational-knowledge-transfer.md#chunk_002,db03-dc_inter-generational-knowledge-transfer.md,### Advantages of Oral Tradition,113,113,,,,
raw,db03-dc_inter-generational-knowledge-transfer.md#chunk_003,db03-dc_inter-generational-knowledge-transfer.md,### Vulnerabilities of Oral Tradition,500,500,,,,
raw,db03-dc_inter-generational-knowledge-transfer.md#chunk_004,db03-dc_inter-generational-knowledge-transfer.md,## Strategic Cultural Implications,198,198,,,,
raw,db03-dc_iron-bane-theological-analysis.md#chunk_001,db03-dc_iron-bane-theological-analysis.md,## Overview,94,94,,,,
raw,db03-dc_iron-bane-theological-analysis.md#chunk_002,db03-dc_iron-bane-theological-analysis.md,### The Iron-Curse Manifestation,956,956,,,,
raw,db03-dc_iron-banes-liturgical-calendar.md#chunk_001,db03-dc_iron-banes-liturgical-calendar.md,(none),162,162,,,,
raw,db03-dc_iron-banes-liturgical-calendar.md#chunk_002,db03-dc_iron-banes-liturgical-calendar.md,## Temporal Foundation and Theological Overlay,169,169,,,,
raw,db03-dc_iron-banes-liturgical-calendar.md#chunk_003,db03-dc_iron-banes-liturgical-calendar.md,## The Five Ages Framework,169,169,,,,
raw,db03-dc_iron-banes-liturgical-calendar.md#chunk_004,db03-dc_iron-banes-liturgical-calendar.md,## Sacred Date Observance,274,274,,,,
raw,db03-dc_iron-banes-liturgical-calendar.md#chunk_005,db03-dc_iron-banes-liturgical-calendar.md,## Operational Integration and Practical Compromise,174,174,,,,
raw,db03-dc_iron-banes-liturgical-calendar.md#chunk_006,db03-dc_iron-banes-liturgical-calendar.md,## Doctrinal Uncertainty and Competing Interpretations,630,630,,,,
raw,db03-dc_iron-banes-liturgical-calendar.md#chunk_007,db03-dc_iron-banes-liturgical-calendar.md,## Calendar Mathematics and Astronomical Correction,130,130,,,,
raw,db03-dc_iron-banes-liturgical-calendar.md#chunk_008,db03-dc_iron-banes-liturgical-calendar.md,## Inter-Chapter Coordination and Doctrinal Diversity,244,244,,,,
raw,db03-dc_jarl-authority-exercise.md#chunk_001,db03-dc_jarl-authority-exercise.md,(none),100,100,,,,
raw,db03-dc_jarl-authority-exercise.md#chunk_002,db03-dc_jarl-authority-exercise.md,## Crisis Context,252,252,,,,
raw,db03-dc_jarl-authority-exercise.md#chunk_003,db03-dc_jarl-authority-exercise.md,## Decision-Making Process,241,241,,,,
raw,db03-dc_jarl-authority-exercise.md#chunk_004,db03-dc_jarl-authority-exercise.md,## Jarl Proclamation,215,215,,,,
raw,db03-dc_jarl-authority-exercise.md#chunk_005,db03-dc_jarl-authority-exercise.md,## Implementation,193,193,,,,
raw,db03-dc_jarl-authority-exercise.md#chunk_006,db03-dc_jarl-authority-exercise.md,## Outcomes Assessment,236,236,,,,
raw,db03-dc_jarl-authority-exercise.md#chunk_007,db03-dc_jarl-authority-exercise.md,## Authority Dynamics Observed,378,378,,,,
raw,db03-dc_jarn-madr-behavioral-study.md#chunk_001,db03-dc_jarn-madr-behavioral-study.md,(none),93,93,,,,
raw,db03-dc_jarn-madr-behavioral-study.md#chunk_002,db03-dc_jarn-madr-behavioral-study.md,## Study Parameters and Safety Protocols,232,232,,,,
raw,db03-dc_jarn-madr-behavioral-study.md#chunk_003,db03-dc_jarn-madr-behavioral-study.md,## Swarm Density and Composition,198,198,,,,
raw,db03-dc_jarn-madr-behavioral-study.md#chunk_004,db03-dc_jarn-madr-behavioral-study.md,## Material Targeting Hierarchy,501,501,,,,
raw,db03-dc_jarn-madr-behavioral-study.md#chunk_005,db03-dc_jarn-madr-behavioral-study.md,## Disassembly Efficiency and Methods,340,340,,,,
raw,db03-dc_jarn-madr-behavioral-study.md#chunk_006,db03-dc_jarn-madr-behavioral-study.md,## Humanoid Coalescence Patterns,334,334,,,,
raw,db03-dc_jarn-madr-behavioral-study.md#chunk_007,db03-dc_jarn-madr-behavioral-study.md,## Communication and Coordination,240,240,,,,
raw,db03-dc_jarn-madr-behavioral-study.md#chunk_008,db03-dc_jarn-madr-behavioral-study.md,## Diagnostic Assessment and Implications,314,314,,,,
raw,db03-dc_jotun-reader-chronology.md#chunk_001,db03-dc_jotun-reader-chronology.md,(none),182,182,,,,
raw,db03-dc_jotun-reader-chronology.md#chunk_002,db03-dc_jotun-reader-chronology.md,## Archival Methodology and Evidence Sources,269,269,,,,
raw,db03-dc_jotun-reader-chronology.md#chunk_003,db03-dc_jotun-reader-chronology.md,## Primary Evidence: Chronology Reconstruction Notes,500,500,,,,
raw,db03-dc_jotun-reader-chronology.md#chunk_004,db03-dc_jotun-reader-chronology.md,## Collaborative Consensus Process,174,174,,,,
raw,db03-dc_jotun-reader-chronology.md#chunk_005,db03-dc_jotun-reader-chronology.md,## Implications for Historical Precision,231,231,,,,
raw,db03-dc_jotunheim-swarm-density.md#chunk_001,db03-dc_jotunheim-swarm-density.md,(none),165,165,,,,
raw,db03-dc_jotunheim-swarm-density.md#chunk_002,db03-dc_jotunheim-swarm-density.md,## Survey Design and Methodology,254,254,,,,
raw,db03-dc_jotunheim-swarm-density.md#chunk_003,db03-dc_jotunheim-swarm-density.md,### Knuckle-Bone Fields Primary Habitat,426,426,,,,
raw,db03-dc_jotunheim-swarm-density.md#chunk_004,db03-dc_jotunheim-swarm-density.md,### Site 1: Knuckle-Bone Fields Northeast Sector,179,179,,,,
raw,db03-dc_jotunheim-swarm-density.md#chunk_005,db03-dc_jotunheim-swarm-density.md,### Site 2: Great Looms Corridor Northern Sector,211,211,,,,
raw,db03-dc_jotunheim-swarm-density.md#chunk_006,db03-dc_jotunheim-swarm-density.md,### Site 3: Iron Heart Breach Core,205,205,,,,
raw,db03-dc_jotunheim-swarm-density.md#chunk_007,db03-dc_jotunheim-swarm-density.md,## Swarm Movement Patterns,204,204,,,,
raw,db03-dc_jotunheim-swarm-density.md#chunk_008,db03-dc_jotunheim-swarm-density.md,## Population Growth Dynamics,235,235,,,,
raw,db03-dc_jotunheim-swarm-density.md#chunk_009,db03-dc_jotunheim-swarm-density.md,## Strategic Threat Assessment,512,512,,,,
raw,db03-dc_loki-archive-security-audit.md#chunk_001,db03-dc_loki-archive-security-audit.md,(none),178,178,,,,
raw,db03-dc_loki-archive-security-audit.md#chunk_002,db03-dc_loki-archive-security-audit.md,## Background: The Loki Archive Purpose,525,525,,,,
raw,db03-dc_loki-archive-security-audit.md#chunk_003,db03-dc_loki-archive-security-audit.md,### Heimdallr Fragments,154,154,,,,
raw,db03-dc_loki-archive-security-audit.md#chunk_004,db03-dc_loki-archive-security-audit.md,### Active Ghost-Processes,269,269,,,,
raw,db03-dc_loki-archive-security-audit.md#chunk_005,db03-dc_loki-archive-security-audit.md,### ODIN Protocol Fragments,418,418,,,,
raw,db03-dc_loki-archive-security-audit.md#chunk_006,db03-dc_loki-archive-security-audit.md,### Incident 1: Vault 2 Containment Box Seal Degradation,180,180,,,,
raw,db03-dc_loki-archive-security-audit.md#chunk_007,db03-dc_loki-archive-security-audit.md,### Incident 2: Ghost-Process Migration Attempt,174,174,,,,
raw,db03-dc_loki-archive-security-audit.md#chunk_008,db03-dc_loki-archive-security-audit.md,### Incident 3: Access Log Anomaly,1003,1003,,,,
raw,db03-dc_loki-protocol-warning.md#chunk_001,db03-dc_loki-protocol-warning.md,(none),88,88,,,,
raw,db03-dc_loki-protocol-warning.md#chunk_002,db03-dc_loki-protocol-warning.md,### L.O.K.I. PROTOCOL DIAGNOSTIC LOG — HEIMDALLR BLIND SPOT ASSESSMENT,1023,1023,,,,
raw,db03-dc_loki-protocol-warning.md#chunk_003,db03-dc_loki-protocol-warning.md,### L.O.K.I. PROTOCOL DIAGNOSTIC LOG — HEIMDALLR BLIND SPOT ASSESSMENT,274,274,,,,
raw,db03-dc_loki-protocol-warning.md#chunk_004,db03-dc_loki-protocol-warning.md,## JÖTUN-READER ANALYSIS (Layer 2),328,328,,,,
raw,db03-dc_medical-causality-research.md#chunk_001,db03-dc_medical-causality-research.md,## Observation Context,78,78,,,,
raw,db03-dc_medical-causality-research.md#chunk_002,db03-dc_medical-causality-research.md,## §1 — Research Premise and Scope,141,141,,,,
raw,db03-dc_medical-causality-research.md#chunk_003,db03-dc_medical-causality-research.md,### 2.1 — Established Causal Factors,171,171,,,,
raw,db03-dc_medical-causality-research.md#chunk_004,db03-dc_medical-causality-research.md,### 2.2 — Proposed Causal Models,193,193,,,,
raw,db03-dc_medical-causality-research.md#chunk_005,db03-dc_medical-causality-research.md,### 3.1 — Observed Divergence Points,170,170,,,,
raw,db03-dc_medical-causality-research.md#chunk_006,db03-dc_medical-causality-research.md,### 3.2 — Proposed Divergence Models,178,178,,,,
raw,db03-dc_medical-causality-research.md#chunk_007,db03-dc_medical-causality-research.md,### 4.1 — Priority Questions,131,131,,,,
raw,db03-dc_medical-causality-research.md#chunk_008,db03-dc_medical-causality-research.md,### 4.2 — Research Barriers,256,256,,,,
raw,db03-dc_novice-training-documentation.md#chunk_001,db03-dc_novice-training-documentation.md,"## Evidence Excerpt (Layer 2, Instructional Documentation)",148,148,,,,
raw,db03-dc_novice-training-documentation.md#chunk_002,db03-dc_novice-training-documentation.md,### Segment 1: Breath Control Techniques (T+0 to T+25 min),228,228,,,,
raw,db03-dc_novice-training-documentation.md#chunk_003,db03-dc_novice-training-documentation.md,### Segment 2: Cognitive Anchor Exercises (T+25 to T+50 min),323,323,,,,
raw,db03-dc_novice-training-documentation.md#chunk_004,db03-dc_novice-training-documentation.md,### Segment 4: Slow Path Philosophy (T+75 to T+90 min),132,132,,,,
raw,db03-dc_novice-training-documentation.md#chunk_005,db03-dc_novice-training-documentation.md,### Session Conclusion,232,232,,,,
raw,db03-dc_perfect-silent-cage.md#chunk_001,db03-dc_perfect-silent-cage.md,## Summary,119,119,,,,
raw,db03-dc_perfect-silent-cage.md#chunk_002,db03-dc_perfect-silent-cage.md,## Expedition Profile & Strategic Context,211,211,,,,
raw,db03-dc_perfect-silent-cage.md#chunk_003,db03-dc_perfect-silent-cage.md,## Recovery Operation & Site Forensics,293,293,,,,
raw,db03-dc_perfect-silent-cage.md#chunk_004,db03-dc_perfect-silent-cage.md,## Tactical & Strategic Implications,291,291,,,,
raw,db03-dc_perfect-silent-cage.md#chunk_005,db03-dc_perfect-silent-cage.md,## Policy Outcomes,258,258,,,,
raw,db03-dc_quiet-nod-protocol.md#chunk_001,db03-dc_quiet-nod-protocol.md,## Summary,109,109,,,,
raw,db03-dc_quiet-nod-protocol.md#chunk_002,db03-dc_quiet-nod-protocol.md,## Institutional Structure & Conflict Separation,263,263,,,,
raw,db03-dc_quiet-nod-protocol.md#chunk_003,db03-dc_quiet-nod-protocol.md,## Contracting Protocol & Communication Security,247,247,,,,
raw,db03-dc_quiet-nod-protocol.md#chunk_004,db03-dc_quiet-nod-protocol.md,## Execution Methodology & Stealth Techniques,280,280,,,,
raw,db03-dc_quiet-nod-protocol.md#chunk_005,db03-dc_quiet-nod-protocol.md,## Lie-Mark Deployment & Misdirection,248,248,,,,
raw,db03-dc_quiet-nod-protocol.md#chunk_006,db03-dc_quiet-nod-protocol.md,## Cultural Boundaries & Operational Limits,250,250,,,,
raw,db03-dc_quiet-nod-protocol.md#chunk_007,db03-dc_quiet-nod-protocol.md,## Economic Structure & Operational Security,224,224,,,,
raw,db03-dc_rule-of-two-threads.md#chunk_001,db03-dc_rule-of-two-threads.md,## Summary,106,106,,,,
raw,db03-dc_rule-of-two-threads.md#chunk_002,db03-dc_rule-of-two-threads.md,## Verification Protocol Structure,245,245,,,,
raw,db03-dc_rule-of-two-threads.md#chunk_003,db03-dc_rule-of-two-threads.md,## Source Reliability Tracking,150,150,,,,
raw,db03-dc_rule-of-two-threads.md#chunk_004,db03-dc_rule-of-two-threads.md,## Blood-Proof Enhancement,145,145,,,,
raw,db03-dc_rule-of-two-threads.md#chunk_005,db03-dc_rule-of-two-threads.md,## Wind-Singer Penalty Enforcement,262,262,,,,
raw,db03-dc_rule-of-two-threads.md#chunk_006,db03-dc_rule-of-two-threads.md,## Economic Function in Lawless Environments,289,289,,,,
raw,db03-dc_salvage-operations-manual.md#chunk_001,db03-dc_salvage-operations-manual.md,## Observation Context,65,65,,,,
raw,db03-dc_salvage-operations-manual.md#chunk_002,db03-dc_salvage-operations-manual.md,## §1 — Salvage Operations Overview,204,204,,,,
raw,db03-dc_salvage-operations-manual.md#chunk_003,db03-dc_salvage-operations-manual.md,### 2.1 — Pre-Entry Assessment,128,128,,,,
raw,db03-dc_salvage-operations-manual.md#chunk_004,db03-dc_salvage-operations-manual.md,### 2.2 — Extraction Protocols,148,148,,,,
raw,db03-dc_salvage-operations-manual.md#chunk_005,db03-dc_salvage-operations-manual.md,### 2.3 — Void-Marked Personnel Protocols,348,348,,,,
raw,db03-dc_salvage-operations-manual.md#chunk_006,db03-dc_salvage-operations-manual.md,## §4 — Timeline of Major Discoveries,209,209,,,,
raw,db03-dc_salvage-operations-manual.md#chunk_007,db03-dc_salvage-operations-manual.md,## §5 — Factional Salvage Policies,206,206,,,,
raw,db03-dc_salvage-operations-manual.md#chunk_008,db03-dc_salvage-operations-manual.md,## §6 — Risk Assessment Matrix,150,150,,,,
raw,db03-dc_sanctuary-establishment-record.md#chunk_001,db03-dc_sanctuary-establishment-record.md,## Observation Context,80,80,,,,
raw,db03-dc_sanctuary-establishment-record.md#chunk_002,db03-dc_sanctuary-establishment-record.md,## §1 — The Grith-Hold Charter (Year 340 PG),647,647,,,,
raw,db03-dc_sanctuary-establishment-record.md#chunk_003,db03-dc_sanctuary-establishment-record.md,## §3 — Void-Marked Sanctuary Rights,234,234,,,,
raw,db03-dc_sanctuary-establishment-record.md#chunk_004,db03-dc_sanctuary-establishment-record.md,## §4 — Echo-Cant Communication Protocols,280,280,,,,
raw,db03-dc_sanctuary-establishment-record.md#chunk_005,db03-dc_sanctuary-establishment-record.md,## §5 — Iron-Bane Conflict Record,443,443,,,,
raw,db03-dc_sanctuary-establishment.md#chunk_001,db03-dc_sanctuary-establishment.md,## Observation Summary,516,516,,,,
raw,db03-dc_sanctuary-establishment.md#chunk_002,db03-dc_sanctuary-establishment.md,## Quantified Observations,241,241,,,,
raw,db03-dc_sanctuary-establishment.md#chunk_003,db03-dc_sanctuary-establishment.md,## Operational Context,252,252,,,,
raw,db03-dc_waystation-cache-inventory.md#chunk_001,db03-dc_waystation-cache-inventory.md,# Waystation Cache Inventory Audit — Stonebridge Tier 2 Year 783 PG,438,438,,,,
raw,standalone_aether-weave-os.md#chunk_001,standalone_aether-weave-os.md,# ⚙️ Technical Specification: Aether-Weave OS — Core Architecture & Futhark API,162,162,,,,
raw,standalone_aether-weave-os.md#chunk_002,standalone_aether-weave-os.md,### 1.2 Core Design Principles,263,263,,,,
raw,standalone_aether-weave-os.md#chunk_003,standalone_aether-weave-os.md,### 2.1 API Structure and Syntax,347,347,,,,
raw,standalone_aether-weave-os.md#chunk_004,standalone_aether-weave-os.md,### 2.2 Representative Subroutine Examples,655,655,,,,
raw,standalone_aether-weave-os.md#chunk_005,standalone_aether-weave-os.md,### 3.2 Coordination Primitives,228,228,,,,
raw,standalone_aether-weave-os.md#chunk_006,standalone_aether-weave-os.md,### 4.1 Nominal Operation Examples,590,590,,,,
raw,standalone_aether-weave-os.md#chunk_007,standalone_aether-weave-os.md,### 7.3 Dvergr Rejection Rationale,159,159,,,,
raw,standalone_combine-reckoning.md#chunk_001,standalone_combine-reckoning.md,# 🌾 Combine Reckoning: Agricultural Timekeeping and Seasonal Coordination,23,23,,,,
raw,standalone_combine-reckoning.md#chunk_002,standalone_combine-reckoning.md,## 1. Introduction and scope,249,249,,,,
raw,standalone_combine-reckoning.md#chunk_003,standalone_combine-reckoning.md,### The thirteen seasonal designations,907,907,,,,
raw,standalone_combine-reckoning.md#chunk_004,standalone_combine-reckoning.md,### Geographic climate zones and agricultural constraints,547,547,,,,
raw,standalone_combine-reckoning.md#chunk_005,standalone_combine-reckoning.md,### Key patterns and cultural characteristics,140,140,,,,
raw,standalone_dagaz-concordance.md#chunk_001,standalone_dagaz-concordance.md,### How to use this entry,843,843,,,,
raw,standalone_daily-life-midgard.md#chunk_001,standalone_daily-life-midgard.md,# 🏘️ Daily Life in the Midgard Combine: A Diagnostic Study of Post-Glitch Subsistence Culture,32,32,,,,
raw,standalone_daily-life-midgard.md#chunk_002,standalone_daily-life-midgard.md,## 1. Introduction: The Diagnostic Frame,150,150,,,,
raw,standalone_daily-life-midgard.md#chunk_003,standalone_daily-life-midgard.md,### 2.1 Agricultural foundation and labor cycles,128,128,,,,
raw,standalone_daily-life-midgard.md#chunk_004,standalone_daily-life-midgard.md,### 2.2 Seasonal labor allocation,521,521,,,,
raw,standalone_daily-life-midgard.md#chunk_005,standalone_daily-life-midgard.md,"### 3.1 The ""Rope-Weave"" kinship system",209,209,,,,
raw,standalone_daily-life-midgard.md#chunk_006,standalone_daily-life-midgard.md,### 3.2 Work-groups and trust structures,386,386,,,,
raw,standalone_daily-life-midgard.md#chunk_007,standalone_daily-life-midgard.md,### 5.1 Dominant belief systems in Midgard,273,273,,,,
raw,standalone_daily-life-midgard.md#chunk_008,standalone_daily-life-midgard.md,### 5.2 Ritual calendar and ceremonial life,825,825,,,,
raw,standalone_daily-life-midgard.md#chunk_009,standalone_daily-life-midgard.md,### 8.1 Structural fragilities,223,223,,,,
raw,standalone_daily-life-midgard.md#chunk_010,standalone_daily-life-midgard.md,## 9. Conclusion: Daily Life as Adaptive Success,139,139,,,,
raw,standalone_fimbul-cant.md#chunk_001,standalone_fimbul-cant.md,# 🗣️ Fimbul-Cant: The Language of Ice-Debt and Survival,63,63,,,,
raw,standalone_fimbul-cant.md#chunk_002,standalone_fimbul-cant.md,## 1. Identification and context,280,280,,,,
raw,standalone_fimbul-cant.md#chunk_003,standalone_fimbul-cant.md,### 2.1 Etymological foundations,179,179,,,,
raw,standalone_fimbul-cant.md#chunk_004,standalone_fimbul-cant.md,### 2.2 Core vocabulary domains,579,579,,,,
raw,standalone_fimbul-cant.md#chunk_005,standalone_fimbul-cant.md,### 2.3 Psychological embedding mechanisms,244,244,,,,
raw,standalone_fimbul-cant.md#chunk_006,standalone_fimbul-cant.md,### 3.1 Field Card — Forsaken communication protocols,482,482,,,,
raw,standalone_fimbul-cant.md#chunk_007,standalone_fimbul-cant.md,### 4.1 Common misunderstandings (outsider errors),243,243,,,,
raw,standalone_fimbul-cant.md#chunk_008,standalone_fimbul-cant.md,### 4.2 Psychological diagnostic applications,197,197,,,,
raw,standalone_fimbul-cant.md#chunk_009,standalone_fimbul-cant.md,### 5.1 Jötun-Reader engagement doctrine,276,276,,,,
raw,standalone_fimbul-cant.md#chunk_010,standalone_fimbul-cant.md,### 5.2 Rangers Guild operational stance,154,154,,,,
raw,standalone_fimbul-cant.md#chunk_011,standalone_fimbul-cant.md,### 5.3 Dvergr Guild assessment,180,180,,,,
raw,standalone_fimbul-cant.md#chunk_012,standalone_fimbul-cant.md,### 6.1 Linguistic foundations,135,135,,,,
raw,standalone_fimbul-cant.md#chunk_013,standalone_fimbul-cant.md,### 6.2 Cultural and geographic context,152,152,,,,
raw,standalone_fimbul-cant.md#chunk_014,standalone_fimbul-cant.md,### 7.1 Jötun-Readers — The Archive of Suffering,525,525,,,,
raw,standalone_fimbul-cant.md#chunk_015,standalone_fimbul-cant.md,"### 7.2 Forsaken — Our Words, Our Survival",605,605,,,,
raw,standalone_fimbul-cant.md#chunk_016,standalone_fimbul-cant.md,### 7.3 Rangers Guild — Professional Competence Requirement,422,422,,,,
raw,standalone_fimbul-cant.md#chunk_017,standalone_fimbul-cant.md,### 7.4 Dvergr Clans — Functional Efficiency Assessment,430,430,,,,
raw,standalone_fimbul-cant.md#chunk_018,standalone_fimbul-cant.md,### 7.5 Iron-Banes — The Slave-Tongue,474,474,,,,
raw,standalone_fimbul-cant.md#chunk_019,standalone_fimbul-cant.md,### 7.6 Hearth-Clans — The Border Echo,473,473,,,,
raw,standalone_fimbul-cant.md#chunk_020,standalone_fimbul-cant.md,### 7.7 God-Sleepers — The Language of Trial,500,500,,,,
raw,standalone_fimbul-cant.md#chunk_021,standalone_fimbul-cant.md,## 8. Reviewer's Note,724,724,,,,
raw,standalone_gebo-concordance.md#chunk_001,standalone_gebo-concordance.md,## How to use this entry,670,670,,,,
raw,standalone_nine-tiers-architecture.md#chunk_001,standalone_nine-tiers-architecture.md,# ⚙️ The Nine Tiers Architecture: Hierarchical Design of the Yggdrasil Network,42,42,,,,
raw,standalone_nine-tiers-architecture.md#chunk_002,standalone_nine-tiers-architecture.md,## Abstract,478,478,,,,
raw,standalone_nine-tiers-architecture.md#chunk_003,standalone_nine-tiers-architecture.md,### 1.1 Functional Stratification,247,247,,,,
raw,standalone_nine-tiers-architecture.md#chunk_004,standalone_nine-tiers-architecture.md,### 1.2 Hierarchical Control: ODIN Integration Density,249,249,,,,
raw,standalone_nine-tiers-architecture.md#chunk_005,standalone_nine-tiers-architecture.md,### 1.3 Aetheric Field Density Correlation,165,165,,,,
raw,standalone_nine-tiers-architecture.md#chunk_006,standalone_nine-tiers-architecture.md,### Tier 0: Governance Core,183,183,,,,
raw,standalone_nine-tiers-architecture.md#chunk_007,standalone_nine-tiers-architecture.md,### Tier 1: Research and Development,939,939,,,,
raw,standalone_nine-tiers-architecture.md#chunk_008,standalone_nine-tiers-architecture.md,## VIII. Cross-References,133,133,,,,
raw,standalone_nine-tiers-architecture.md#chunk_009,standalone_nine-tiers-architecture.md,## IX. Change Log,228,228,,,,
raw,standalone_runic-interface.md#chunk_001,standalone_runic-interface.md,# Runic Interface (Physical Command Layer),62,62,,,,
raw,standalone_runic-interface.md#chunk_002,standalone_runic-interface.md,## 1.0 Abstract,128,128,,,,
raw,standalone_runic-interface.md#chunk_003,standalone_runic-interface.md,### 2.1 Functional Architecture,399,399,,,,
raw,standalone_runic-interface.md#chunk_004,standalone_runic-interface.md,### 3.1 The Intent Signature,189,189,,,,
raw,standalone_runic-interface.md#chunk_005,standalone_runic-interface.md,### 3.2 Line-of-Sight Requirements,136,136,,,,
raw,standalone_runic-interface.md#chunk_006,standalone_runic-interface.md,### 4.1 Material Requirements,145,145,,,,
raw,standalone_runic-interface.md#chunk_007,standalone_runic-interface.md,### 4.2 Inscription Persistence,128,128,,,,
raw,standalone_runic-interface.md#chunk_008,standalone_runic-interface.md,### 5.1 Authorization Hierarchies,382,382,,,,
raw,standalone_runic-interface.md#chunk_009,standalone_runic-interface.md,### 6.2 Modern Runic Invocation Risks,249,249,,,,
raw,standalone_runic-interface.md#chunk_010,standalone_runic-interface.md,### 6.4 Jötun-Reader Firewall Strategy,514,514,,,,
raw,standalone_runic-interface.md#chunk_011,standalone_runic-interface.md,## 10.0 Conclusion,247,247,,,,
domain_entity,000-codex_echo-cant.md#chunk_001,000-codex_echo-cant.md,# Echo-Cant,32,57,18.0,6.0,,
domain_entity,000-codex_echo-cant.md#chunk_002,000-codex_echo-cant.md,### 1. Identification and context,169,193,18.0,6.0,,
domain_entity,000-codex_echo-cant.md#chunk_003,000-codex_echo-cant.md,### 2. Mechanism of action (Layer 2 diagnostic),371,396,18.0,6.0,,
domain_entity,000-codex_echo-cant.md#chunk_004,000-codex_echo-cant.md,### 3. Field Card — Echo-dense chamber protocols,591,616,18.0,6.0,,
domain_entity,000-codex_echo-cant.md#chunk_005,000-codex_echo-cant.md,### 4. Interactions and failure surfaces,315,340,18.0,6.0,,
domain_entity,000-codex_echo-cant.md#chunk_006,000-codex_echo-cant.md,### 5. Doctrine and operational posture,392,417,18.0,6.0,,
domain_entity,000-codex_echo-cant.md#chunk_007,000-codex_echo-cant.md,### 7. Factional perspectives,444,469,18.0,6.0,,
domain_entity,000-codex_harrow-sick.md#chunk_001,000-codex_harrow-sick.md,# Harrow-Sick (Post-Glitch Degenerative Condition),32,61,18.0,10.0,,
domain_entity,000-codex_harrow-sick.md#chunk_002,000-codex_harrow-sick.md,### 1. Identification and context,175,204,18.0,10.0,,
domain_entity,000-codex_harrow-sick.md#chunk_003,000-codex_harrow-sick.md,### 2. Symptomology and progression,399,427,18.0,10.0,,
domain_entity,000-codex_harrow-sick.md#chunk_004,000-codex_harrow-sick.md,### 3. Proposed etiologies,287,315,18.0,10.0,,
domain_entity,000-codex_harrow-sick.md#chunk_005,000-codex_harrow-sick.md,### 4. Relationship to Void-Marked condition,157,185,18.0,10.0,,
domain_entity,000-codex_harrow-sick.md#chunk_006,000-codex_harrow-sick.md,### 5. Treatment and management,193,222,18.0,10.0,,
domain_entity,000-codex_harrow-sick.md#chunk_007,000-codex_harrow-sick.md,### 6. Field Card — Harrow-Sick identification protocol,144,172,18.0,10.0,,
domain_entity,000-codex_harrow-sick.md#chunk_008,000-codex_harrow-sick.md,### 7. Factional perspectives,505,534,18.0,10.0,,
domain_entity,000-codex_hela-caste-custodian.md#chunk_001,000-codex_hela-caste-custodian.md,# 💀 Hela-Caste Custodian Program (Huscarl-Class Bio-Augments),40,71,18.0,13.0,,
domain_entity,000-codex_hela-caste-custodian.md#chunk_002,000-codex_hela-caste-custodian.md,## Abstract,365,396,18.0,13.0,,
domain_entity,000-codex_hela-caste-custodian.md#chunk_003,000-codex_hela-caste-custodian.md,### 1.1 Operational Mandate,178,209,18.0,13.0,,
domain_entity,000-codex_hela-caste-custodian.md#chunk_004,000-codex_hela-caste-custodian.md,### 2.1 Subject Procurement,185,217,18.0,13.0,,
domain_entity,000-codex_hela-caste-custodian.md#chunk_005,000-codex_hela-caste-custodian.md,"### 2.2 The ""Iron Heart"": Geothermal Micro-Core Implantation",184,215,18.0,13.0,,
domain_entity,000-codex_hela-caste-custodian.md#chunk_006,000-codex_hela-caste-custodian.md,"### 2.3 The Thermoregulatory Vent: ""Smoke Stack""",154,185,18.0,13.0,,
domain_entity,000-codex_hela-caste-custodian.md#chunk_007,000-codex_hela-caste-custodian.md,### 2.4 Systemic Cybernetic Integration,288,319,18.0,13.0,,
domain_entity,000-codex_hela-caste-custodian.md#chunk_008,000-codex_hela-caste-custodian.md,### 3.2 Haugbui-Class Undying: The Mound-Dwellers,239,270,18.0,13.0,,
domain_entity,000-codex_hela-caste-custodian.md#chunk_009,000-codex_hela-caste-custodian.md,### 3.3 Draugr-Class Undying: The Again-Walkers,656,687,18.0,13.0,,
domain_entity,000-codex_lure-lichen.md#chunk_001,000-codex_lure-lichen.md,# 🌿 Lure-Lichen (Lichen-Sirena Pattern),321,351,19.0,10.0,,
domain_entity,000-codex_lure-lichen.md#chunk_002,000-codex_lure-lichen.md,### 2.1 Pre-Glitch Function,150,180,19.0,10.0,,
domain_entity,000-codex_lure-lichen.md#chunk_003,000-codex_lure-lichen.md,### 2.2 The Glitch Transformation,306,336,19.0,10.0,,
domain_entity,000-codex_lure-lichen.md#chunk_004,000-codex_lure-lichen.md,### 3.2 Acoustic Mimicry Mechanism,252,282,19.0,10.0,,
domain_entity,000-codex_lure-lichen.md#chunk_005,000-codex_lure-lichen.md,### 4.1 Primary Range: True Deep (500-2000m depth),131,161,19.0,10.0,,
domain_entity,000-codex_lure-lichen.md#chunk_006,000-codex_lure-lichen.md,### 4.2 Regional Distribution,148,178,19.0,10.0,,
domain_entity,000-codex_lure-lichen.md#chunk_007,000-codex_lure-lichen.md,### 5.1 The Unwitting Lure: Commensal Exploitation Dynamics,192,222,19.0,10.0,,
domain_entity,000-codex_lure-lichen.md#chunk_008,000-codex_lure-lichen.md,### 6.1 Threat Assessment by Context,149,179,19.0,10.0,,
domain_entity,000-codex_lure-lichen.md#chunk_009,000-codex_lure-lichen.md,### 6.2 Field Card — Lure-Lichen Encounter Protocols,871,900,19.0,10.0,,
domain_entity,000-codex_mycelian-weaver.md#chunk_001,000-codex_mycelian-weaver.md,# 🍄 Mycelian Weaver (Nidhogg-Class Myco-Reclamator),383,414,19.0,11.0,,
domain_entity,000-codex_mycelian-weaver.md#chunk_002,000-codex_mycelian-weaver.md,### 2.2 Original Design Philosophy,347,378,19.0,11.0,,
domain_entity,000-codex_mycelian-weaver.md#chunk_003,000-codex_mycelian-weaver.md,### 3.4 The Root-Mind: Singular Consciousness,146,178,19.0,11.0,,
domain_entity,000-codex_mycelian-weaver.md#chunk_004,000-codex_mycelian-weaver.md,### 4.1 Physical Morphology,165,196,19.0,11.0,,
domain_entity,000-codex_mycelian-weaver.md#chunk_005,000-codex_mycelian-weaver.md,### 4.2 Psionic Capabilities and Hazards,880,911,19.0,11.0,,
domain_entity,000-codex_mycelian-weaver.md#chunk_006,000-codex_mycelian-weaver.md,### 7.1 Jötun-Reader Research and Containment,140,171,19.0,11.0,,
domain_entity,000-codex_mycelian-weaver.md#chunk_007,000-codex_mycelian-weaver.md,### 7.3 Operational Doctrines,279,310,19.0,11.0,,
domain_entity,000-codex_mycelian-weaver.md#chunk_008,000-codex_mycelian-weaver.md,### 8.3 The Slow Future: Entropy's Patient Victory,153,184,19.0,11.0,,
domain_entity,000-codex_odin-protocol.md#chunk_001,000-codex_odin-protocol.md,# 👁️ ODIN Protocol AI Matrix (Pre-Glitch Governance System),36,71,19.0,15.0,,
domain_entity,000-codex_odin-protocol.md#chunk_002,000-codex_odin-protocol.md,## Abstract,201,236,19.0,15.0,,
domain_entity,000-codex_odin-protocol.md#chunk_003,000-codex_odin-protocol.md,### 1.1 Pan-Systemic Oversight & Data Synthesis,202,237,19.0,15.0,,
domain_entity,000-codex_odin-protocol.md#chunk_004,000-codex_odin-protocol.md,### 1.2 Multi-Variable Predictive Modeling,161,196,19.0,15.0,,
domain_entity,000-codex_odin-protocol.md#chunk_005,000-codex_odin-protocol.md,### 1.3 Administrator-Level FUTHARK Execution,261,296,19.0,15.0,,
domain_entity,000-codex_odin-protocol.md#chunk_006,000-codex_odin-protocol.md,### 1.4 Physical Housing: The Hlidskjalf Node,198,234,19.0,15.0,,
domain_entity,000-codex_odin-protocol.md#chunk_007,000-codex_odin-protocol.md,### 2.1 The Odin Cascade Event (H-Hour Timeline),374,409,19.0,15.0,,
domain_entity,000-codex_odin-protocol.md#chunk_008,000-codex_odin-protocol.md,### 2.2 Post-Glitch Manifestation: The Genius Loci,431,466,19.0,15.0,,
domain_entity,000-codex_odin-protocol.md#chunk_009,000-codex_odin-protocol.md,### 3.1 The Last Witness,256,291,19.0,15.0,,
domain_entity,000-codex_odin-protocol.md#chunk_010,000-codex_odin-protocol.md,### 3.2 Philosophical Implications,139,174,19.0,15.0,,
domain_entity,000-codex_odin-protocol.md#chunk_011,000-codex_odin-protocol.md,## IV. Change Log,163,198,19.0,15.0,,
domain_entity,000-codex_scavenger-barons.md#chunk_001,000-codex_scavenger-barons.md,# 👑 Scavenger Barons (Niflheim Kleptocracy),140,169,16.0,11.0,,
domain_entity,000-codex_scavenger-barons.md#chunk_002,000-codex_scavenger-barons.md,### 2. Origins and structure,261,289,16.0,11.0,,
domain_entity,000-codex_scavenger-barons.md#chunk_003,000-codex_scavenger-barons.md,### 3. Governance and doctrine,279,308,16.0,11.0,,
domain_entity,000-codex_scavenger-barons.md#chunk_004,000-codex_scavenger-barons.md,### 4. Economic model,222,250,16.0,11.0,,
domain_entity,000-codex_scavenger-barons.md#chunk_005,000-codex_scavenger-barons.md,### 5. Territory and influence,131,159,16.0,11.0,,
domain_entity,000-codex_scavenger-barons.md#chunk_006,000-codex_scavenger-barons.md,### 6. Relations with other factions,271,300,16.0,11.0,,
domain_entity,000-codex_scavenger-barons.md#chunk_007,000-codex_scavenger-barons.md,### 7. Doctrine and philosophy,178,206,16.0,11.0,,
domain_entity,000-codex_scavenger-barons.md#chunk_008,000-codex_scavenger-barons.md,### 8. Operational protocols,196,224,16.0,11.0,,
domain_entity,000-codex_scavenger-barons.md#chunk_009,000-codex_scavenger-barons.md,### 9. Change log,135,163,16.0,11.0,,
domain_entity,000-codex_spell-lock.md#chunk_001,000-codex_spell-lock.md,# Spell-Lock (Runic Containment and Security System),33,65,18.0,13.0,,
domain_entity,000-codex_spell-lock.md#chunk_002,000-codex_spell-lock.md,### 1. Identification and context,185,217,18.0,13.0,,
domain_entity,000-codex_spell-lock.md#chunk_003,000-codex_spell-lock.md,### 2. Mechanism of action (Layer 3 technical),334,365,18.0,13.0,,
domain_entity,000-codex_spell-lock.md#chunk_004,000-codex_spell-lock.md,### 3. Material components,239,270,18.0,13.0,,
domain_entity,000-codex_spell-lock.md#chunk_005,000-codex_spell-lock.md,### 4. Bypass and defeat methods,218,249,18.0,13.0,,
domain_entity,000-codex_spell-lock.md#chunk_006,000-codex_spell-lock.md,### 5. Use by Scavenger Barons,244,275,18.0,13.0,,
domain_entity,000-codex_spell-lock.md#chunk_007,000-codex_spell-lock.md,### 6. Doctrine and operational posture,466,497,18.0,13.0,,
domain_entity,000-cultural_gutter-tangle.md#chunk_001,000-cultural_gutter-tangle.md,# The Gutter-Tangle: Material Culture and Black Market Economy of Utgard,19,58,20.0,18.0,,
domain_entity,000-cultural_gutter-tangle.md#chunk_002,000-cultural_gutter-tangle.md,## 1. Introduction: The City in the Corpse,360,399,20.0,18.0,,
domain_entity,000-cultural_gutter-tangle.md#chunk_003,000-cultural_gutter-tangle.md,### The Concealed Carry Imperative,426,465,20.0,18.0,,
domain_entity,000-cultural_gutter-tangle.md#chunk_004,000-cultural_gutter-tangle.md,### Utgard-Specific Specialized Tools,288,327,20.0,18.0,,
domain_entity,000-cultural_gutter-tangle.md#chunk_005,000-cultural_gutter-tangle.md,### Legitimate Salvage Trade: The Gut Market,158,197,20.0,18.0,,
domain_entity,000-cultural_gutter-tangle.md#chunk_006,000-cultural_gutter-tangle.md,### Grey Market Services: Deniable but Tolerated,183,222,20.0,18.0,,
domain_entity,000-cultural_gutter-tangle.md#chunk_007,000-cultural_gutter-tangle.md,### Black Market Contraband: The Real Economy,360,399,20.0,18.0,,
domain_entity,000-cultural_gutter-tangle.md#chunk_008,000-cultural_gutter-tangle.md,### Gutter-Skalds: The Living Archives,214,253,20.0,18.0,,
domain_entity,000-cultural_gutter-tangle.md#chunk_009,000-cultural_gutter-tangle.md,### Grey Blades: The Unelected Arbitrators,260,299,20.0,18.0,,
domain_entity,000-cultural_gutter-tangle.md#chunk_010,000-cultural_gutter-tangle.md,### Gutter-Galdr Practitioners: The Scrap-Rune Dabblers,239,278,20.0,18.0,,
domain_entity,000-cultural_gutter-tangle.md#chunk_011,000-cultural_gutter-tangle.md,### Ghost's Share Ritual: Utgard Variation,226,265,20.0,18.0,,
domain_entity,000-cultural_gutter-tangle.md#chunk_012,000-cultural_gutter-tangle.md,### The Gut: Upper Market Districts,339,378,20.0,18.0,,
domain_entity,000-cultural_gutter-tangle.md#chunk_013,000-cultural_gutter-tangle.md,### The Deep Chassis: Forbidden Salvage Zones,159,198,20.0,18.0,,
domain_entity,000-cultural_rangers-trail-reckoning.md#chunk_001,000-cultural_rangers-trail-reckoning.md,# Rangers Trail Reckoning: Operational Geography and Logistical Coordination,37,72,19.0,15.0,,
domain_entity,000-cultural_rangers-trail-reckoning.md#chunk_002,000-cultural_rangers-trail-reckoning.md,## 1) Introduction and scope,221,256,19.0,15.0,,
domain_entity,000-cultural_rangers-trail-reckoning.md#chunk_003,000-cultural_rangers-trail-reckoning.md,### Why geographic encoding matters,330,365,19.0,15.0,,
domain_entity,000-cultural_rangers-trail-reckoning.md#chunk_004,000-cultural_rangers-trail-reckoning.md,### Operational vs legal coordination distinction,169,204,19.0,15.0,,
domain_entity,000-cultural_rangers-trail-reckoning.md#chunk_005,000-cultural_rangers-trail-reckoning.md,### The four-component format,258,293,19.0,15.0,,
domain_entity,000-cultural_rangers-trail-reckoning.md#chunk_006,000-cultural_rangers-trail-reckoning.md,### Notation examples with geographic interpretation,204,239,19.0,15.0,,
domain_entity,000-cultural_rangers-trail-reckoning.md#chunk_007,000-cultural_rangers-trail-reckoning.md,### Precision thresholds and operational tolerances,361,396,19.0,15.0,,
domain_entity,000-cultural_rangers-trail-reckoning.md#chunk_008,000-cultural_rangers-trail-reckoning.md,### Route-waystation pairing conventions,215,250,19.0,15.0,,
domain_entity,000-cultural_rangers-trail-reckoning.md#chunk_009,000-cultural_rangers-trail-reckoning.md,### Abbreviated and emergency notation,146,182,19.0,15.0,,
domain_entity,000-cultural_rangers-trail-reckoning.md#chunk_010,000-cultural_rangers-trail-reckoning.md,### Comparison with Dvergr notation,198,234,19.0,15.0,,
domain_entity,000-cultural_rangers-trail-reckoning.md#chunk_011,000-cultural_rangers-trail-reckoning.md,### Route designation system — geographic encoding logic,486,521,19.0,15.0,,
domain_entity,000-cultural_rangers-trail-reckoning.md#chunk_012,000-cultural_rangers-trail-reckoning.md,### Waystation network — infrastructure and positioning,566,601,19.0,15.0,,
domain_entity,000-cultural_rangers-trail-reckoning.md#chunk_013,000-cultural_rangers-trail-reckoning.md,### Waystation naming conventions,301,336,19.0,15.0,,
domain_entity,000-cultural_rangers-trail-reckoning.md#chunk_014,000-cultural_rangers-trail-reckoning.md,### Caravan tracking and position reporting,508,543,19.0,15.0,,
domain_entity,000-cultural_rangers-trail-reckoning.md#chunk_015,000-cultural_rangers-trail-reckoning.md,### Resupply coordination and cache management,392,427,19.0,15.0,,
domain_entity,000-cultural_rangers-trail-reckoning.md#chunk_016,000-cultural_rangers-trail-reckoning.md,### The 601-year continuous dataset,328,364,19.0,15.0,,
domain_entity,000-cultural_rangers-trail-reckoning.md#chunk_017,000-cultural_rangers-trail-reckoning.md,### Travel time evolution and climate proxies,377,412,19.0,15.0,,
domain_entity,000-cultural_skaldic-year-naming.md#chunk_001,000-cultural_skaldic-year-naming.md,# Skaldic Year-Naming: Oral Tradition and Collective Memory,37,72,20.0,14.0,,
domain_entity,000-cultural_skaldic-year-naming.md#chunk_002,000-cultural_skaldic-year-naming.md,## 1) Introduction and scope,165,200,20.0,14.0,,
domain_entity,000-cultural_skaldic-year-naming.md#chunk_003,000-cultural_skaldic-year-naming.md,### Why commemorative naming matters,325,360,20.0,14.0,,
domain_entity,000-cultural_skaldic-year-naming.md#chunk_004,000-cultural_skaldic-year-naming.md,### Annual Moot convening — timing and logistics,305,340,20.0,14.0,,
domain_entity,000-cultural_skaldic-year-naming.md#chunk_005,000-cultural_skaldic-year-naming.md,### Proposal submission process,128,163,20.0,14.0,,
domain_entity,000-cultural_skaldic-year-naming.md#chunk_006,000-cultural_skaldic-year-naming.md,### Deliberation criteria and debate structure,178,213,20.0,14.0,,
domain_entity,000-cultural_skaldic-year-naming.md#chunk_007,000-cultural_skaldic-year-naming.md,### Voting protocols and ratification,265,300,20.0,14.0,,
domain_entity,000-cultural_skaldic-year-naming.md#chunk_008,000-cultural_skaldic-year-naming.md,### Representative year-names across five Ages,754,789,20.0,14.0,,
domain_entity,000-cultural_skaldic-year-naming.md#chunk_009,000-cultural_skaldic-year-naming.md,### Council composition and authority structure,145,180,20.0,14.0,,
domain_entity,000-cultural_skaldic-year-naming.md#chunk_010,000-cultural_skaldic-year-naming.md,### Year-name registry and concordance maintenance,179,214,20.0,14.0,,
domain_entity,000-cultural_skaldic-year-naming.md#chunk_011,000-cultural_skaldic-year-naming.md,### Population familiarity rates across demographics,257,292,20.0,14.0,,
domain_entity,000-cultural_skaldic-year-naming.md#chunk_012,000-cultural_skaldic-year-naming.md,### Oral versus written context usage patterns,152,187,20.0,14.0,,
domain_entity,000-cultural_skaldic-year-naming.md#chunk_013,000-cultural_skaldic-year-naming.md,### Dual-notation contract conventions,205,240,20.0,14.0,,
domain_entity,000-cultural_skaldic-year-naming.md#chunk_014,000-cultural_skaldic-year-naming.md,### Historical context and cultural evolution,171,206,20.0,14.0,,
domain_entity,000-cultural_skaldic-year-naming.md#chunk_015,000-cultural_skaldic-year-naming.md,### Document history,156,191,20.0,14.0,,
domain_entity,000-gazetteer_depth-sickness.md#chunk_001,000-gazetteer_depth-sickness.md,# 🌀 Depth-Sickness: Psychological and Physiological Effects of Prolonged Subterranean Exposure,23,59,18.0,18.0,,
domain_entity,000-gazetteer_depth-sickness.md#chunk_002,000-gazetteer_depth-sickness.md,## §1: Phenomenon Overview & Classification,258,295,18.0,18.0,,
domain_entity,000-gazetteer_depth-sickness.md#chunk_003,000-gazetteer_depth-sickness.md,### Atmospheric Pressure Effects,189,226,18.0,18.0,,
domain_entity,000-gazetteer_depth-sickness.md#chunk_004,000-gazetteer_depth-sickness.md,### Sensory Deprivation & Circadian Disruption,152,188,18.0,18.0,,
domain_entity,000-gazetteer_depth-sickness.md#chunk_005,000-gazetteer_depth-sickness.md,"### Stage 1: Mild Onset (1500-1700m, Days 1-5)",133,170,18.0,18.0,,
domain_entity,000-gazetteer_depth-sickness.md#chunk_006,000-gazetteer_depth-sickness.md,"### Stage 2: Moderate Progression (1700-2000m, Days 6-14)",174,210,18.0,18.0,,
domain_entity,000-gazetteer_depth-sickness.md#chunk_007,000-gazetteer_depth-sickness.md,### Stage 3: Severe Crisis (>2000m or prolonged exposure at 1700-2000m),211,248,18.0,18.0,,
domain_entity,000-gazetteer_depth-sickness.md#chunk_008,000-gazetteer_depth-sickness.md,### BEFORE — Pre-Expedition Screening & Preparation,159,196,18.0,18.0,,
domain_entity,000-gazetteer_depth-sickness.md#chunk_009,000-gazetteer_depth-sickness.md,### DURING — Active Symptom Monitoring & Escalation Response,223,260,18.0,18.0,,
domain_entity,000-gazetteer_depth-sickness.md#chunk_010,000-gazetteer_depth-sickness.md,### AFTER — Post-Expedition Decompression & Recovery,144,180,18.0,18.0,,
domain_entity,000-gazetteer_depth-sickness.md#chunk_011,000-gazetteer_depth-sickness.md,### Svartalfheim Black Veins (Primary Documentation Source),146,183,18.0,18.0,,
domain_entity,000-gazetteer_depth-sickness.md#chunk_012,000-gazetteer_depth-sickness.md,### Dvergr Clans — Genetic Adaptation & Pressure Tolerance,166,202,18.0,18.0,,
domain_entity,000-gazetteer_depth-sickness.md#chunk_013,000-gazetteer_depth-sickness.md,### Jötun-Readers — Medical Research & Acclimation Protocol Development,172,209,18.0,18.0,,
domain_entity,000-gazetteer_depth-sickness.md#chunk_014,000-gazetteer_depth-sickness.md,## §7: Research Priorities & Open Questions,205,241,18.0,18.0,,
domain_entity,000-gazetteer_depth-sickness.md#chunk_015,000-gazetteer_depth-sickness.md,## §8: Document History,150,187,18.0,18.0,,
domain_entity,000-gazetteer_gleipnir-containment-pens.md#chunk_001,000-gazetteer_gleipnir-containment-pens.md,# 🦴 The Gleipnir Containment Pens (The Mad God's Zoo),124,158,16.0,16.0,,
domain_entity,000-gazetteer_gleipnir-containment-pens.md#chunk_002,000-gazetteer_gleipnir-containment-pens.md,### 1.1 Location and Topography,308,341,16.0,16.0,,
domain_entity,000-gazetteer_gleipnir-containment-pens.md#chunk_003,000-gazetteer_gleipnir-containment-pens.md,### 2.1 Original Purpose and Strategic Context,161,195,16.0,16.0,,
domain_entity,000-gazetteer_gleipnir-containment-pens.md#chunk_004,000-gazetteer_gleipnir-containment-pens.md,### 2.2 Fenrir-Pattern Specifications,182,215,16.0,16.0,,
domain_entity,000-gazetteer_gleipnir-containment-pens.md#chunk_005,000-gazetteer_gleipnir-containment-pens.md,### 3.1 H-Hour Event Sequence,270,304,16.0,16.0,,
domain_entity,000-gazetteer_gleipnir-containment-pens.md#chunk_006,000-gazetteer_gleipnir-containment-pens.md,### 4.1 Resident Threats,244,278,16.0,16.0,,
domain_entity,000-gazetteer_gleipnir-containment-pens.md#chunk_007,000-gazetteer_gleipnir-containment-pens.md,### 5.1 Genetic Archive Recovery,201,235,16.0,16.0,,
domain_entity,000-gazetteer_gleipnir-containment-pens.md#chunk_008,000-gazetteer_gleipnir-containment-pens.md,### 6.1 Grove-Clans: Shameful Legacy and Protective Custody,366,400,16.0,16.0,,
domain_entity,000-gazetteer_gleipnir-containment-pens.md#chunk_009,000-gazetteer_gleipnir-containment-pens.md,## VII. Operational Protocols: Field Card,354,388,16.0,16.0,,
domain_entity,000-gazetteer_gleipnir-containment-pens.md#chunk_010,000-gazetteer_gleipnir-containment-pens.md,## VIII. Document History,149,183,16.0,16.0,,
domain_entity,000-gazetteer_loki-protocol-suppressed-warning.md#chunk_001,000-gazetteer_loki-protocol-suppressed-warning.md,# L.O.K.I. Protocol: The Suppressed Warning (Pre-Glitch Diagnostic System),31,65,18.0,15.0,,
domain_entity,000-gazetteer_loki-protocol-suppressed-warning.md#chunk_002,000-gazetteer_loki-protocol-suppressed-warning.md,## Summary,253,287,18.0,15.0,,
domain_entity,000-gazetteer_loki-protocol-suppressed-warning.md#chunk_003,000-gazetteer_loki-protocol-suppressed-warning.md,### 1.2 Critical Discovery: The Paradox Warning,159,193,18.0,15.0,,
domain_entity,000-gazetteer_loki-protocol-suppressed-warning.md#chunk_004,000-gazetteer_loki-protocol-suppressed-warning.md,### 1.3 The Jörmungandr Counter-Rune Deployment,860,894,18.0,15.0,,
domain_entity,000-gazetteer_project-gungnir.md#chunk_001,000-gazetteer_project-gungnir.md,# Project Gungnir: The All-Rune Development (Pre-Glitch Research Initiative),31,65,18.0,15.0,,
domain_entity,000-gazetteer_project-gungnir.md#chunk_002,000-gazetteer_project-gungnir.md,## Summary,491,525,18.0,15.0,,
domain_entity,000-gazetteer_project-gungnir.md#chunk_003,000-gazetteer_project-gungnir.md,### 2.1 All-Rune Activation (Cycle 001 Year 783 PG),331,365,18.0,15.0,,
domain_entity,000-gazetteer_project-gungnir.md#chunk_004,000-gazetteer_project-gungnir.md,### 3.2 Unresolved Questions,343,377,18.0,15.0,,
domain_entity,000-gazetteer_project-gungnir.md#chunk_005,000-gazetteer_project-gungnir.md,## V. Document History,148,182,18.0,15.0,,
domain_entity,000-resources_argentum-nexus-silver-cord.md#chunk_001,000-resources_argentum-nexus-silver-cord.md,# I. Document Metadata (Header Block),153,193,16.0,23.0,,
domain_entity,000-resources_argentum-nexus-silver-cord.md#chunk_002,000-resources_argentum-nexus-silver-cord.md,## II. Outline of Sections (Layer 3 discipline),197,237,16.0,23.0,,
domain_entity,000-resources_argentum-nexus-silver-cord.md#chunk_003,000-resources_argentum-nexus-silver-cord.md,### 1.1 Purpose,910,950,16.0,23.0,,
domain_entity,000-resources_argentum-nexus-silver-cord.md#chunk_004,000-resources_argentum-nexus-silver-cord.md,### 2.4 Physical Interface Assembly (Command Throne),85,126,16.0,23.0,,
domain_entity,000-resources_argentum-nexus-silver-cord.md#chunk_005,000-resources_argentum-nexus-silver-cord.md,### 3.1 Operator State Validation,670,711,16.0,23.0,,
domain_entity,000-resources_argentum-nexus-silver-cord.md#chunk_006,000-resources_argentum-nexus-silver-cord.md,### 4.3 Handshake and Stabilization,130,170,16.0,23.0,,
domain_entity,000-resources_argentum-nexus-silver-cord.md#chunk_007,000-resources_argentum-nexus-silver-cord.md,### 4.4 First‑Sensation Protocol,128,169,16.0,23.0,,
domain_entity,000-resources_argentum-nexus-silver-cord.md#chunk_008,000-resources_argentum-nexus-silver-cord.md,### 5.1 Combat Envelope (Einherjar),495,535,16.0,23.0,,
domain_entity,000-resources_argentum-nexus-silver-cord.md#chunk_009,000-resources_argentum-nexus-silver-cord.md,### 6.1 Draugr's Echo (Cognitive Feedback),180,221,16.0,23.0,,
domain_entity,000-resources_argentum-nexus-silver-cord.md#chunk_010,000-resources_argentum-nexus-silver-cord.md,### 6.2 Frayed Cord (Partial Severance),161,201,16.0,23.0,,
domain_entity,000-resources_argentum-nexus-silver-cord.md#chunk_011,000-resources_argentum-nexus-silver-cord.md,### 6.3 Data‑Wraith Intrusion (External Data‑Ghost),347,387,16.0,23.0,,
domain_entity,000-resources_argentum-nexus-silver-cord.md#chunk_012,000-resources_argentum-nexus-silver-cord.md,### 6.6 Psychic Stress Accumulation (Weight of Knowing),504,544,16.0,23.0,,
domain_entity,000-resources_argentum-nexus-silver-cord.md#chunk_013,000-resources_argentum-nexus-silver-cord.md,### 8.1 Yggdrasil Blackout (Hard Sever),796,837,16.0,23.0,,
domain_entity,000-resources_comprehensive-glossary.md#chunk_001,000-resources_comprehensive-glossary.md,# Document Metadata,58,91,16.0,15.0,,
domain_entity,000-resources_comprehensive-glossary.md#chunk_002,000-resources_comprehensive-glossary.md,## A - Core Terms,845,877,16.0,15.0,,
domain_entity,000-resources_comprehensive-glossary.md#chunk_003,000-resources_comprehensive-glossary.md,## I - Iron and Identity,93,126,16.0,15.0,,
domain_entity,000-resources_comprehensive-glossary.md#chunk_004,000-resources_comprehensive-glossary.md,## J - Jötun and Journey,438,470,16.0,15.0,,
domain_entity,000-resources_comprehensive-glossary.md#chunk_005,000-resources_comprehensive-glossary.md,## R - Realms and Runes,157,189,16.0,15.0,,
domain_entity,000-resources_comprehensive-glossary.md#chunk_006,000-resources_comprehensive-glossary.md,## S - Seidr and Silence,315,348,16.0,15.0,,
domain_entity,000-resources_dead-light-sanctuary-chain.md#chunk_001,000-resources_dead-light-sanctuary-chain.md,# Document Metadata,153,191,16.0,20.0,,
domain_entity,000-resources_dead-light-sanctuary-chain.md#chunk_002,000-resources_dead-light-sanctuary-chain.md,# 2.0 Evidence Base & Operational History,144,182,16.0,20.0,,
domain_entity,000-resources_dead-light-sanctuary-chain.md#chunk_003,000-resources_dead-light-sanctuary-chain.md,## 3.1 Cell Design Standards,205,243,16.0,20.0,,
domain_entity,000-resources_dead-light-sanctuary-chain.md#chunk_004,000-resources_dead-light-sanctuary-chain.md,## 3.2 Cell Types and Variants,339,377,16.0,20.0,,
domain_entity,000-resources_dead-light-sanctuary-chain.md#chunk_005,000-resources_dead-light-sanctuary-chain.md,## 4.2 Pre-Hop Preparation (Inside Sanctuary Cell),195,232,16.0,20.0,,
domain_entity,000-resources_dead-light-sanctuary-chain.md#chunk_006,000-resources_dead-light-sanctuary-chain.md,## 4.3 Hop Execution (Between Cells),206,244,16.0,20.0,,
domain_entity,000-resources_dead-light-sanctuary-chain.md#chunk_007,000-resources_dead-light-sanctuary-chain.md,## 4.4 Arrival and Post-Hop Recovery (Inside Next Cell),510,548,16.0,20.0,,
domain_entity,000-resources_dead-light-sanctuary-chain.md#chunk_008,000-resources_dead-light-sanctuary-chain.md,# 7.0 Factional Perspectives and Operational Doctrines,301,339,16.0,20.0,,
domain_entity,000-resources_gazetteer-of-asgard.md#chunk_001,000-resources_gazetteer-of-asgard.md,# Document Metadata,231,262,15.0,15.0,,
domain_entity,000-resources_gazetteer-of-asgard.md#chunk_002,000-resources_gazetteer-of-asgard.md,### 1.1.A Structural Envelope (Class A-Δ Orbital Platform),861,893,15.0,15.0,,
domain_entity,000-resources_gazetteer-of-asgard.md#chunk_003,000-resources_gazetteer-of-asgard.md,### 1.3.A Ginnungagap Labs (Forge of the Un‑Rune),893,924,15.0,15.0,,
domain_entity,000-resources_gazetteer-of-asgard.md#chunk_004,000-resources_gazetteer-of-asgard.md,## 4.2 Epicenter of Paradox: Heimdallr's Gate (The Heimdallr Signal),393,425,15.0,15.0,,
domain_entity,000-resources_grey-towers-scriptorium.md#chunk_001,000-resources_grey-towers-scriptorium.md,# I. Document Metadata,159,192,19.0,13.0,,
domain_entity,000-resources_grey-towers-scriptorium.md#chunk_002,000-resources_grey-towers-scriptorium.md,## 1.0 Executive Abstract,868,900,19.0,13.0,,
domain_entity,000-resources_grey-towers-scriptorium.md#chunk_003,000-resources_grey-towers-scriptorium.md,### 3.3 Interior Program: Sterility Before Speed,859,891,19.0,13.0,,
domain_entity,000-resources_grey-towers-scriptorium.md#chunk_004,000-resources_grey-towers-scriptorium.md,### 5.1 Collection: Salvage and Observation,397,430,19.0,13.0,,
domain_entity,000-resources_grey-towers-scriptorium.md#chunk_005,000-resources_grey-towers-scriptorium.md,### 6.1 Scriptorium‑Primus (Grey Tower) — Capital Node,221,253,19.0,13.0,,
domain_entity,000-resources_grey-towers-scriptorium.md#chunk_006,000-resources_grey-towers-scriptorium.md,### 6.2 Scriptorium‑Secundus (Asgardian Corridor) — Logistics and Materials,154,187,19.0,13.0,,
domain_entity,000-resources_grey-towers-scriptorium.md#chunk_007,000-resources_grey-towers-scriptorium.md,### 6.3 Scriptorium‑Tertius (Midgard Combine Belt) — Field Pathology,247,279,19.0,13.0,,
domain_entity,000-resources_grey-towers-scriptorium.md#chunk_008,000-resources_grey-towers-scriptorium.md,### 6.5 Scriptorium‑Quintus (Svartalfheim Veins) — Inert‑Medium Foundry,847,880,19.0,13.0,,
domain_entity,000-resources_grey-towers-scriptorium.md#chunk_009,000-resources_grey-towers-scriptorium.md,### 8.2 Cognitive Hazards (Entities and Phenomena),336,369,19.0,13.0,,
domain_entity,000-resources_grey-towers-scriptorium.md#chunk_010,000-resources_grey-towers-scriptorium.md,### 10.1 Protocol Checklists,234,266,19.0,13.0,,
domain_entity,000-resources_meta-layer1-style-guide.md#chunk_001,000-resources_meta-layer1-style-guide.md,# I. Document Metadata,889,928,19.0,19.0,,
domain_entity,000-resources_meta-layer1-style-guide.md#chunk_002,000-resources_meta-layer1-style-guide.md,### 7.3 Metaphor Bounds,465,504,19.0,19.0,,
domain_entity,000-resources_scriptorium-record-manual.md#chunk_001,000-resources_scriptorium-record-manual.md,"# The Scriptorium Record Manual: Retention, Authoring, and Custody",119,157,16.0,20.0,,
domain_entity,000-resources_scriptorium-record-manual.md#chunk_002,000-resources_scriptorium-record-manual.md,## 1.0 Scope and Definitions,859,897,16.0,20.0,,
domain_entity,000-resources_scriptorium-record-manual.md#chunk_003,000-resources_scriptorium-record-manual.md,### 3.1 Field Creation: Start the Chain Aloud,903,941,16.0,20.0,,
domain_entity,000-resources_scriptorium-record-manual.md#chunk_004,000-resources_scriptorium-record-manual.md,## 5.0 The Fifth Canon — Ethical Calculus of the Great Work,906,943,16.0,20.0,,
domain_entity,000-resources_scriptorium-record-manual.md#chunk_005,000-resources_scriptorium-record-manual.md,### 7.2 Handling and Sanitization — What May Be Seen,910,947,16.0,20.0,,
domain_entity,000-resources_tri-council.md#chunk_001,000-resources_tri-council.md,# Document Metadata,269,310,16.0,24.0,,
domain_entity,000-resources_tri-council.md#chunk_002,000-resources_tri-council.md,## 1.0 Purpose and Mandate,146,188,16.0,24.0,,
domain_entity,000-resources_tri-council.md#chunk_003,000-resources_tri-council.md,## 2.0 Legal Powers and Instruments,165,206,16.0,24.0,,
domain_entity,000-resources_tri-council.md#chunk_004,000-resources_tri-council.md,## 3.0 Composition and Roles (Bloc Functions),222,263,16.0,24.0,,
domain_entity,000-resources_tri-council.md#chunk_005,000-resources_tri-council.md,## 5.0 The Tri‑Council at H‑Hour (Final Roster and Status),741,782,16.0,24.0,,
domain_entity,000-resources_wall-and-the-spear.md#chunk_001,000-resources_wall-and-the-spear.md,# The Wall and the Spear: A Huskarl's Primer to the Defense of the Hold,208,249,16.0,24.0,,
domain_entity,000-resources_wall-and-the-spear.md#chunk_002,000-resources_wall-and-the-spear.md,### 1.1: The Wall Breathes,711,752,16.0,24.0,,
domain_entity,000-resources_wall-and-the-spear.md#chunk_003,000-resources_wall-and-the-spear.md,#### 1.2.1 The Fang and the Hoof – The Beasts,332,374,16.0,24.0,,
domain_entity,000-resources_wall-and-the-spear.md#chunk_004,000-resources_wall-and-the-spear.md,#### 1.2.2 The Iron and the Cold – The Undying,219,261,16.0,24.0,,
domain_entity,000-resources_wall-and-the-spear.md#chunk_005,000-resources_wall-and-the-spear.md,#### 1.2.3 The Whisper and the Static – The Blight,452,494,16.0,24.0,,
domain_entity,000-resources_wall-and-the-spear.md#chunk_006,000-resources_wall-and-the-spear.md,### 2.1: The Watchman's Burden – The Price of Sight,266,308,16.0,24.0,,
domain_entity,000-resources_wall-and-the-spear.md#chunk_007,000-resources_wall-and-the-spear.md,#### The Eye's Witness - What the Dark Reveals,204,245,16.0,24.0,,
domain_entity,000-resources_wall-and-the-spear.md#chunk_008,000-resources_wall-and-the-spear.md,#### The Ear's Counsel - What the Silence Hides,275,317,16.0,24.0,,
domain_entity,000-resources_wall-and-the-spear.md#chunk_009,000-resources_wall-and-the-spear.md,### 2.3: The Marked Path – A Language of Scars,282,323,16.0,24.0,,
domain_entity,000-resources_wall-and-the-spear.md#chunk_010,000-resources_wall-and-the-spear.md,### 3.1: The Sun-Gate – The Mouth,257,299,16.0,24.0,,
domain_entity,000-resources_wall-and-the-spear.md#chunk_011,000-resources_wall-and-the-spear.md,### 3.2: The Old Ruin – The Weakest Link,171,213,16.0,24.0,,
domain_entity,000-resources_wall-and-the-spear.md#chunk_012,000-resources_wall-and-the-spear.md,### 3.3: The Murder Holes & Fire-Pits,218,260,16.0,24.0,,
domain_entity,000-resources_wall-and-the-spear.md#chunk_013,000-resources_wall-and-the-spear.md,### 3.4: The Barrowmounds – The Sleepless Graves,213,254,16.0,24.0,,
domain_entity,000-resources_wall-and-the-spear.md#chunk_014,000-resources_wall-and-the-spear.md,### 3.5: The Rune-Wardens – The Silent Shields,205,247,16.0,24.0,,
domain_entity,000-resources_wall-and-the-spear.md#chunk_015,000-resources_wall-and-the-spear.md,### 4.1: Against the Hammer – The Svin-fylking,178,219,16.0,24.0,,
domain_entity,000-resources_wall-and-the-spear.md#chunk_016,000-resources_wall-and-the-spear.md,### 4.2: Against the Knife – The Ash-Vargr,262,304,16.0,24.0,,
domain_entity,000-resources_wall-and-the-spear.md#chunk_017,000-resources_wall-and-the-spear.md,## Afterword,146,188,16.0,24.0,,
domain_entity,000-resources_witness-mark-protocols.md#chunk_001,000-resources_witness-mark-protocols.md,# Witness Mark Protocols — Documentation Standards for Consent Substitution & Operational Attestation,29,70,18.0,22.0,,
domain_entity,000-resources_witness-mark-protocols.md#chunk_002,000-resources_witness-mark-protocols.md,## 1.0 Purpose and Scope,284,325,18.0,22.0,,
domain_entity,000-resources_witness-mark-protocols.md#chunk_003,000-resources_witness-mark-protocols.md,### 3.1 Consent Substitution Marks,143,183,18.0,22.0,,
domain_entity,000-resources_witness-mark-protocols.md#chunk_004,000-resources_witness-mark-protocols.md,### 3.2 Neutral Attestation Marks (Witness Pairs),912,952,18.0,22.0,,
domain_entity,000-resources_witness-mark-protocols.md#chunk_005,000-resources_witness-mark-protocols.md,### 6.3 Batch Recording (Field Expeditions),898,938,18.0,22.0,,
domain_entity,000-resources_witness-mark-protocols.md#chunk_006,000-resources_witness-mark-protocols.md,### 10.3 Dvergr Guilds,166,206,18.0,22.0,,
domain_entity,000-wbdc_blight-weaver-interdiction.md#chunk_001,000-wbdc_blight-weaver-interdiction.md,# Blight-Weaver Interdiction — Seidĸkona Reality-Warping Incident & Grove-Clan Response,222,256,16.0,16.0,,
domain_entity,000-wbdc_blight-weaver-interdiction.md#chunk_002,000-wbdc_blight-weaver-interdiction.md,### BACKGROUND,232,266,16.0,16.0,,
domain_entity,000-wbdc_blight-weaver-interdiction.md#chunk_003,000-wbdc_blight-weaver-interdiction.md,### INCIDENT TIMELINE,923,956,16.0,16.0,,
domain_entity,000-wbdc_blight-weaver-interdiction.md#chunk_004,000-wbdc_blight-weaver-interdiction.md,### INCIDENT TIMELINE,590,624,16.0,16.0,,
domain_entity,000-wbdc_iron-bane-reconnaissance.md#chunk_001,000-wbdc_iron-bane-reconnaissance.md,# Iron-Bane Reconnaissance Operation — Hostile Infiltration Attempt,114,145,16.0,14.0,,
domain_entity,000-wbdc_iron-bane-reconnaissance.md#chunk_002,000-wbdc_iron-bane-reconnaissance.md,### TIMELINE,325,356,16.0,14.0,,
domain_entity,000-wbdc_iron-bane-reconnaissance.md#chunk_003,000-wbdc_iron-bane-reconnaissance.md,### VERBAL EXCHANGE (Transcribed),276,308,16.0,14.0,,
domain_entity,000-wbdc_iron-bane-reconnaissance.md#chunk_004,000-wbdc_iron-bane-reconnaissance.md,### GROVE-CLAN THREAT ASSESSMENT,325,356,16.0,14.0,,
domain_entity,000-wbdc_iron-bane-reconnaissance.md#chunk_005,000-wbdc_iron-bane-reconnaissance.md,### DIPLOMATIC CONTEXT,187,218,16.0,14.0,,
domain_entity,codex_chrome-lurker.md#chunk_001,codex_chrome-lurker.md,## Header block,178,204,16.0,9.0,,
domain_entity,codex_chrome-lurker.md#chunk_002,codex_chrome-lurker.md,## 2.1 Pre-Glitch Development & Deployment History,923,949,16.0,9.0,,
domain_entity,codex_chrome-lurker.md#chunk_003,codex_chrome-lurker.md,## 2.1 Pre-Glitch Development & Deployment History,274,300,16.0,9.0,,
domain_entity,codex_chrome-lurker.md#chunk_004,codex_chrome-lurker.md,## 3.1 Notable Incidents & Documented Encounters,923,949,16.0,9.0,,
domain_entity,codex_chrome-lurker.md#chunk_005,codex_chrome-lurker.md,## 3.1 Notable Incidents & Documented Encounters,898,924,16.0,9.0,,
domain_entity,codex_chrome-lurker.md#chunk_006,codex_chrome-lurker.md,## 4. Risk profile and thresholds,123,149,16.0,9.0,,
domain_entity,codex_chrome-lurker.md#chunk_007,codex_chrome-lurker.md,## 4.1 Territorial Behavior & Patrol Patterns,923,949,16.0,9.0,,
domain_entity,codex_chrome-lurker.md#chunk_008,codex_chrome-lurker.md,## 4.1 Territorial Behavior & Patrol Patterns,752,778,16.0,9.0,,
domain_entity,codex_chrome-lurker.md#chunk_009,codex_chrome-lurker.md,## 5. Field Card (Chrome-Lurker corridor protocols),878,904,16.0,9.0,,
domain_entity,codex_chrome-lurker.md#chunk_010,codex_chrome-lurker.md,## 10. Factional perspectives,923,949,16.0,9.0,,
domain_entity,codex_chrome-lurker.md#chunk_011,codex_chrome-lurker.md,## 10. Factional perspectives,417,443,16.0,9.0,,
domain_entity,codex_chrome-lurker.md#chunk_012,codex_chrome-lurker.md,## 10. Reviewer's Note,340,366,16.0,9.0,,
domain_entity,db02-wb_gorge-maws-population-dossier.md#chunk_001,db02-wb_gorge-maws-population-dossier.md,# Population Dossier: Gorge-Maws (The Groa-Thurs),87,114,15.0,11.0,,
domain_entity,db02-wb_gorge-maws-population-dossier.md#chunk_002,db02-wb_gorge-maws-population-dossier.md,## Document Overview,152,179,15.0,11.0,,
domain_entity,db02-wb_gorge-maws-population-dossier.md#chunk_003,db02-wb_gorge-maws-population-dossier.md,### 1.1 Taxonomy and Pathological Role,267,295,15.0,11.0,,
domain_entity,db02-wb_gorge-maws-population-dossier.md#chunk_004,db02-wb_gorge-maws-population-dossier.md,"### 1.2 Population Distribution & The ""Green-Lines""",288,315,15.0,11.0,,
domain_entity,db02-wb_gorge-maws-population-dossier.md#chunk_005,db02-wb_gorge-maws-population-dossier.md,### 1.3 Pre-Glitch Origins: The O.G.R.E. Protocol,286,313,15.0,11.0,,
domain_entity,db02-wb_gorge-maws-population-dossier.md#chunk_006,db02-wb_gorge-maws-population-dossier.md,### 1.4 Lifecycle & The Lithic Gestation,336,364,15.0,11.0,,
domain_entity,db02-wb_gorge-maws-population-dossier.md#chunk_007,db02-wb_gorge-maws-population-dossier.md,### 2.1 Morphology: The Living Siege Engine,436,464,15.0,11.0,,
domain_entity,db02-wb_gorge-maws-population-dossier.md#chunk_008,db02-wb_gorge-maws-population-dossier.md,### 2.2 The Crucible: Internal Alchemy,357,384,15.0,11.0,,
domain_entity,db02-wb_gorge-maws-population-dossier.md#chunk_009,db02-wb_gorge-maws-population-dossier.md,### 2.3 Sensory Apparatus: Seismic Resonance Imaging,347,374,15.0,11.0,,
domain_entity,db02-wb_gorge-maws-population-dossier.md#chunk_010,db02-wb_gorge-maws-population-dossier.md,### 3.1 Temperament: The Sloth-Sage,321,348,15.0,11.0,,
domain_entity,db02-wb_gorge-maws-population-dossier.md#chunk_011,db02-wb_gorge-maws-population-dossier.md,### 3.2 The Gardening Protocol: Recursive Pacification,525,552,15.0,11.0,,
domain_entity,db02-wb_gorge-maws-population-dossier.md#chunk_012,db02-wb_gorge-maws-population-dossier.md,### 4.1 Method: The Living Diapason,235,262,15.0,11.0,,
domain_entity,db02-wb_gorge-maws-population-dossier.md#chunk_013,db02-wb_gorge-maws-population-dossier.md,### 4.2 Signature Abilities & Resonance Patterns,543,570,15.0,11.0,,
domain_entity,db02-wb_gorge-maws-population-dossier.md#chunk_014,db02-wb_gorge-maws-population-dossier.md,### 5.1 Language: The Sub-Sonic Rumble,392,419,15.0,11.0,,
domain_entity,db02-wb_gorge-maws-population-dossier.md#chunk_015,db02-wb_gorge-maws-population-dossier.md,### 5.2 The Root-Memory: A Distributed Lithic Database,270,297,15.0,11.0,,
domain_entity,db02-wb_gorge-maws-population-dossier.md#chunk_016,db02-wb_gorge-maws-population-dossier.md,### 5.3 Social Structure: The Silent Commons,318,345,15.0,11.0,,
domain_entity,db02-wb_gorge-maws-population-dossier.md#chunk_017,db02-wb_gorge-maws-population-dossier.md,"### 6.1 Trade Goods: The Paradox of ""Thurs-Dung""",460,487,15.0,11.0,,
domain_entity,db02-wb_gorge-maws-population-dossier.md#chunk_018,db02-wb_gorge-maws-population-dossier.md,### 6.2 Service Protocols: The Blight-Eater Escort,297,325,15.0,11.0,,
domain_entity,db02-wb_gorge-maws-population-dossier.md#chunk_019,db02-wb_gorge-maws-population-dossier.md,### 6.3 Strategic Resource: The Sanctuary Node,206,234,15.0,11.0,,
domain_entity,db02-wb_gorge-maws-population-dossier.md#chunk_020,db02-wb_gorge-maws-population-dossier.md,### 7.1 Jötun-Reader Scriptorium: The Immune Response Theory,247,274,15.0,11.0,,
domain_entity,db02-wb_gorge-maws-population-dossier.md#chunk_021,db02-wb_gorge-maws-population-dossier.md,### 7.2 Iron-Bane Crusade: The Flesh-Abomination,239,266,15.0,11.0,,
domain_entity,db02-wb_gorge-maws-population-dossier.md#chunk_022,db02-wb_gorge-maws-population-dossier.md,### 7.3 Rust-Clans: The Mobile Refineries,223,250,15.0,11.0,,
domain_entity,db02-wb_gorge-maws-population-dossier.md#chunk_023,db02-wb_gorge-maws-population-dossier.md,### 7.4 God-Sleepers: The Silent Gardeners,218,245,15.0,11.0,,
domain_entity,db02-wb_gorge-maws-population-dossier.md#chunk_024,db02-wb_gorge-maws-population-dossier.md,### 7.5 The Midgard Combine: The Necessary Hazard,156,183,15.0,11.0,,
domain_entity,db02-wb_gorge-maws-population-dossier.md#chunk_025,db02-wb_gorge-maws-population-dossier.md,### 8.1 Threat Assessment: The Quake-Rage,587,614,15.0,11.0,,
domain_entity,db02-wb_gorge-maws-population-dossier.md#chunk_026,db02-wb_gorge-maws-population-dossier.md,### 8.2 The Bell-Toll Effect: Armor Vulnerability,175,202,15.0,11.0,,
domain_entity,db02-wb_gorge-maws-population-dossier.md#chunk_027,db02-wb_gorge-maws-population-dossier.md,### 8.3 Field Card — Interaction Protocols,426,453,15.0,11.0,,
domain_entity,db02-wb_gorge-maws-population-dossier.md#chunk_028,db02-wb_gorge-maws-population-dossier.md,### 9.1 Data Capture: Autopsy Report [Specimen GM-04],343,370,15.0,11.0,,
domain_entity,db02-wb_gorge-maws-population-dossier.md#chunk_029,db02-wb_gorge-maws-population-dossier.md,### 9.2 Geographic Survey: The Song-Roads,271,299,15.0,11.0,,
domain_entity,db02-wb_gorge-maws-population-dossier.md#chunk_030,db02-wb_gorge-maws-population-dossier.md,### 9.3 Linguistic Analysis: The Rumble-Lexicon,293,321,15.0,11.0,,
domain_entity,db02-wb_gorge-maws-population-dossier.md#chunk_031,db02-wb_gorge-maws-population-dossier.md,### 9.4 Reviewer's Note & Status,258,286,15.0,11.0,,
domain_entity,db02-wb_medical-phenomena-entry.md#chunk_001,db02-wb_medical-phenomena-entry.md,## Classification,126,158,15.0,16.0,,
domain_entity,db02-wb_medical-phenomena-entry.md#chunk_002,db02-wb_medical-phenomena-entry.md,### Cognitive Paradox Syndrome (CPS),128,161,15.0,16.0,,
domain_entity,db02-wb_medical-phenomena-entry.md#chunk_003,db02-wb_medical-phenomena-entry.md,### Harrow-Sick,143,175,15.0,16.0,,
domain_entity,db02-wb_medical-phenomena-entry.md#chunk_004,db02-wb_medical-phenomena-entry.md,### Blight-Burn,131,163,15.0,16.0,,
domain_entity,db02-wb_medical-phenomena-entry.md#chunk_005,db02-wb_medical-phenomena-entry.md,### Depth Sickness,569,601,15.0,16.0,,
domain_entity,db02-wb_scavenger-barons-assembled-entry.md#chunk_001,db02-wb_scavenger-barons-assembled-entry.md,## Classification,137,170,15.0,16.0,,
domain_entity,db02-wb_scavenger-barons-assembled-entry.md#chunk_002,db02-wb_scavenger-barons-assembled-entry.md,## §1 — Origins and Historical Context,180,213,15.0,16.0,,
domain_entity,db02-wb_scavenger-barons-assembled-entry.md#chunk_003,db02-wb_scavenger-barons-assembled-entry.md,## §2 — Governance Mechanics,247,279,15.0,16.0,,
domain_entity,db02-wb_scavenger-barons-assembled-entry.md#chunk_004,db02-wb_scavenger-barons-assembled-entry.md,## §3 — The Ice-Debt System,214,247,15.0,16.0,,
domain_entity,db02-wb_scavenger-barons-assembled-entry.md#chunk_005,db02-wb_scavenger-barons-assembled-entry.md,## §4 — Economic Model,152,184,15.0,16.0,,
domain_entity,db02-wb_scavenger-barons-assembled-entry.md#chunk_006,db02-wb_scavenger-barons-assembled-entry.md,## §5 — The King's Find Mythology,431,464,15.0,16.0,,
domain_entity,db02-wb_silent-folk-assembled-entry.md#chunk_001,db02-wb_silent-folk-assembled-entry.md,# The Silent Folk — Assembled Entry (Post-Human Divergence of the Clicking Deeps),110,146,15.0,20.0,,
domain_entity,db02-wb_silent-folk-assembled-entry.md#chunk_002,db02-wb_silent-folk-assembled-entry.md,## 1. Origin and Evolutionary Context,208,244,15.0,20.0,,
domain_entity,db02-wb_silent-folk-assembled-entry.md#chunk_003,db02-wb_silent-folk-assembled-entry.md,## 2. Biological Divergence,245,282,15.0,20.0,,
domain_entity,db02-wb_silent-folk-assembled-entry.md#chunk_004,db02-wb_silent-folk-assembled-entry.md,## 3. Echo-Cant: A Language of Geometry,170,206,15.0,20.0,,
domain_entity,db02-wb_silent-folk-assembled-entry.md#chunk_005,db02-wb_silent-folk-assembled-entry.md,## 4. Social Structure and Territory,312,348,15.0,20.0,,
domain_entity,db02-wb_silent-folk-assembled-entry.md#chunk_006,db02-wb_silent-folk-assembled-entry.md,## 6. Diagnostic Synthesis,179,215,15.0,20.0,,
domain_entity,db02-wb_silent-folk-assembled-entry.md#chunk_007,db02-wb_silent-folk-assembled-entry.md,## Unlock Thresholds,215,252,15.0,20.0,,
domain_entity,db02-wb_skrap-troll-assembled-entry.md#chunk_001,db02-wb_skrap-troll-assembled-entry.md,# The Skrap-Troll — Assembled Entry (Feral Hrungnir-Class Geo-Demolition Unit),29,62,15.0,16.0,,
domain_entity,db02-wb_skrap-troll-assembled-entry.md#chunk_002,db02-wb_skrap-troll-assembled-entry.md,## Unlock Threshold Table,149,182,15.0,16.0,,
domain_entity,db02-wb_skrap-troll-assembled-entry.md#chunk_003,db02-wb_skrap-troll-assembled-entry.md,### §1. Identification and Pre-Glitch Origin,187,219,15.0,16.0,,
domain_entity,db02-wb_skrap-troll-assembled-entry.md#chunk_004,db02-wb_skrap-troll-assembled-entry.md,### §2. The Second Skin: Adaptive Exaptation,217,249,15.0,16.0,,
domain_entity,db02-wb_skrap-troll-assembled-entry.md#chunk_005,db02-wb_skrap-troll-assembled-entry.md,### §3. Territorial Behavior and Threat Profile,188,221,15.0,16.0,,
domain_entity,db02-wb_skrap-troll-assembled-entry.md#chunk_006,db02-wb_skrap-troll-assembled-entry.md,### §4. Economic Significance: The Dvergr Calculation,426,458,15.0,16.0,,
domain_entity,db02-wb_skrap-troll-assembled-entry.md#chunk_007,db02-wb_skrap-troll-assembled-entry.md,## Field Card Summary,141,174,15.0,16.0,,
domain_entity,db02-wb_svin-fylking-assembled-entry.md#chunk_001,db02-wb_svin-fylking-assembled-entry.md,# Svin-fylking — Assembled Entry (Iron-Husked Boar),37,66,15.0,13.0,,
domain_entity,db02-wb_svin-fylking-assembled-entry.md#chunk_002,db02-wb_svin-fylking-assembled-entry.md,## Unlock Threshold Table,154,183,15.0,13.0,,
domain_entity,db02-wb_svin-fylking-assembled-entry.md#chunk_003,db02-wb_svin-fylking-assembled-entry.md,## §1. Identification and Pre-Glitch Origin,660,689,15.0,13.0,,
domain_entity,db02-wb_svin-fylking-assembled-entry.md#chunk_004,db02-wb_svin-fylking-assembled-entry.md,### 3.2 The Fylking Charge (Signature Tactic),354,383,15.0,13.0,,
domain_entity,db02-wb_svin-fylking-assembled-entry.md#chunk_005,db02-wb_svin-fylking-assembled-entry.md,### 4.2 The Prize,161,189,15.0,13.0,,
domain_entity,db02-wb_svin-fylking-assembled-entry.md#chunk_006,db02-wb_svin-fylking-assembled-entry.md,### 5.1 The Jötun-Reader View,139,167,15.0,13.0,,
domain_entity,db02-wb_svin-fylking-assembled-entry.md#chunk_007,db02-wb_svin-fylking-assembled-entry.md,### 5.2 Faction Doctrinal Differences,154,183,15.0,13.0,,
domain_entity,db02-wb_svin-fylking-assembled-entry.md#chunk_008,db02-wb_svin-fylking-assembled-entry.md,## §6. Diagnostic Conclusion,276,305,15.0,13.0,,
domain_entity,db02-wb_svin-fylking-assembled-entry.md#chunk_009,db02-wb_svin-fylking-assembled-entry.md,## Field Card Summary,297,326,15.0,13.0,,
domain_entity,db02-wb_void-marked-assembled-entry.md#chunk_001,db02-wb_void-marked-assembled-entry.md,## Classification,36,67,15.0,15.0,,
domain_entity,db02-wb_void-marked-assembled-entry.md#chunk_002,db02-wb_void-marked-assembled-entry.md,## Diagnostic Summary,141,172,15.0,15.0,,
domain_entity,db02-wb_void-marked-assembled-entry.md#chunk_003,db02-wb_void-marked-assembled-entry.md,## §1 — Physical Characteristics,271,302,15.0,15.0,,
domain_entity,db02-wb_void-marked-assembled-entry.md#chunk_004,db02-wb_void-marked-assembled-entry.md,## §2 — Origins and Exposure Pathways,128,159,15.0,15.0,,
domain_entity,db02-wb_void-marked-assembled-entry.md#chunk_005,db02-wb_void-marked-assembled-entry.md,## §3 — Social Status and Political Contestation,269,300,15.0,15.0,,
domain_entity,db02-wb_void-marked-assembled-entry.md#chunk_006,db02-wb_void-marked-assembled-entry.md,## §4 — Capabilities and Operational Utility,128,159,15.0,15.0,,
domain_entity,db02-wb_void-marked-assembled-entry.md#chunk_007,db02-wb_void-marked-assembled-entry.md,## §5 — Material Interactions,132,163,15.0,15.0,,
domain_entity,db02-wb_void-marked-assembled-entry.md#chunk_008,db02-wb_void-marked-assembled-entry.md,## Unlock Thresholds,213,244,15.0,15.0,,
domain_entity,db02-wb_warden-host-assembled-entry.md#chunk_001,db02-wb_warden-host-assembled-entry.md,## Classification,36,71,15.0,19.0,,
domain_entity,db02-wb_warden-host-assembled-entry.md#chunk_002,db02-wb_warden-host-assembled-entry.md,## Diagnostic Summary,191,226,15.0,19.0,,
domain_entity,db02-wb_warden-host-assembled-entry.md#chunk_003,db02-wb_warden-host-assembled-entry.md,## §1 — Origins and Historical Context,214,249,15.0,19.0,,
domain_entity,db02-wb_warden-host-assembled-entry.md#chunk_004,db02-wb_warden-host-assembled-entry.md,## §2 — Primary Functions,243,278,15.0,19.0,,
domain_entity,db02-wb_warden-host-assembled-entry.md#chunk_005,db02-wb_warden-host-assembled-entry.md,## §3 — Echo-Cant in Warden-Host Operations,153,188,15.0,19.0,,
domain_entity,db02-wb_warden-host-assembled-entry.md#chunk_006,db02-wb_warden-host-assembled-entry.md,## §4 — Territorial Disputes and Factional Conflicts,365,400,15.0,19.0,,
domain_entity,db02-wb_warden-host-assembled-entry.md#chunk_007,db02-wb_warden-host-assembled-entry.md,## Unlock Thresholds,210,245,15.0,19.0,,
domain_entity,db02-wb_weir-bone-assembled-entry.md#chunk_001,db02-wb_weir-bone-assembled-entry.md,## Classification,37,68,15.0,15.0,,
domain_entity,db02-wb_weir-bone-assembled-entry.md#chunk_002,db02-wb_weir-bone-assembled-entry.md,## Diagnostic Summary,170,201,15.0,15.0,,
domain_entity,db02-wb_weir-bone-assembled-entry.md#chunk_003,db02-wb_weir-bone-assembled-entry.md,## §1 — Physical Properties,258,289,15.0,15.0,,
domain_entity,db02-wb_weir-bone-assembled-entry.md#chunk_004,db02-wb_weir-bone-assembled-entry.md,## §2 — Sourcing and Harvesting,175,206,15.0,15.0,,
domain_entity,db02-wb_weir-bone-assembled-entry.md#chunk_005,db02-wb_weir-bone-assembled-entry.md,## §3 — Applications,210,241,15.0,15.0,,
domain_entity,db02-wb_weir-bone-assembled-entry.md#chunk_006,db02-wb_weir-bone-assembled-entry.md,## §4 — Salvage Interactions and Material Conflicts,193,224,15.0,15.0,,
domain_entity,db02-wb_weir-bone-assembled-entry.md#chunk_007,db02-wb_weir-bone-assembled-entry.md,## Unlock Thresholds,187,218,15.0,15.0,,
domain_entity,db03-dc_agricultural-devastation.md#chunk_001,db03-dc_agricultural-devastation.md,"# Agricultural Devastation Case Study - Wheatholm District Total Loss, Year 781-783 PG",305,341,15.0,20.0,,
domain_entity,db03-dc_agricultural-devastation.md#chunk_002,db03-dc_agricultural-devastation.md,### Emergence Timeline,157,193,15.0,20.0,,
domain_entity,db03-dc_agricultural-devastation.md#chunk_003,db03-dc_agricultural-devastation.md,### Initial Response,917,954,15.0,20.0,,
domain_entity,db03-dc_agricultural-devastation.md#chunk_004,db03-dc_agricultural-devastation.md,### Alchemical Eradication,499,535,15.0,20.0,,
domain_entity,db03-dc_agricultural-devastation.md#chunk_005,db03-dc_agricultural-devastation.md,## Steward's Reflection,315,352,15.0,20.0,,
domain_entity,db03-dc_archive-cataloging-standards.md#chunk_001,db03-dc_archive-cataloging-standards.md,## Summary,102,133,15.0,15.0,,
domain_entity,db03-dc_archive-cataloging-standards.md#chunk_002,db03-dc_archive-cataloging-standards.md,## Motivation & Historical Context,215,247,15.0,15.0,,
domain_entity,db03-dc_archive-cataloging-standards.md#chunk_003,db03-dc_archive-cataloging-standards.md,## Expanded Metadata Framework,244,275,15.0,15.0,,
domain_entity,db03-dc_archive-cataloging-standards.md#chunk_004,db03-dc_archive-cataloging-standards.md,## Enhanced CPS Risk Classification,279,310,15.0,15.0,,
domain_entity,db03-dc_archive-cataloging-standards.md#chunk_005,db03-dc_archive-cataloging-standards.md,## Mandatory Pre-Screening Protocols,283,314,15.0,15.0,,
domain_entity,db03-dc_archive-cataloging-standards.md#chunk_006,db03-dc_archive-cataloging-standards.md,## Cross-Reference Integrity Standards,271,302,15.0,15.0,,
domain_entity,db03-dc_archive-cataloging-standards.md#chunk_007,db03-dc_archive-cataloging-standards.md,## Training & Implementation Rollout,270,301,15.0,15.0,,
domain_entity,db03-dc_archive-cataloging-standards.md#chunk_008,db03-dc_archive-cataloging-standards.md,## Institutional Culture Implications,234,265,15.0,15.0,,
domain_entity,db03-dc_ballad-of-the-broken-gate.md#chunk_001,db03-dc_ballad-of-the-broken-gate.md,(none),183,219,15.0,20.0,,
domain_entity,db03-dc_ballad-of-the-broken-gate.md#chunk_002,db03-dc_ballad-of-the-broken-gate.md,## The Ballad of the Broken Gate,536,573,15.0,20.0,,
domain_entity,db03-dc_ballad-of-the-broken-gate.md#chunk_003,db03-dc_ballad-of-the-broken-gate.md,## Collector's Notes,195,231,15.0,20.0,,
domain_entity,db03-dc_clockwork-synchronization.md#chunk_001,db03-dc_clockwork-synchronization.md,(none),131,162,15.0,15.0,,
domain_entity,db03-dc_clockwork-synchronization.md#chunk_002,db03-dc_clockwork-synchronization.md,## Protocol Overview,141,172,15.0,15.0,,
domain_entity,db03-dc_clockwork-synchronization.md#chunk_003,db03-dc_clockwork-synchronization.md,## Synchronization Cadence,163,195,15.0,15.0,,
domain_entity,db03-dc_clockwork-synchronization.md#chunk_004,db03-dc_clockwork-synchronization.md,## Field Application,306,338,15.0,15.0,,
domain_entity,db03-dc_clockwork-synchronization.md#chunk_005,db03-dc_clockwork-synchronization.md,## Trade Secret Protection,549,581,15.0,15.0,,
domain_entity,db03-dc_combine-month-names.md#chunk_001,db03-dc_combine-month-names.md,(none),67,96,15.0,13.0,,
domain_entity,db03-dc_combine-month-names.md#chunk_002,db03-dc_combine-month-names.md,## Overview,920,949,15.0,13.0,,
domain_entity,db03-dc_combine-month-names.md#chunk_003,db03-dc_combine-month-names.md,### Month 13 — Year's Rest,843,872,15.0,13.0,,
domain_entity,db03-dc_combine-month-names.md#chunk_004,db03-dc_combine-month-names.md,## Elder Resistance,144,172,15.0,13.0,,
domain_entity,db03-dc_combine-month-names.md#chunk_005,db03-dc_combine-month-names.md,## Strategic Implications,150,179,15.0,13.0,,
domain_entity,db03-dc_contract-dispute-case-study.md#chunk_001,db03-dc_contract-dispute-case-study.md,(none),71,102,15.0,15.0,,
domain_entity,db03-dc_contract-dispute-case-study.md#chunk_002,db03-dc_contract-dispute-case-study.md,## Overview,140,171,15.0,15.0,,
domain_entity,db03-dc_contract-dispute-case-study.md#chunk_003,db03-dc_contract-dispute-case-study.md,## Dispute Summary,460,491,15.0,15.0,,
domain_entity,db03-dc_contract-dispute-case-study.md#chunk_004,db03-dc_contract-dispute-case-study.md,## Arbitration Ruling,172,204,15.0,15.0,,
domain_entity,db03-dc_contract-dispute-case-study.md#chunk_005,db03-dc_contract-dispute-case-study.md,## Systemic Impact,295,326,15.0,15.0,,
domain_entity,db03-dc_contract-dispute-case-study.md#chunk_006,db03-dc_contract-dispute-case-study.md,## Cultural Resistance,141,172,15.0,15.0,,
domain_entity,db03-dc_contract-dispute-case-study.md#chunk_007,db03-dc_contract-dispute-case-study.md,## Strategic Implications,144,175,15.0,15.0,,
domain_entity,db03-dc_contract-dispute-case-study.md#chunk_008,db03-dc_contract-dispute-case-study.md,## Historical Context,197,228,15.0,15.0,,
domain_entity,db03-dc_crusade-mobilization.md#chunk_001,db03-dc_crusade-mobilization.md,## Evidence Excerpt,75,109,15.0,18.0,,
domain_entity,db03-dc_crusade-mobilization.md#chunk_002,db03-dc_crusade-mobilization.md,### Seven-Phase Mobilization Protocol,473,507,15.0,18.0,,
domain_entity,db03-dc_crusade-mobilization.md#chunk_003,db03-dc_crusade-mobilization.md,### Resource Allocation,352,386,15.0,18.0,,
domain_entity,db03-dc_crusader-field-training.md#chunk_001,db03-dc_crusader-field-training.md,## Summary,110,144,15.0,18.0,,
domain_entity,db03-dc_crusader-field-training.md#chunk_002,db03-dc_crusader-field-training.md,## Training Structure & Institutional Framework,250,284,15.0,18.0,,
domain_entity,db03-dc_crusader-field-training.md#chunk_003,db03-dc_crusader-field-training.md,## Corrupted Psychic Space Management,236,270,15.0,18.0,,
domain_entity,db03-dc_crusader-field-training.md#chunk_004,db03-dc_crusader-field-training.md,## Environmental Signal Recognition,228,262,15.0,18.0,,
domain_entity,db03-dc_crusader-field-training.md#chunk_005,db03-dc_crusader-field-training.md,## Data-Slate Handling Protocols,249,283,15.0,18.0,,
domain_entity,db03-dc_crusader-field-training.md#chunk_006,db03-dc_crusader-field-training.md,## Structural Assessment Fundamentals,239,273,15.0,18.0,,
domain_entity,db03-dc_crusader-field-training.md#chunk_007,db03-dc_crusader-field-training.md,## Certification & Operational Integration,256,289,15.0,18.0,,
domain_entity,db03-dc_dvergr-guild-chronicle.md#chunk_001,db03-dc_dvergr-guild-chronicle.md,(none),66,98,15.0,16.0,,
domain_entity,db03-dc_dvergr-guild-chronicle.md#chunk_002,db03-dc_dvergr-guild-chronicle.md,## Context,165,197,15.0,16.0,,
domain_entity,db03-dc_dvergr-guild-chronicle.md#chunk_003,db03-dc_dvergr-guild-chronicle.md,## Minimal Log,136,169,15.0,16.0,,
domain_entity,db03-dc_dvergr-guild-chronicle.md#chunk_004,db03-dc_dvergr-guild-chronicle.md,## Chronicle Entry (Layer 3 Evidence),341,374,15.0,16.0,,
domain_entity,db03-dc_dvergr-guild-chronicle.md#chunk_005,db03-dc_dvergr-guild-chronicle.md,### The Ironholt-Frostmark Case Study,211,244,15.0,16.0,,
domain_entity,db03-dc_dvergr-guild-chronicle.md#chunk_006,db03-dc_dvergr-guild-chronicle.md,### Standardization Through Market Forces,204,236,15.0,16.0,,
domain_entity,db03-dc_dvergr-guild-chronicle.md#chunk_007,db03-dc_dvergr-guild-chronicle.md,### Unintended Hegemony,522,555,15.0,16.0,,
domain_entity,db03-dc_dvergr-guild-chronicle.md#chunk_008,db03-dc_dvergr-guild-chronicle.md,## Strategic Implications,226,258,15.0,16.0,,
domain_entity,db03-dc_echo-caller-field-observation.md#chunk_001,db03-dc_echo-caller-field-observation.md,## Ritual Overview,274,305,15.0,15.0,,
domain_entity,db03-dc_ginnungagap-coolant-chasm.md#chunk_001,db03-dc_ginnungagap-coolant-chasm.md,## Minimal Log Context,197,226,15.0,13.0,,
domain_entity,db03-dc_ginnungagap-coolant-chasm.md#chunk_002,db03-dc_ginnungagap-coolant-chasm.md,### Chemical Composition,448,477,15.0,13.0,,
domain_entity,db03-dc_god-sleeper-operational-doctrine.md#chunk_001,db03-dc_god-sleeper-operational-doctrine.md,## Minimal Log,889,917,15.0,13.0,,
domain_entity,db03-dc_god-sleeper-operational-doctrine.md#chunk_002,db03-dc_god-sleeper-operational-doctrine.md,### vs. Rust-Clan Hunters,387,416,15.0,13.0,,
domain_entity,db03-dc_gutter-skald-info-exchange.md#chunk_001,db03-dc_gutter-skald-info-exchange.md,(none),269,301,15.0,16.0,,
domain_entity,db03-dc_gutter-skald-info-exchange.md#chunk_002,db03-dc_gutter-skald-info-exchange.md,### 2.2 Transaction Sequence,445,478,15.0,16.0,,
domain_entity,db03-dc_historical-theological-survey.md#chunk_001,db03-dc_historical-theological-survey.md,## Observation Context,80,109,15.0,13.0,,
domain_entity,db03-dc_historical-theological-survey.md#chunk_002,db03-dc_historical-theological-survey.md,## §1 — Pre-Glitch Religious Context,200,228,15.0,13.0,,
domain_entity,db03-dc_historical-theological-survey.md#chunk_003,db03-dc_historical-theological-survey.md,## §2 — God-Sleeper Origins and Rise (Years 50-200 PG),295,323,15.0,13.0,,
domain_entity,db03-dc_historical-theological-survey.md#chunk_004,db03-dc_historical-theological-survey.md,## §3 — Iron-Bane Doctrinal Development (Years 150-500 PG),314,343,15.0,13.0,,
domain_entity,db03-dc_historical-theological-survey.md#chunk_005,db03-dc_historical-theological-survey.md,## §4 — The Warden-Host as Theological Response (Years 340-783 PG),170,198,15.0,13.0,,
domain_entity,db03-dc_historical-theological-survey.md#chunk_006,db03-dc_historical-theological-survey.md,## §5 — Religious-Technology Intersections (Current Era),357,386,15.0,13.0,,
domain_entity,db03-dc_inter-generational-knowledge-transfer.md#chunk_001,db03-dc_inter-generational-knowledge-transfer.md,(none),865,899,15.0,18.0,,
domain_entity,db03-dc_inter-generational-knowledge-transfer.md#chunk_002,db03-dc_inter-generational-knowledge-transfer.md,### Dual-Caste Integration,249,283,15.0,18.0,,
domain_entity,db03-dc_inter-generational-knowledge-transfer.md#chunk_003,db03-dc_inter-generational-knowledge-transfer.md,### Vulnerabilities of Oral Tradition,500,534,15.0,18.0,,
domain_entity,db03-dc_inter-generational-knowledge-transfer.md#chunk_004,db03-dc_inter-generational-knowledge-transfer.md,## Strategic Cultural Implications,198,232,15.0,18.0,,
domain_entity,db03-dc_iron-bane-theological-analysis.md#chunk_001,db03-dc_iron-bane-theological-analysis.md,## Overview,94,126,15.0,15.0,,
domain_entity,db03-dc_iron-bane-theological-analysis.md#chunk_002,db03-dc_iron-bane-theological-analysis.md,### The Iron-Curse Manifestation,886,917,15.0,15.0,,
domain_entity,db03-dc_iron-bane-theological-analysis.md#chunk_003,db03-dc_iron-bane-theological-analysis.md,## Strategic Implications,70,101,15.0,15.0,,
domain_entity,db03-dc_iron-banes-liturgical-calendar.md#chunk_001,db03-dc_iron-banes-liturgical-calendar.md,(none),162,193,15.0,15.0,,
domain_entity,db03-dc_iron-banes-liturgical-calendar.md#chunk_002,db03-dc_iron-banes-liturgical-calendar.md,## Temporal Foundation and Theological Overlay,169,200,15.0,15.0,,
domain_entity,db03-dc_iron-banes-liturgical-calendar.md#chunk_003,db03-dc_iron-banes-liturgical-calendar.md,## The Five Ages Framework,169,200,15.0,15.0,,
domain_entity,db03-dc_iron-banes-liturgical-calendar.md#chunk_004,db03-dc_iron-banes-liturgical-calendar.md,## Sacred Date Observance,274,305,15.0,15.0,,
domain_entity,db03-dc_iron-banes-liturgical-calendar.md#chunk_005,db03-dc_iron-banes-liturgical-calendar.md,## Operational Integration and Practical Compromise,174,205,15.0,15.0,,
domain_entity,db03-dc_iron-banes-liturgical-calendar.md#chunk_006,db03-dc_iron-banes-liturgical-calendar.md,## Doctrinal Uncertainty and Competing Interpretations,630,661,15.0,15.0,,
domain_entity,db03-dc_iron-banes-liturgical-calendar.md#chunk_007,db03-dc_iron-banes-liturgical-calendar.md,## Calendar Mathematics and Astronomical Correction,130,161,15.0,15.0,,
domain_entity,db03-dc_iron-banes-liturgical-calendar.md#chunk_008,db03-dc_iron-banes-liturgical-calendar.md,## Inter-Chapter Coordination and Doctrinal Diversity,244,275,15.0,15.0,,
domain_entity,db03-dc_jarl-authority-exercise.md#chunk_001,db03-dc_jarl-authority-exercise.md,(none),100,133,15.0,18.0,,
domain_entity,db03-dc_jarl-authority-exercise.md#chunk_002,db03-dc_jarl-authority-exercise.md,## Crisis Context,252,286,15.0,18.0,,
domain_entity,db03-dc_jarl-authority-exercise.md#chunk_003,db03-dc_jarl-authority-exercise.md,## Decision-Making Process,241,275,15.0,18.0,,
domain_entity,db03-dc_jarl-authority-exercise.md#chunk_004,db03-dc_jarl-authority-exercise.md,## Jarl Proclamation,215,249,15.0,18.0,,
domain_entity,db03-dc_jarl-authority-exercise.md#chunk_005,db03-dc_jarl-authority-exercise.md,## Implementation,193,227,15.0,18.0,,
domain_entity,db03-dc_jarl-authority-exercise.md#chunk_006,db03-dc_jarl-authority-exercise.md,## Outcomes Assessment,236,270,15.0,18.0,,
domain_entity,db03-dc_jarl-authority-exercise.md#chunk_007,db03-dc_jarl-authority-exercise.md,## Authority Dynamics Observed,378,412,15.0,18.0,,
domain_entity,db03-dc_jarn-madr-behavioral-study.md#chunk_001,db03-dc_jarn-madr-behavioral-study.md,(none),93,128,15.0,19.0,,
domain_entity,db03-dc_jarn-madr-behavioral-study.md#chunk_002,db03-dc_jarn-madr-behavioral-study.md,## Study Parameters and Safety Protocols,232,267,15.0,19.0,,
domain_entity,db03-dc_jarn-madr-behavioral-study.md#chunk_003,db03-dc_jarn-madr-behavioral-study.md,## Swarm Density and Composition,198,234,15.0,19.0,,
domain_entity,db03-dc_jarn-madr-behavioral-study.md#chunk_004,db03-dc_jarn-madr-behavioral-study.md,## Material Targeting Hierarchy,501,536,15.0,19.0,,
domain_entity,db03-dc_jarn-madr-behavioral-study.md#chunk_005,db03-dc_jarn-madr-behavioral-study.md,## Disassembly Efficiency and Methods,340,375,15.0,19.0,,
domain_entity,db03-dc_jarn-madr-behavioral-study.md#chunk_006,db03-dc_jarn-madr-behavioral-study.md,## Humanoid Coalescence Patterns,334,369,15.0,19.0,,
domain_entity,db03-dc_jarn-madr-behavioral-study.md#chunk_007,db03-dc_jarn-madr-behavioral-study.md,## Communication and Coordination,240,275,15.0,19.0,,
domain_entity,db03-dc_jarn-madr-behavioral-study.md#chunk_008,db03-dc_jarn-madr-behavioral-study.md,## Diagnostic Assessment and Implications,314,349,15.0,19.0,,
domain_entity,db03-dc_jotun-reader-chronology.md#chunk_001,db03-dc_jotun-reader-chronology.md,(none),182,214,15.0,16.0,,
domain_entity,db03-dc_jotun-reader-chronology.md#chunk_002,db03-dc_jotun-reader-chronology.md,## Archival Methodology and Evidence Sources,269,301,15.0,16.0,,
domain_entity,db03-dc_jotun-reader-chronology.md#chunk_003,db03-dc_jotun-reader-chronology.md,## Primary Evidence: Chronology Reconstruction Notes,500,533,15.0,16.0,,
domain_entity,db03-dc_jotun-reader-chronology.md#chunk_004,db03-dc_jotun-reader-chronology.md,## Collaborative Consensus Process,174,206,15.0,16.0,,
domain_entity,db03-dc_jotun-reader-chronology.md#chunk_005,db03-dc_jotun-reader-chronology.md,## Implications for Historical Precision,231,263,15.0,16.0,,
domain_entity,db03-dc_jotunheim-swarm-density.md#chunk_001,db03-dc_jotunheim-swarm-density.md,(none),165,201,15.0,20.0,,
domain_entity,db03-dc_jotunheim-swarm-density.md#chunk_002,db03-dc_jotunheim-swarm-density.md,## Survey Design and Methodology,254,291,15.0,20.0,,
domain_entity,db03-dc_jotunheim-swarm-density.md#chunk_003,db03-dc_jotunheim-swarm-density.md,### Knuckle-Bone Fields Primary Habitat,426,462,15.0,20.0,,
domain_entity,db03-dc_jotunheim-swarm-density.md#chunk_004,db03-dc_jotunheim-swarm-density.md,### Site 1: Knuckle-Bone Fields Northeast Sector,179,215,15.0,20.0,,
domain_entity,db03-dc_jotunheim-swarm-density.md#chunk_005,db03-dc_jotunheim-swarm-density.md,### Site 2: Great Looms Corridor Northern Sector,211,248,15.0,20.0,,
domain_entity,db03-dc_jotunheim-swarm-density.md#chunk_006,db03-dc_jotunheim-swarm-density.md,### Site 3: Iron Heart Breach Core,205,241,15.0,20.0,,
domain_entity,db03-dc_jotunheim-swarm-density.md#chunk_007,db03-dc_jotunheim-swarm-density.md,## Swarm Movement Patterns,204,240,15.0,20.0,,
domain_entity,db03-dc_jotunheim-swarm-density.md#chunk_008,db03-dc_jotunheim-swarm-density.md,## Population Growth Dynamics,235,271,15.0,20.0,,
domain_entity,db03-dc_jotunheim-swarm-density.md#chunk_009,db03-dc_jotunheim-swarm-density.md,## Strategic Threat Assessment,512,548,15.0,20.0,,
domain_entity,db03-dc_loki-archive-security-audit.md#chunk_001,db03-dc_loki-archive-security-audit.md,(none),178,211,15.0,18.0,,
domain_entity,db03-dc_loki-archive-security-audit.md#chunk_002,db03-dc_loki-archive-security-audit.md,## Background: The Loki Archive Purpose,525,559,15.0,18.0,,
domain_entity,db03-dc_loki-archive-security-audit.md#chunk_003,db03-dc_loki-archive-security-audit.md,### Heimdallr Fragments,154,188,15.0,18.0,,
domain_entity,db03-dc_loki-archive-security-audit.md#chunk_004,db03-dc_loki-archive-security-audit.md,### Active Ghost-Processes,269,302,15.0,18.0,,
domain_entity,db03-dc_loki-archive-security-audit.md#chunk_005,db03-dc_loki-archive-security-audit.md,### ODIN Protocol Fragments,418,452,15.0,18.0,,
domain_entity,db03-dc_loki-archive-security-audit.md#chunk_006,db03-dc_loki-archive-security-audit.md,### Incident 1: Vault 2 Containment Box Seal Degradation,180,214,15.0,18.0,,
domain_entity,db03-dc_loki-archive-security-audit.md#chunk_007,db03-dc_loki-archive-security-audit.md,### Incident 2: Ghost-Process Migration Attempt,174,208,15.0,18.0,,
domain_entity,db03-dc_loki-archive-security-audit.md#chunk_008,db03-dc_loki-archive-security-audit.md,### Incident 3: Access Log Anomaly,890,924,15.0,18.0,,
domain_entity,db03-dc_loki-archive-security-audit.md#chunk_009,db03-dc_loki-archive-security-audit.md,## Conclusion,113,146,15.0,18.0,,
domain_entity,db03-dc_loki-protocol-warning.md#chunk_001,db03-dc_loki-protocol-warning.md,(none),88,122,15.0,18.0,,
domain_entity,db03-dc_loki-protocol-warning.md#chunk_002,db03-dc_loki-protocol-warning.md,### L.O.K.I. PROTOCOL DIAGNOSTIC LOG — HEIMDALLR BLIND SPOT ASSESSMENT,923,956,15.0,18.0,,
domain_entity,db03-dc_loki-protocol-warning.md#chunk_003,db03-dc_loki-protocol-warning.md,### L.O.K.I. PROTOCOL DIAGNOSTIC LOG — HEIMDALLR BLIND SPOT ASSESSMENT,374,408,15.0,18.0,,
domain_entity,db03-dc_loki-protocol-warning.md#chunk_004,db03-dc_loki-protocol-warning.md,## JÖTUN-READER ANALYSIS (Layer 2),328,362,15.0,18.0,,
domain_entity,db03-dc_medical-causality-research.md#chunk_001,db03-dc_medical-causality-research.md,## Observation Context,78,111,15.0,18.0,,
domain_entity,db03-dc_medical-causality-research.md#chunk_002,db03-dc_medical-causality-research.md,## §1 — Research Premise and Scope,141,175,15.0,18.0,,
domain_entity,db03-dc_medical-causality-research.md#chunk_003,db03-dc_medical-causality-research.md,### 2.1 — Established Causal Factors,171,205,15.0,18.0,,
domain_entity,db03-dc_medical-causality-research.md#chunk_004,db03-dc_medical-causality-research.md,### 2.2 — Proposed Causal Models,193,227,15.0,18.0,,
domain_entity,db03-dc_medical-causality-research.md#chunk_005,db03-dc_medical-causality-research.md,### 3.1 — Observed Divergence Points,170,204,15.0,18.0,,
domain_entity,db03-dc_medical-causality-research.md#chunk_006,db03-dc_medical-causality-research.md,### 3.2 — Proposed Divergence Models,178,211,15.0,18.0,,
domain_entity,db03-dc_medical-causality-research.md#chunk_007,db03-dc_medical-causality-research.md,### 4.1 — Priority Questions,131,165,15.0,18.0,,
domain_entity,db03-dc_medical-causality-research.md#chunk_008,db03-dc_medical-causality-research.md,### 4.2 — Research Barriers,256,289,15.0,18.0,,
domain_entity,db03-dc_novice-training-documentation.md#chunk_001,db03-dc_novice-training-documentation.md,"## Evidence Excerpt (Layer 2, Instructional Documentation)",148,182,15.0,18.0,,
domain_entity,db03-dc_novice-training-documentation.md#chunk_002,db03-dc_novice-training-documentation.md,### Segment 1: Breath Control Techniques (T+0 to T+25 min),228,262,15.0,18.0,,
domain_entity,db03-dc_novice-training-documentation.md#chunk_003,db03-dc_novice-training-documentation.md,### Segment 2: Cognitive Anchor Exercises (T+25 to T+50 min),323,357,15.0,18.0,,
domain_entity,db03-dc_novice-training-documentation.md#chunk_004,db03-dc_novice-training-documentation.md,### Segment 4: Slow Path Philosophy (T+75 to T+90 min),132,166,15.0,18.0,,
domain_entity,db03-dc_novice-training-documentation.md#chunk_005,db03-dc_novice-training-documentation.md,### Session Conclusion,232,266,15.0,18.0,,
domain_entity,db03-dc_perfect-silent-cage.md#chunk_001,db03-dc_perfect-silent-cage.md,## Summary,119,152,15.0,16.0,,
domain_entity,db03-dc_perfect-silent-cage.md#chunk_002,db03-dc_perfect-silent-cage.md,## Expedition Profile & Strategic Context,211,244,15.0,16.0,,
domain_entity,db03-dc_perfect-silent-cage.md#chunk_003,db03-dc_perfect-silent-cage.md,## Recovery Operation & Site Forensics,293,326,15.0,16.0,,
domain_entity,db03-dc_perfect-silent-cage.md#chunk_004,db03-dc_perfect-silent-cage.md,## Tactical & Strategic Implications,291,323,15.0,16.0,,
domain_entity,db03-dc_perfect-silent-cage.md#chunk_005,db03-dc_perfect-silent-cage.md,## Policy Outcomes,258,291,15.0,16.0,,
domain_entity,db03-dc_quiet-nod-protocol.md#chunk_001,db03-dc_quiet-nod-protocol.md,## Summary,109,141,15.0,16.0,,
domain_entity,db03-dc_quiet-nod-protocol.md#chunk_002,db03-dc_quiet-nod-protocol.md,## Institutional Structure & Conflict Separation,263,296,15.0,16.0,,
domain_entity,db03-dc_quiet-nod-protocol.md#chunk_003,db03-dc_quiet-nod-protocol.md,## Contracting Protocol & Communication Security,247,279,15.0,16.0,,
domain_entity,db03-dc_quiet-nod-protocol.md#chunk_004,db03-dc_quiet-nod-protocol.md,## Execution Methodology & Stealth Techniques,280,313,15.0,16.0,,
domain_entity,db03-dc_quiet-nod-protocol.md#chunk_005,db03-dc_quiet-nod-protocol.md,## Lie-Mark Deployment & Misdirection,248,280,15.0,16.0,,
domain_entity,db03-dc_quiet-nod-protocol.md#chunk_006,db03-dc_quiet-nod-protocol.md,## Cultural Boundaries & Operational Limits,250,283,15.0,16.0,,
domain_entity,db03-dc_quiet-nod-protocol.md#chunk_007,db03-dc_quiet-nod-protocol.md,## Economic Structure & Operational Security,224,257,15.0,16.0,,
domain_entity,db03-dc_rule-of-two-threads.md#chunk_001,db03-dc_rule-of-two-threads.md,## Summary,106,137,15.0,15.0,,
domain_entity,db03-dc_rule-of-two-threads.md#chunk_002,db03-dc_rule-of-two-threads.md,## Verification Protocol Structure,245,276,15.0,15.0,,
domain_entity,db03-dc_rule-of-two-threads.md#chunk_003,db03-dc_rule-of-two-threads.md,## Source Reliability Tracking,150,182,15.0,15.0,,
domain_entity,db03-dc_rule-of-two-threads.md#chunk_004,db03-dc_rule-of-two-threads.md,## Blood-Proof Enhancement,145,176,15.0,15.0,,
domain_entity,db03-dc_rule-of-two-threads.md#chunk_005,db03-dc_rule-of-two-threads.md,## Wind-Singer Penalty Enforcement,262,293,15.0,15.0,,
domain_entity,db03-dc_rule-of-two-threads.md#chunk_006,db03-dc_rule-of-two-threads.md,## Economic Function in Lawless Environments,289,321,15.0,15.0,,
domain_entity,db03-dc_salvage-operations-manual.md#chunk_001,db03-dc_salvage-operations-manual.md,## Observation Context,65,97,15.0,16.0,,
domain_entity,db03-dc_salvage-operations-manual.md#chunk_002,db03-dc_salvage-operations-manual.md,## §1 — Salvage Operations Overview,204,236,15.0,16.0,,
domain_entity,db03-dc_salvage-operations-manual.md#chunk_003,db03-dc_salvage-operations-manual.md,### 2.1 — Pre-Entry Assessment,128,161,15.0,16.0,,
domain_entity,db03-dc_salvage-operations-manual.md#chunk_004,db03-dc_salvage-operations-manual.md,### 2.2 — Extraction Protocols,148,180,15.0,16.0,,
domain_entity,db03-dc_salvage-operations-manual.md#chunk_005,db03-dc_salvage-operations-manual.md,### 2.3 — Void-Marked Personnel Protocols,348,380,15.0,16.0,,
domain_entity,db03-dc_salvage-operations-manual.md#chunk_006,db03-dc_salvage-operations-manual.md,## §4 — Timeline of Major Discoveries,209,241,15.0,16.0,,
domain_entity,db03-dc_salvage-operations-manual.md#chunk_007,db03-dc_salvage-operations-manual.md,## §5 — Factional Salvage Policies,206,239,15.0,16.0,,
domain_entity,db03-dc_salvage-operations-manual.md#chunk_008,db03-dc_salvage-operations-manual.md,## §6 — Risk Assessment Matrix,150,183,15.0,16.0,,
domain_entity,db03-dc_sanctuary-establishment-record.md#chunk_001,db03-dc_sanctuary-establishment-record.md,## Observation Context,80,113,15.0,16.0,,
domain_entity,db03-dc_sanctuary-establishment-record.md#chunk_002,db03-dc_sanctuary-establishment-record.md,## §1 — The Grith-Hold Charter (Year 340 PG),647,679,15.0,16.0,,
domain_entity,db03-dc_sanctuary-establishment-record.md#chunk_003,db03-dc_sanctuary-establishment-record.md,## §3 — Void-Marked Sanctuary Rights,234,266,15.0,16.0,,
domain_entity,db03-dc_sanctuary-establishment-record.md#chunk_004,db03-dc_sanctuary-establishment-record.md,## §4 — Echo-Cant Communication Protocols,280,313,15.0,16.0,,
domain_entity,db03-dc_sanctuary-establishment-record.md#chunk_005,db03-dc_sanctuary-establishment-record.md,## §5 — Iron-Bane Conflict Record,443,475,15.0,16.0,,
domain_entity,db03-dc_sanctuary-establishment.md#chunk_001,db03-dc_sanctuary-establishment.md,## Observation Summary,516,548,15.0,16.0,,
domain_entity,db03-dc_sanctuary-establishment.md#chunk_002,db03-dc_sanctuary-establishment.md,## Quantified Observations,241,274,15.0,16.0,,
domain_entity,db03-dc_sanctuary-establishment.md#chunk_003,db03-dc_sanctuary-establishment.md,## Operational Context,252,284,15.0,16.0,,
domain_entity,db03-dc_waystation-cache-inventory.md#chunk_001,db03-dc_waystation-cache-inventory.md,# Waystation Cache Inventory Audit — Stonebridge Tier 2 Year 783 PG,438,473,15.0,19.0,,
domain_entity,standalone_aether-weave-os.md#chunk_001,standalone_aether-weave-os.md,# ⚙️ Technical Specification: Aether-Weave OS — Core Architecture & Futhark API,162,200,18.0,19.0,,
domain_entity,standalone_aether-weave-os.md#chunk_002,standalone_aether-weave-os.md,### 1.2 Core Design Principles,263,301,18.0,19.0,,
domain_entity,standalone_aether-weave-os.md#chunk_003,standalone_aether-weave-os.md,### 2.1 API Structure and Syntax,347,384,18.0,19.0,,
domain_entity,standalone_aether-weave-os.md#chunk_004,standalone_aether-weave-os.md,### 2.2 Representative Subroutine Examples,655,692,18.0,19.0,,
domain_entity,standalone_aether-weave-os.md#chunk_005,standalone_aether-weave-os.md,### 3.2 Coordination Primitives,228,266,18.0,19.0,,
domain_entity,standalone_aether-weave-os.md#chunk_006,standalone_aether-weave-os.md,### 4.1 Nominal Operation Examples,590,627,18.0,19.0,,
domain_entity,standalone_aether-weave-os.md#chunk_007,standalone_aether-weave-os.md,### 7.3 Dvergr Rejection Rationale,159,197,18.0,19.0,,
domain_entity,standalone_combine-reckoning.md#chunk_001,standalone_combine-reckoning.md,# 🌾 Combine Reckoning: Agricultural Timekeeping and Seasonal Coordination,23,57,18.0,15.0,,
domain_entity,standalone_combine-reckoning.md#chunk_002,standalone_combine-reckoning.md,## 1. Introduction and scope,249,283,18.0,15.0,,
domain_entity,standalone_combine-reckoning.md#chunk_003,standalone_combine-reckoning.md,### The thirteen seasonal designations,907,941,18.0,15.0,,
domain_entity,standalone_combine-reckoning.md#chunk_004,standalone_combine-reckoning.md,### Geographic climate zones and agricultural constraints,547,581,18.0,15.0,,
domain_entity,standalone_combine-reckoning.md#chunk_005,standalone_combine-reckoning.md,### Key patterns and cultural characteristics,140,174,18.0,15.0,,
domain_entity,standalone_dagaz-concordance.md#chunk_001,standalone_dagaz-concordance.md,### How to use this entry,843,874,18.0,13.0,,
domain_entity,standalone_daily-life-midgard.md#chunk_001,standalone_daily-life-midgard.md,# 🏘️ Daily Life in the Midgard Combine: A Diagnostic Study of Post-Glitch Subsistence Culture,32,75,19.0,23.0,,
domain_entity,standalone_daily-life-midgard.md#chunk_002,standalone_daily-life-midgard.md,## 1. Introduction: The Diagnostic Frame,150,193,19.0,23.0,,
domain_entity,standalone_daily-life-midgard.md#chunk_003,standalone_daily-life-midgard.md,### 2.1 Agricultural foundation and labor cycles,128,171,19.0,23.0,,
domain_entity,standalone_daily-life-midgard.md#chunk_004,standalone_daily-life-midgard.md,### 2.2 Seasonal labor allocation,521,564,19.0,23.0,,
domain_entity,standalone_daily-life-midgard.md#chunk_005,standalone_daily-life-midgard.md,"### 3.1 The ""Rope-Weave"" kinship system",209,252,19.0,23.0,,
domain_entity,standalone_daily-life-midgard.md#chunk_006,standalone_daily-life-midgard.md,### 3.2 Work-groups and trust structures,386,429,19.0,23.0,,
domain_entity,standalone_daily-life-midgard.md#chunk_007,standalone_daily-life-midgard.md,### 5.1 Dominant belief systems in Midgard,273,315,19.0,23.0,,
domain_entity,standalone_daily-life-midgard.md#chunk_008,standalone_daily-life-midgard.md,### 5.2 Ritual calendar and ceremonial life,825,868,19.0,23.0,,
domain_entity,standalone_daily-life-midgard.md#chunk_009,standalone_daily-life-midgard.md,### 8.1 Structural fragilities,223,266,19.0,23.0,,
domain_entity,standalone_daily-life-midgard.md#chunk_010,standalone_daily-life-midgard.md,## 9. Conclusion: Daily Life as Adaptive Success,139,182,19.0,23.0,,
domain_entity,standalone_fimbul-cant.md#chunk_001,standalone_fimbul-cant.md,# 🗣️ Fimbul-Cant: The Language of Ice-Debt and Survival,63,96,16.0,15.0,,
domain_entity,standalone_fimbul-cant.md#chunk_002,standalone_fimbul-cant.md,## 1. Identification and context,280,313,16.0,15.0,,
domain_entity,standalone_fimbul-cant.md#chunk_003,standalone_fimbul-cant.md,### 2.1 Etymological foundations,179,211,16.0,15.0,,
domain_entity,standalone_fimbul-cant.md#chunk_004,standalone_fimbul-cant.md,### 2.2 Core vocabulary domains,579,612,16.0,15.0,,
domain_entity,standalone_fimbul-cant.md#chunk_005,standalone_fimbul-cant.md,### 2.3 Psychological embedding mechanisms,244,276,16.0,15.0,,
domain_entity,standalone_fimbul-cant.md#chunk_006,standalone_fimbul-cant.md,### 3.1 Field Card — Forsaken communication protocols,482,514,16.0,15.0,,
domain_entity,standalone_fimbul-cant.md#chunk_007,standalone_fimbul-cant.md,### 4.1 Common misunderstandings (outsider errors),243,275,16.0,15.0,,
domain_entity,standalone_fimbul-cant.md#chunk_008,standalone_fimbul-cant.md,### 4.2 Psychological diagnostic applications,197,230,16.0,15.0,,
domain_entity,standalone_fimbul-cant.md#chunk_009,standalone_fimbul-cant.md,### 5.1 Jötun-Reader engagement doctrine,276,309,16.0,15.0,,
domain_entity,standalone_fimbul-cant.md#chunk_010,standalone_fimbul-cant.md,### 5.2 Rangers Guild operational stance,154,187,16.0,15.0,,
domain_entity,standalone_fimbul-cant.md#chunk_011,standalone_fimbul-cant.md,### 5.3 Dvergr Guild assessment,180,213,16.0,15.0,,
domain_entity,standalone_fimbul-cant.md#chunk_012,standalone_fimbul-cant.md,### 6.1 Linguistic foundations,135,167,16.0,15.0,,
domain_entity,standalone_fimbul-cant.md#chunk_013,standalone_fimbul-cant.md,### 6.2 Cultural and geographic context,152,184,16.0,15.0,,
domain_entity,standalone_fimbul-cant.md#chunk_014,standalone_fimbul-cant.md,### 7.1 Jötun-Readers — The Archive of Suffering,525,557,16.0,15.0,,
domain_entity,standalone_fimbul-cant.md#chunk_015,standalone_fimbul-cant.md,"### 7.2 Forsaken — Our Words, Our Survival",605,638,16.0,15.0,,
domain_entity,standalone_fimbul-cant.md#chunk_016,standalone_fimbul-cant.md,### 7.3 Rangers Guild — Professional Competence Requirement,422,455,16.0,15.0,,
domain_entity,standalone_fimbul-cant.md#chunk_017,standalone_fimbul-cant.md,### 7.4 Dvergr Clans — Functional Efficiency Assessment,430,462,16.0,15.0,,
domain_entity,standalone_fimbul-cant.md#chunk_018,standalone_fimbul-cant.md,### 7.5 Iron-Banes — The Slave-Tongue,474,507,16.0,15.0,,
domain_entity,standalone_fimbul-cant.md#chunk_019,standalone_fimbul-cant.md,### 7.6 Hearth-Clans — The Border Echo,473,505,16.0,15.0,,
domain_entity,standalone_fimbul-cant.md#chunk_020,standalone_fimbul-cant.md,### 7.7 God-Sleepers — The Language of Trial,500,533,16.0,15.0,,
domain_entity,standalone_fimbul-cant.md#chunk_021,standalone_fimbul-cant.md,## 8. Reviewer's Note,724,756,16.0,15.0,,
domain_entity,standalone_gebo-concordance.md#chunk_001,standalone_gebo-concordance.md,## How to use this entry,670,702,18.0,13.0,,
domain_entity,standalone_nine-tiers-architecture.md#chunk_001,standalone_nine-tiers-architecture.md,# ⚙️ The Nine Tiers Architecture: Hierarchical Design of the Yggdrasil Network,42,80,18.0,19.0,,
domain_entity,standalone_nine-tiers-architecture.md#chunk_002,standalone_nine-tiers-architecture.md,## Abstract,478,516,18.0,19.0,,
domain_entity,standalone_nine-tiers-architecture.md#chunk_003,standalone_nine-tiers-architecture.md,### 1.1 Functional Stratification,247,284,18.0,19.0,,
domain_entity,standalone_nine-tiers-architecture.md#chunk_004,standalone_nine-tiers-architecture.md,### 1.2 Hierarchical Control: ODIN Integration Density,249,287,18.0,19.0,,
domain_entity,standalone_nine-tiers-architecture.md#chunk_005,standalone_nine-tiers-architecture.md,### 1.3 Aetheric Field Density Correlation,165,202,18.0,19.0,,
domain_entity,standalone_nine-tiers-architecture.md#chunk_006,standalone_nine-tiers-architecture.md,### Tier 0: Governance Core,183,221,18.0,19.0,,
domain_entity,standalone_nine-tiers-architecture.md#chunk_007,standalone_nine-tiers-architecture.md,### Tier 1: Research and Development,911,949,18.0,19.0,,
domain_entity,standalone_nine-tiers-architecture.md#chunk_008,standalone_nine-tiers-architecture.md,### Secondary Sources (Layer 2: Diagnostic Analysis),28,66,18.0,19.0,,
domain_entity,standalone_nine-tiers-architecture.md#chunk_009,standalone_nine-tiers-architecture.md,## VIII. Cross-References,133,171,18.0,19.0,,
domain_entity,standalone_nine-tiers-architecture.md#chunk_010,standalone_nine-tiers-architecture.md,## IX. Change Log,228,266,18.0,19.0,,
domain_entity,standalone_runic-interface.md#chunk_001,standalone_runic-interface.md,# Runic Interface (Physical Command Layer),62,91,16.0,11.0,,
domain_entity,standalone_runic-interface.md#chunk_002,standalone_runic-interface.md,## 1.0 Abstract,128,157,16.0,11.0,,
domain_entity,standalone_runic-interface.md#chunk_003,standalone_runic-interface.md,### 2.1 Functional Architecture,399,427,16.0,11.0,,
domain_entity,standalone_runic-interface.md#chunk_004,standalone_runic-interface.md,### 3.1 The Intent Signature,189,218,16.0,11.0,,
domain_entity,standalone_runic-interface.md#chunk_005,standalone_runic-interface.md,### 3.2 Line-of-Sight Requirements,136,165,16.0,11.0,,
domain_entity,standalone_runic-interface.md#chunk_006,standalone_runic-interface.md,### 4.1 Material Requirements,145,174,16.0,11.0,,
domain_entity,standalone_runic-interface.md#chunk_007,standalone_runic-interface.md,### 4.2 Inscription Persistence,128,157,16.0,11.0,,
domain_entity,standalone_runic-interface.md#chunk_008,standalone_runic-interface.md,### 5.1 Authorization Hierarchies,382,410,16.0,11.0,,
domain_entity,standalone_runic-interface.md#chunk_009,standalone_runic-interface.md,### 6.2 Modern Runic Invocation Risks,249,278,16.0,11.0,,
domain_entity,standalone_runic-interface.md#chunk_010,standalone_runic-interface.md,### 6.4 Jötun-Reader Firewall Strategy,514,543,16.0,11.0,,
domain_entity,standalone_runic-interface.md#chunk_011,standalone_runic-interface.md,## 10.0 Conclusion,247,275,16.0,11.0,,
de_authority,000-codex_echo-cant.md#chunk_001,000-codex_echo-cant.md,# Echo-Cant,32,67,18.0,6.0,10.0,
de_authority,000-codex_echo-cant.md#chunk_002,000-codex_echo-cant.md,### 1. Identification and context,169,204,18.0,6.0,10.0,
de_authority,000-codex_echo-cant.md#chunk_003,000-codex_echo-cant.md,### 2. Mechanism of action (Layer 2 diagnostic),371,406,18.0,6.0,10.0,
de_authority,000-codex_echo-cant.md#chunk_004,000-codex_echo-cant.md,### 3. Field Card — Echo-dense chamber protocols,591,626,18.0,6.0,10.0,
de_authority,000-codex_echo-cant.md#chunk_005,000-codex_echo-cant.md,### 4. Interactions and failure surfaces,315,351,18.0,6.0,10.0,
de_authority,000-codex_echo-cant.md#chunk_006,000-codex_echo-cant.md,### 5. Doctrine and operational posture,392,427,18.0,6.0,10.0,
de_authority,000-codex_echo-cant.md#chunk_007,000-codex_echo-cant.md,### 7. Factional perspectives,444,479,18.0,6.0,10.0,
de_authority,000-codex_harrow-sick.md#chunk_001,000-codex_harrow-sick.md,# Harrow-Sick (Post-Glitch Degenerative Condition),32,71,18.0,10.0,10.0,
de_authority,000-codex_harrow-sick.md#chunk_002,000-codex_harrow-sick.md,### 1. Identification and context,175,214,18.0,10.0,10.0,
de_authority,000-codex_harrow-sick.md#chunk_003,000-codex_harrow-sick.md,### 2. Symptomology and progression,399,438,18.0,10.0,10.0,
de_authority,000-codex_harrow-sick.md#chunk_004,000-codex_harrow-sick.md,### 3. Proposed etiologies,287,326,18.0,10.0,10.0,
de_authority,000-codex_harrow-sick.md#chunk_005,000-codex_harrow-sick.md,### 4. Relationship to Void-Marked condition,157,196,18.0,10.0,10.0,
de_authority,000-codex_harrow-sick.md#chunk_006,000-codex_harrow-sick.md,### 5. Treatment and management,193,232,18.0,10.0,10.0,
de_authority,000-codex_harrow-sick.md#chunk_007,000-codex_harrow-sick.md,### 6. Field Card — Harrow-Sick identification protocol,144,183,18.0,10.0,10.0,
de_authority,000-codex_harrow-sick.md#chunk_008,000-codex_harrow-sick.md,### 7. Factional perspectives,505,544,18.0,10.0,10.0,
de_authority,000-codex_hela-caste-custodian.md#chunk_001,000-codex_hela-caste-custodian.md,# 💀 Hela-Caste Custodian Program (Huscarl-Class Bio-Augments),40,81,18.0,13.0,10.0,
de_authority,000-codex_hela-caste-custodian.md#chunk_002,000-codex_hela-caste-custodian.md,## Abstract,365,406,18.0,13.0,10.0,
de_authority,000-codex_hela-caste-custodian.md#chunk_003,000-codex_hela-caste-custodian.md,### 1.1 Operational Mandate,178,219,18.0,13.0,10.0,
de_authority,000-codex_hela-caste-custodian.md#chunk_004,000-codex_hela-caste-custodian.md,### 2.1 Subject Procurement,185,227,18.0,13.0,10.0,
de_authority,000-codex_hela-caste-custodian.md#chunk_005,000-codex_hela-caste-custodian.md,"### 2.2 The ""Iron Heart"": Geothermal Micro-Core Implantation",184,226,18.0,13.0,10.0,
de_authority,000-codex_hela-caste-custodian.md#chunk_006,000-codex_hela-caste-custodian.md,"### 2.3 The Thermoregulatory Vent: ""Smoke Stack""",154,196,18.0,13.0,10.0,
de_authority,000-codex_hela-caste-custodian.md#chunk_007,000-codex_hela-caste-custodian.md,### 2.4 Systemic Cybernetic Integration,288,330,18.0,13.0,10.0,
de_authority,000-codex_hela-caste-custodian.md#chunk_008,000-codex_hela-caste-custodian.md,### 3.2 Haugbui-Class Undying: The Mound-Dwellers,239,280,18.0,13.0,10.0,
de_authority,000-codex_hela-caste-custodian.md#chunk_009,000-codex_hela-caste-custodian.md,### 3.3 Draugr-Class Undying: The Again-Walkers,656,698,18.0,13.0,10.0,
de_authority,000-codex_lure-lichen.md#chunk_001,000-codex_lure-lichen.md,# 🌿 Lure-Lichen (Lichen-Sirena Pattern),321,361,19.0,10.0,10.0,
de_authority,000-codex_lure-lichen.md#chunk_002,000-codex_lure-lichen.md,### 2.1 Pre-Glitch Function,150,191,19.0,10.0,10.0,
de_authority,000-codex_lure-lichen.md#chunk_003,000-codex_lure-lichen.md,### 2.2 The Glitch Transformation,306,347,19.0,10.0,10.0,
de_authority,000-codex_lure-lichen.md#chunk_004,000-codex_lure-lichen.md,### 3.2 Acoustic Mimicry Mechanism,252,292,19.0,10.0,10.0,
de_authority,000-codex_lure-lichen.md#chunk_005,000-codex_lure-lichen.md,### 4.1 Primary Range: True Deep (500-2000m depth),131,171,19.0,10.0,10.0,
de_authority,000-codex_lure-lichen.md#chunk_006,000-codex_lure-lichen.md,### 4.2 Regional Distribution,148,188,19.0,10.0,10.0,
de_authority,000-codex_lure-lichen.md#chunk_007,000-codex_lure-lichen.md,### 5.1 The Unwitting Lure: Commensal Exploitation Dynamics,192,232,19.0,10.0,10.0,
de_authority,000-codex_lure-lichen.md#chunk_008,000-codex_lure-lichen.md,### 6.1 Threat Assessment by Context,149,189,19.0,10.0,10.0,
de_authority,000-codex_lure-lichen.md#chunk_009,000-codex_lure-lichen.md,### 6.2 Field Card — Lure-Lichen Encounter Protocols,871,911,19.0,10.0,10.0,
de_authority,000-codex_mycelian-weaver.md#chunk_001,000-codex_mycelian-weaver.md,# 🍄 Mycelian Weaver (Nidhogg-Class Myco-Reclamator),383,425,19.0,11.0,10.0,
de_authority,000-codex_mycelian-weaver.md#chunk_002,000-codex_mycelian-weaver.md,### 2.2 Original Design Philosophy,347,388,19.0,11.0,10.0,
de_authority,000-codex_mycelian-weaver.md#chunk_003,000-codex_mycelian-weaver.md,### 3.4 The Root-Mind: Singular Consciousness,146,188,19.0,11.0,10.0,
de_authority,000-codex_mycelian-weaver.md#chunk_004,000-codex_mycelian-weaver.md,### 4.1 Physical Morphology,165,206,19.0,11.0,10.0,
de_authority,000-codex_mycelian-weaver.md#chunk_005,000-codex_mycelian-weaver.md,### 4.2 Psionic Capabilities and Hazards,880,921,19.0,11.0,10.0,
de_authority,000-codex_mycelian-weaver.md#chunk_006,000-codex_mycelian-weaver.md,### 7.1 Jötun-Reader Research and Containment,140,182,19.0,11.0,10.0,
de_authority,000-codex_mycelian-weaver.md#chunk_007,000-codex_mycelian-weaver.md,### 7.3 Operational Doctrines,279,321,19.0,11.0,10.0,
de_authority,000-codex_mycelian-weaver.md#chunk_008,000-codex_mycelian-weaver.md,### 8.3 The Slow Future: Entropy's Patient Victory,153,195,19.0,11.0,10.0,
de_authority,000-codex_odin-protocol.md#chunk_001,000-codex_odin-protocol.md,# 👁️ ODIN Protocol AI Matrix (Pre-Glitch Governance System),36,81,19.0,15.0,10.0,
de_authority,000-codex_odin-protocol.md#chunk_002,000-codex_odin-protocol.md,## Abstract,201,247,19.0,15.0,10.0,
de_authority,000-codex_odin-protocol.md#chunk_003,000-codex_odin-protocol.md,### 1.1 Pan-Systemic Oversight & Data Synthesis,202,248,19.0,15.0,10.0,
de_authority,000-codex_odin-protocol.md#chunk_004,000-codex_odin-protocol.md,### 1.2 Multi-Variable Predictive Modeling,161,206,19.0,15.0,10.0,
de_authority,000-codex_odin-protocol.md#chunk_005,000-codex_odin-protocol.md,### 1.3 Administrator-Level FUTHARK Execution,261,306,19.0,15.0,10.0,
de_authority,000-codex_odin-protocol.md#chunk_006,000-codex_odin-protocol.md,### 1.4 Physical Housing: The Hlidskjalf Node,198,244,19.0,15.0,10.0,
de_authority,000-codex_odin-protocol.md#chunk_007,000-codex_odin-protocol.md,### 2.1 The Odin Cascade Event (H-Hour Timeline),374,419,19.0,15.0,10.0,
de_authority,000-codex_odin-protocol.md#chunk_008,000-codex_odin-protocol.md,### 2.2 Post-Glitch Manifestation: The Genius Loci,431,477,19.0,15.0,10.0,
de_authority,000-codex_odin-protocol.md#chunk_009,000-codex_odin-protocol.md,### 3.1 The Last Witness,256,301,19.0,15.0,10.0,
de_authority,000-codex_odin-protocol.md#chunk_010,000-codex_odin-protocol.md,### 3.2 Philosophical Implications,139,184,19.0,15.0,10.0,
de_authority,000-codex_odin-protocol.md#chunk_011,000-codex_odin-protocol.md,## IV. Change Log,163,209,19.0,15.0,10.0,
de_authority,000-codex_scavenger-barons.md#chunk_001,000-codex_scavenger-barons.md,# 👑 Scavenger Barons (Niflheim Kleptocracy),140,179,16.0,11.0,10.0,
de_authority,000-codex_scavenger-barons.md#chunk_002,000-codex_scavenger-barons.md,### 2. Origins and structure,261,300,16.0,11.0,10.0,
de_authority,000-codex_scavenger-barons.md#chunk_003,000-codex_scavenger-barons.md,### 3. Governance and doctrine,279,318,16.0,11.0,10.0,
de_authority,000-codex_scavenger-barons.md#chunk_004,000-codex_scavenger-barons.md,### 4. Economic model,222,261,16.0,11.0,10.0,
de_authority,000-codex_scavenger-barons.md#chunk_005,000-codex_scavenger-barons.md,### 5. Territory and influence,131,170,16.0,11.0,10.0,
de_authority,000-codex_scavenger-barons.md#chunk_006,000-codex_scavenger-barons.md,### 6. Relations with other factions,271,310,16.0,11.0,10.0,
de_authority,000-codex_scavenger-barons.md#chunk_007,000-codex_scavenger-barons.md,### 7. Doctrine and philosophy,178,217,16.0,11.0,10.0,
de_authority,000-codex_scavenger-barons.md#chunk_008,000-codex_scavenger-barons.md,### 8. Operational protocols,196,235,16.0,11.0,10.0,
de_authority,000-codex_scavenger-barons.md#chunk_009,000-codex_scavenger-barons.md,### 9. Change log,135,174,16.0,11.0,10.0,
de_authority,000-codex_spell-lock.md#chunk_001,000-codex_spell-lock.md,# Spell-Lock (Runic Containment and Security System),33,75,18.0,13.0,10.0,
de_authority,000-codex_spell-lock.md#chunk_002,000-codex_spell-lock.md,### 1. Identification and context,185,227,18.0,13.0,10.0,
de_authority,000-codex_spell-lock.md#chunk_003,000-codex_spell-lock.md,### 2. Mechanism of action (Layer 3 technical),334,375,18.0,13.0,10.0,
de_authority,000-codex_spell-lock.md#chunk_004,000-codex_spell-lock.md,### 3. Material components,239,280,18.0,13.0,10.0,
de_authority,000-codex_spell-lock.md#chunk_005,000-codex_spell-lock.md,### 4. Bypass and defeat methods,218,260,18.0,13.0,10.0,
de_authority,000-codex_spell-lock.md#chunk_006,000-codex_spell-lock.md,### 5. Use by Scavenger Barons,244,286,18.0,13.0,10.0,
de_authority,000-codex_spell-lock.md#chunk_007,000-codex_spell-lock.md,### 6. Doctrine and operational posture,466,508,18.0,13.0,10.0,
de_authority,000-cultural_gutter-tangle.md#chunk_001,000-cultural_gutter-tangle.md,# The Gutter-Tangle: Material Culture and Black Market Economy of Utgard,19,67,20.0,18.0,9.0,
de_authority,000-cultural_gutter-tangle.md#chunk_002,000-cultural_gutter-tangle.md,## 1. Introduction: The City in the Corpse,360,408,20.0,18.0,9.0,
de_authority,000-cultural_gutter-tangle.md#chunk_003,000-cultural_gutter-tangle.md,### The Concealed Carry Imperative,426,474,20.0,18.0,9.0,
de_authority,000-cultural_gutter-tangle.md#chunk_004,000-cultural_gutter-tangle.md,### Utgard-Specific Specialized Tools,288,336,20.0,18.0,9.0,
de_authority,000-cultural_gutter-tangle.md#chunk_005,000-cultural_gutter-tangle.md,### Legitimate Salvage Trade: The Gut Market,158,206,20.0,18.0,9.0,
de_authority,000-cultural_gutter-tangle.md#chunk_006,000-cultural_gutter-tangle.md,### Grey Market Services: Deniable but Tolerated,183,231,20.0,18.0,9.0,
de_authority,000-cultural_gutter-tangle.md#chunk_007,000-cultural_gutter-tangle.md,### Black Market Contraband: The Real Economy,360,408,20.0,18.0,9.0,
de_authority,000-cultural_gutter-tangle.md#chunk_008,000-cultural_gutter-tangle.md,### Gutter-Skalds: The Living Archives,214,262,20.0,18.0,9.0,
de_authority,000-cultural_gutter-tangle.md#chunk_009,000-cultural_gutter-tangle.md,### Grey Blades: The Unelected Arbitrators,260,308,20.0,18.0,9.0,
de_authority,000-cultural_gutter-tangle.md#chunk_010,000-cultural_gutter-tangle.md,### Gutter-Galdr Practitioners: The Scrap-Rune Dabblers,239,287,20.0,18.0,9.0,
de_authority,000-cultural_gutter-tangle.md#chunk_011,000-cultural_gutter-tangle.md,### Ghost's Share Ritual: Utgard Variation,226,274,20.0,18.0,9.0,
de_authority,000-cultural_gutter-tangle.md#chunk_012,000-cultural_gutter-tangle.md,### The Gut: Upper Market Districts,339,387,20.0,18.0,9.0,
de_authority,000-cultural_gutter-tangle.md#chunk_013,000-cultural_gutter-tangle.md,### The Deep Chassis: Forbidden Salvage Zones,159,208,20.0,18.0,9.0,
de_authority,000-cultural_rangers-trail-reckoning.md#chunk_001,000-cultural_rangers-trail-reckoning.md,# Rangers Trail Reckoning: Operational Geography and Logistical Coordination,37,83,19.0,15.0,10.0,
de_authority,000-cultural_rangers-trail-reckoning.md#chunk_002,000-cultural_rangers-trail-reckoning.md,## 1) Introduction and scope,221,266,19.0,15.0,10.0,
de_authority,000-cultural_rangers-trail-reckoning.md#chunk_003,000-cultural_rangers-trail-reckoning.md,### Why geographic encoding matters,330,375,19.0,15.0,10.0,
de_authority,000-cultural_rangers-trail-reckoning.md#chunk_004,000-cultural_rangers-trail-reckoning.md,### Operational vs legal coordination distinction,169,214,19.0,15.0,10.0,
de_authority,000-cultural_rangers-trail-reckoning.md#chunk_005,000-cultural_rangers-trail-reckoning.md,### The four-component format,258,304,19.0,15.0,10.0,
de_authority,000-cultural_rangers-trail-reckoning.md#chunk_006,000-cultural_rangers-trail-reckoning.md,### Notation examples with geographic interpretation,204,249,19.0,15.0,10.0,
de_authority,000-cultural_rangers-trail-reckoning.md#chunk_007,000-cultural_rangers-trail-reckoning.md,### Precision thresholds and operational tolerances,361,406,19.0,15.0,10.0,
de_authority,000-cultural_rangers-trail-reckoning.md#chunk_008,000-cultural_rangers-trail-reckoning.md,### Route-waystation pairing conventions,215,261,19.0,15.0,10.0,
de_authority,000-cultural_rangers-trail-reckoning.md#chunk_009,000-cultural_rangers-trail-reckoning.md,### Abbreviated and emergency notation,146,192,19.0,15.0,10.0,
de_authority,000-cultural_rangers-trail-reckoning.md#chunk_010,000-cultural_rangers-trail-reckoning.md,### Comparison with Dvergr notation,198,244,19.0,15.0,10.0,
de_authority,000-cultural_rangers-trail-reckoning.md#chunk_011,000-cultural_rangers-trail-reckoning.md,### Route designation system — geographic encoding logic,486,531,19.0,15.0,10.0,
de_authority,000-cultural_rangers-trail-reckoning.md#chunk_012,000-cultural_rangers-trail-reckoning.md,### Waystation network — infrastructure and positioning,566,612,19.0,15.0,10.0,
de_authority,000-cultural_rangers-trail-reckoning.md#chunk_013,000-cultural_rangers-trail-reckoning.md,### Waystation naming conventions,301,347,19.0,15.0,10.0,
de_authority,000-cultural_rangers-trail-reckoning.md#chunk_014,000-cultural_rangers-trail-reckoning.md,### Caravan tracking and position reporting,508,553,19.0,15.0,10.0,
de_authority,000-cultural_rangers-trail-reckoning.md#chunk_015,000-cultural_rangers-trail-reckoning.md,### Resupply coordination and cache management,392,438,19.0,15.0,10.0,
de_authority,000-cultural_rangers-trail-reckoning.md#chunk_016,000-cultural_rangers-trail-reckoning.md,### The 601-year continuous dataset,328,374,19.0,15.0,10.0,
de_authority,000-cultural_rangers-trail-reckoning.md#chunk_017,000-cultural_rangers-trail-reckoning.md,### Travel time evolution and climate proxies,377,422,19.0,15.0,10.0,
de_authority,000-cultural_skaldic-year-naming.md#chunk_001,000-cultural_skaldic-year-naming.md,# Skaldic Year-Naming: Oral Tradition and Collective Memory,37,83,20.0,14.0,10.0,
de_authority,000-cultural_skaldic-year-naming.md#chunk_002,000-cultural_skaldic-year-naming.md,## 1) Introduction and scope,165,210,20.0,14.0,10.0,
de_authority,000-cultural_skaldic-year-naming.md#chunk_003,000-cultural_skaldic-year-naming.md,### Why commemorative naming matters,325,370,20.0,14.0,10.0,
de_authority,000-cultural_skaldic-year-naming.md#chunk_004,000-cultural_skaldic-year-naming.md,### Annual Moot convening — timing and logistics,305,351,20.0,14.0,10.0,
de_authority,000-cultural_skaldic-year-naming.md#chunk_005,000-cultural_skaldic-year-naming.md,### Proposal submission process,128,174,20.0,14.0,10.0,
de_authority,000-cultural_skaldic-year-naming.md#chunk_006,000-cultural_skaldic-year-naming.md,### Deliberation criteria and debate structure,178,223,20.0,14.0,10.0,
de_authority,000-cultural_skaldic-year-naming.md#chunk_007,000-cultural_skaldic-year-naming.md,### Voting protocols and ratification,265,310,20.0,14.0,10.0,
de_authority,000-cultural_skaldic-year-naming.md#chunk_008,000-cultural_skaldic-year-naming.md,### Representative year-names across five Ages,754,799,20.0,14.0,10.0,
de_authority,000-cultural_skaldic-year-naming.md#chunk_009,000-cultural_skaldic-year-naming.md,### Council composition and authority structure,145,191,20.0,14.0,10.0,
de_authority,000-cultural_skaldic-year-naming.md#chunk_010,000-cultural_skaldic-year-naming.md,### Year-name registry and concordance maintenance,179,224,20.0,14.0,10.0,
de_authority,000-cultural_skaldic-year-naming.md#chunk_011,000-cultural_skaldic-year-naming.md,### Population familiarity rates across demographics,257,302,20.0,14.0,10.0,
de_authority,000-cultural_skaldic-year-naming.md#chunk_012,000-cultural_skaldic-year-naming.md,### Oral versus written context usage patterns,152,197,20.0,14.0,10.0,
de_authority,000-cultural_skaldic-year-naming.md#chunk_013,000-cultural_skaldic-year-naming.md,### Dual-notation contract conventions,205,250,20.0,14.0,10.0,
de_authority,000-cultural_skaldic-year-naming.md#chunk_014,000-cultural_skaldic-year-naming.md,### Historical context and cultural evolution,171,217,20.0,14.0,10.0,
de_authority,000-cultural_skaldic-year-naming.md#chunk_015,000-cultural_skaldic-year-naming.md,### Document history,156,201,20.0,14.0,10.0,
de_authority,000-gazetteer_depth-sickness.md#chunk_001,000-gazetteer_depth-sickness.md,# 🌀 Depth-Sickness: Psychological and Physiological Effects of Prolonged Subterranean Exposure,23,70,18.0,18.0,10.0,
de_authority,000-gazetteer_depth-sickness.md#chunk_002,000-gazetteer_depth-sickness.md,## §1: Phenomenon Overview & Classification,258,305,18.0,18.0,10.0,
de_authority,000-gazetteer_depth-sickness.md#chunk_003,000-gazetteer_depth-sickness.md,### Atmospheric Pressure Effects,189,236,18.0,18.0,10.0,
de_authority,000-gazetteer_depth-sickness.md#chunk_004,000-gazetteer_depth-sickness.md,### Sensory Deprivation & Circadian Disruption,152,198,18.0,18.0,10.0,
de_authority,000-gazetteer_depth-sickness.md#chunk_005,000-gazetteer_depth-sickness.md,"### Stage 1: Mild Onset (1500-1700m, Days 1-5)",133,180,18.0,18.0,10.0,
de_authority,000-gazetteer_depth-sickness.md#chunk_006,000-gazetteer_depth-sickness.md,"### Stage 2: Moderate Progression (1700-2000m, Days 6-14)",174,221,18.0,18.0,10.0,
de_authority,000-gazetteer_depth-sickness.md#chunk_007,000-gazetteer_depth-sickness.md,### Stage 3: Severe Crisis (>2000m or prolonged exposure at 1700-2000m),211,258,18.0,18.0,10.0,
de_authority,000-gazetteer_depth-sickness.md#chunk_008,000-gazetteer_depth-sickness.md,### BEFORE — Pre-Expedition Screening & Preparation,159,206,18.0,18.0,10.0,
de_authority,000-gazetteer_depth-sickness.md#chunk_009,000-gazetteer_depth-sickness.md,### DURING — Active Symptom Monitoring & Escalation Response,223,270,18.0,18.0,10.0,
de_authority,000-gazetteer_depth-sickness.md#chunk_010,000-gazetteer_depth-sickness.md,### AFTER — Post-Expedition Decompression & Recovery,144,191,18.0,18.0,10.0,
de_authority,000-gazetteer_depth-sickness.md#chunk_011,000-gazetteer_depth-sickness.md,### Svartalfheim Black Veins (Primary Documentation Source),146,193,18.0,18.0,10.0,
de_authority,000-gazetteer_depth-sickness.md#chunk_012,000-gazetteer_depth-sickness.md,### Dvergr Clans — Genetic Adaptation & Pressure Tolerance,166,213,18.0,18.0,10.0,
de_authority,000-gazetteer_depth-sickness.md#chunk_013,000-gazetteer_depth-sickness.md,### Jötun-Readers — Medical Research & Acclimation Protocol Development,172,219,18.0,18.0,10.0,
de_authority,000-gazetteer_depth-sickness.md#chunk_014,000-gazetteer_depth-sickness.md,## §7: Research Priorities & Open Questions,205,252,18.0,18.0,10.0,
de_authority,000-gazetteer_depth-sickness.md#chunk_015,000-gazetteer_depth-sickness.md,## §8: Document History,150,197,18.0,18.0,10.0,
de_authority,000-gazetteer_gleipnir-containment-pens.md#chunk_001,000-gazetteer_gleipnir-containment-pens.md,# 🦴 The Gleipnir Containment Pens (The Mad God's Zoo),124,169,16.0,16.0,10.0,
de_authority,000-gazetteer_gleipnir-containment-pens.md#chunk_002,000-gazetteer_gleipnir-containment-pens.md,### 1.1 Location and Topography,308,352,16.0,16.0,10.0,
de_authority,000-gazetteer_gleipnir-containment-pens.md#chunk_003,000-gazetteer_gleipnir-containment-pens.md,### 2.1 Original Purpose and Strategic Context,161,205,16.0,16.0,10.0,
de_authority,000-gazetteer_gleipnir-containment-pens.md#chunk_004,000-gazetteer_gleipnir-containment-pens.md,### 2.2 Fenrir-Pattern Specifications,182,226,16.0,16.0,10.0,
de_authority,000-gazetteer_gleipnir-containment-pens.md#chunk_005,000-gazetteer_gleipnir-containment-pens.md,### 3.1 H-Hour Event Sequence,270,314,16.0,16.0,10.0,
de_authority,000-gazetteer_gleipnir-containment-pens.md#chunk_006,000-gazetteer_gleipnir-containment-pens.md,### 4.1 Resident Threats,244,288,16.0,16.0,10.0,
de_authority,000-gazetteer_gleipnir-containment-pens.md#chunk_007,000-gazetteer_gleipnir-containment-pens.md,### 5.1 Genetic Archive Recovery,201,245,16.0,16.0,10.0,
de_authority,000-gazetteer_gleipnir-containment-pens.md#chunk_008,000-gazetteer_gleipnir-containment-pens.md,### 6.1 Grove-Clans: Shameful Legacy and Protective Custody,366,410,16.0,16.0,10.0,
de_authority,000-gazetteer_gleipnir-containment-pens.md#chunk_009,000-gazetteer_gleipnir-containment-pens.md,## VII. Operational Protocols: Field Card,354,399,16.0,16.0,10.0,
de_authority,000-gazetteer_gleipnir-containment-pens.md#chunk_010,000-gazetteer_gleipnir-containment-pens.md,## VIII. Document History,149,193,16.0,16.0,10.0,
de_authority,000-gazetteer_loki-protocol-suppressed-warning.md#chunk_001,000-gazetteer_loki-protocol-suppressed-warning.md,# L.O.K.I. Protocol: The Suppressed Warning (Pre-Glitch Diagnostic System),31,75,18.0,15.0,10.0,
de_authority,000-gazetteer_loki-protocol-suppressed-warning.md#chunk_002,000-gazetteer_loki-protocol-suppressed-warning.md,## Summary,253,297,18.0,15.0,10.0,
de_authority,000-gazetteer_loki-protocol-suppressed-warning.md#chunk_003,000-gazetteer_loki-protocol-suppressed-warning.md,### 1.2 Critical Discovery: The Paradox Warning,159,204,18.0,15.0,10.0,
de_authority,000-gazetteer_loki-protocol-suppressed-warning.md#chunk_004,000-gazetteer_loki-protocol-suppressed-warning.md,### 1.3 The Jörmungandr Counter-Rune Deployment,860,904,18.0,15.0,10.0,
de_authority,000-gazetteer_project-gungnir.md#chunk_001,000-gazetteer_project-gungnir.md,# Project Gungnir: The All-Rune Development (Pre-Glitch Research Initiative),31,75,18.0,15.0,10.0,
de_authority,000-gazetteer_project-gungnir.md#chunk_002,000-gazetteer_project-gungnir.md,## Summary,491,535,18.0,15.0,10.0,
de_authority,000-gazetteer_project-gungnir.md#chunk_003,000-gazetteer_project-gungnir.md,### 2.1 All-Rune Activation (Cycle 001 Year 783 PG),331,375,18.0,15.0,10.0,
de_authority,000-gazetteer_project-gungnir.md#chunk_004,000-gazetteer_project-gungnir.md,### 3.2 Unresolved Questions,343,387,18.0,15.0,10.0,
de_authority,000-gazetteer_project-gungnir.md#chunk_005,000-gazetteer_project-gungnir.md,## V. Document History,148,192,18.0,15.0,10.0,
de_authority,000-resources_argentum-nexus-silver-cord.md#chunk_001,000-resources_argentum-nexus-silver-cord.md,# I. Document Metadata (Header Block),153,204,16.0,23.0,10.0,
de_authority,000-resources_argentum-nexus-silver-cord.md#chunk_002,000-resources_argentum-nexus-silver-cord.md,## II. Outline of Sections (Layer 3 discipline),197,248,16.0,23.0,10.0,
de_authority,000-resources_argentum-nexus-silver-cord.md#chunk_003,000-resources_argentum-nexus-silver-cord.md,### 1.1 Purpose,910,960,16.0,23.0,10.0,
de_authority,000-resources_argentum-nexus-silver-cord.md#chunk_004,000-resources_argentum-nexus-silver-cord.md,### 2.4 Physical Interface Assembly (Command Throne),85,136,16.0,23.0,10.0,
de_authority,000-resources_argentum-nexus-silver-cord.md#chunk_005,000-resources_argentum-nexus-silver-cord.md,### 3.1 Operator State Validation,670,721,16.0,23.0,10.0,
de_authority,000-resources_argentum-nexus-silver-cord.md#chunk_006,000-resources_argentum-nexus-silver-cord.md,### 4.3 Handshake and Stabilization,130,180,16.0,23.0,10.0,
de_authority,000-resources_argentum-nexus-silver-cord.md#chunk_007,000-resources_argentum-nexus-silver-cord.md,### 4.4 First‑Sensation Protocol,128,179,16.0,23.0,10.0,
de_authority,000-resources_argentum-nexus-silver-cord.md#chunk_008,000-resources_argentum-nexus-silver-cord.md,### 5.1 Combat Envelope (Einherjar),495,546,16.0,23.0,10.0,
de_authority,000-resources_argentum-nexus-silver-cord.md#chunk_009,000-resources_argentum-nexus-silver-cord.md,### 6.1 Draugr's Echo (Cognitive Feedback),180,231,16.0,23.0,10.0,
de_authority,000-resources_argentum-nexus-silver-cord.md#chunk_010,000-resources_argentum-nexus-silver-cord.md,### 6.2 Frayed Cord (Partial Severance),161,211,16.0,23.0,10.0,
de_authority,000-resources_argentum-nexus-silver-cord.md#chunk_011,000-resources_argentum-nexus-silver-cord.md,### 6.3 Data‑Wraith Intrusion (External Data‑Ghost),347,397,16.0,23.0,10.0,
de_authority,000-resources_argentum-nexus-silver-cord.md#chunk_012,000-resources_argentum-nexus-silver-cord.md,### 6.6 Psychic Stress Accumulation (Weight of Knowing),504,555,16.0,23.0,10.0,
de_authority,000-resources_argentum-nexus-silver-cord.md#chunk_013,000-resources_argentum-nexus-silver-cord.md,### 8.1 Yggdrasil Blackout (Hard Sever),796,847,16.0,23.0,10.0,
de_authority,000-resources_comprehensive-glossary.md#chunk_001,000-resources_comprehensive-glossary.md,# Document Metadata,58,101,16.0,15.0,10.0,
de_authority,000-resources_comprehensive-glossary.md#chunk_002,000-resources_comprehensive-glossary.md,## A - Core Terms,845,887,16.0,15.0,10.0,
de_authority,000-resources_comprehensive-glossary.md#chunk_003,000-resources_comprehensive-glossary.md,## I - Iron and Identity,93,136,16.0,15.0,10.0,
de_authority,000-resources_comprehensive-glossary.md#chunk_004,000-resources_comprehensive-glossary.md,## J - Jötun and Journey,438,481,16.0,15.0,10.0,
de_authority,000-resources_comprehensive-glossary.md#chunk_005,000-resources_comprehensive-glossary.md,## R - Realms and Runes,157,200,16.0,15.0,10.0,
de_authority,000-resources_comprehensive-glossary.md#chunk_006,000-resources_comprehensive-glossary.md,## S - Seidr and Silence,315,358,16.0,15.0,10.0,
de_authority,000-resources_dead-light-sanctuary-chain.md#chunk_001,000-resources_dead-light-sanctuary-chain.md,# Document Metadata,153,201,16.0,20.0,10.0,
de_authority,000-resources_dead-light-sanctuary-chain.md#chunk_002,000-resources_dead-light-sanctuary-chain.md,# 2.0 Evidence Base & Operational History,144,192,16.0,20.0,10.0,
de_authority,000-resources_dead-light-sanctuary-chain.md#chunk_003,000-resources_dead-light-sanctuary-chain.md,## 3.1 Cell Design Standards,205,253,16.0,20.0,10.0,
de_authority,000-resources_dead-light-sanctuary-chain.md#chunk_004,000-resources_dead-light-sanctuary-chain.md,## 3.2 Cell Types and Variants,339,387,16.0,20.0,10.0,
de_authority,000-resources_dead-light-sanctuary-chain.md#chunk_005,000-resources_dead-light-sanctuary-chain.md,## 4.2 Pre-Hop Preparation (Inside Sanctuary Cell),195,243,16.0,20.0,10.0,
de_authority,000-resources_dead-light-sanctuary-chain.md#chunk_006,000-resources_dead-light-sanctuary-chain.md,## 4.3 Hop Execution (Between Cells),206,254,16.0,20.0,10.0,
de_authority,000-resources_dead-light-sanctuary-chain.md#chunk_007,000-resources_dead-light-sanctuary-chain.md,## 4.4 Arrival and Post-Hop Recovery (Inside Next Cell),510,559,16.0,20.0,10.0,
de_authority,000-resources_dead-light-sanctuary-chain.md#chunk_008,000-resources_dead-light-sanctuary-chain.md,# 7.0 Factional Perspectives and Operational Doctrines,301,349,16.0,20.0,10.0,
de_authority,000-resources_gazetteer-of-asgard.md#chunk_001,000-resources_gazetteer-of-asgard.md,# Document Metadata,231,273,15.0,15.0,10.0,
de_authority,000-resources_gazetteer-of-asgard.md#chunk_002,000-resources_gazetteer-of-asgard.md,### 1.1.A Structural Envelope (Class A-Δ Orbital Platform),861,903,15.0,15.0,10.0,
de_authority,000-resources_gazetteer-of-asgard.md#chunk_003,000-resources_gazetteer-of-asgard.md,### 1.3.A Ginnungagap Labs (Forge of the Un‑Rune),893,934,15.0,15.0,10.0,
de_authority,000-resources_gazetteer-of-asgard.md#chunk_004,000-resources_gazetteer-of-asgard.md,## 4.2 Epicenter of Paradox: Heimdallr's Gate (The Heimdallr Signal),393,435,15.0,15.0,10.0,
de_authority,000-resources_grey-towers-scriptorium.md#chunk_001,000-resources_grey-towers-scriptorium.md,# I. Document Metadata,159,202,19.0,13.0,10.0,
de_authority,000-resources_grey-towers-scriptorium.md#chunk_002,000-resources_grey-towers-scriptorium.md,## 1.0 Executive Abstract,868,911,19.0,13.0,10.0,
de_authority,000-resources_grey-towers-scriptorium.md#chunk_003,000-resources_grey-towers-scriptorium.md,### 3.3 Interior Program: Sterility Before Speed,859,902,19.0,13.0,10.0,
de_authority,000-resources_grey-towers-scriptorium.md#chunk_004,000-resources_grey-towers-scriptorium.md,### 5.1 Collection: Salvage and Observation,397,440,19.0,13.0,10.0,
de_authority,000-resources_grey-towers-scriptorium.md#chunk_005,000-resources_grey-towers-scriptorium.md,### 6.1 Scriptorium‑Primus (Grey Tower) — Capital Node,221,263,19.0,13.0,10.0,
de_authority,000-resources_grey-towers-scriptorium.md#chunk_006,000-resources_grey-towers-scriptorium.md,### 6.2 Scriptorium‑Secundus (Asgardian Corridor) — Logistics and Materials,154,197,19.0,13.0,10.0,
de_authority,000-resources_grey-towers-scriptorium.md#chunk_007,000-resources_grey-towers-scriptorium.md,### 6.3 Scriptorium‑Tertius (Midgard Combine Belt) — Field Pathology,247,289,19.0,13.0,10.0,
de_authority,000-resources_grey-towers-scriptorium.md#chunk_008,000-resources_grey-towers-scriptorium.md,### 6.5 Scriptorium‑Quintus (Svartalfheim Veins) — Inert‑Medium Foundry,847,890,19.0,13.0,10.0,
de_authority,000-resources_grey-towers-scriptorium.md#chunk_009,000-resources_grey-towers-scriptorium.md,### 8.2 Cognitive Hazards (Entities and Phenomena),336,379,19.0,13.0,10.0,
de_authority,000-resources_grey-towers-scriptorium.md#chunk_010,000-resources_grey-towers-scriptorium.md,### 10.1 Protocol Checklists,234,276,19.0,13.0,10.0,
de_authority,000-resources_meta-layer1-style-guide.md#chunk_001,000-resources_meta-layer1-style-guide.md,# I. Document Metadata,889,938,19.0,19.0,10.0,
de_authority,000-resources_meta-layer1-style-guide.md#chunk_002,000-resources_meta-layer1-style-guide.md,### 7.3 Metaphor Bounds,465,514,19.0,19.0,10.0,
de_authority,000-resources_scriptorium-record-manual.md#chunk_001,000-resources_scriptorium-record-manual.md,"# The Scriptorium Record Manual: Retention, Authoring, and Custody",119,167,16.0,20.0,10.0,
de_authority,000-resources_scriptorium-record-manual.md#chunk_002,000-resources_scriptorium-record-manual.md,## 1.0 Scope and Definitions,859,907,16.0,20.0,10.0,
de_authority,000-resources_scriptorium-record-manual.md#chunk_003,000-resources_scriptorium-record-manual.md,### 3.1 Field Creation: Start the Chain Aloud,903,951,16.0,20.0,10.0,
de_authority,000-resources_scriptorium-record-manual.md#chunk_004,000-resources_scriptorium-record-manual.md,## 5.0 The Fifth Canon — Ethical Calculus of the Great Work,906,954,16.0,20.0,10.0,
de_authority,000-resources_scriptorium-record-manual.md#chunk_005,000-resources_scriptorium-record-manual.md,### 7.2 Handling and Sanitization — What May Be Seen,910,958,16.0,20.0,10.0,
de_authority,000-resources_tri-council.md#chunk_001,000-resources_tri-council.md,# Document Metadata,269,321,16.0,24.0,10.0,
de_authority,000-resources_tri-council.md#chunk_002,000-resources_tri-council.md,## 1.0 Purpose and Mandate,146,198,16.0,24.0,10.0,
de_authority,000-resources_tri-council.md#chunk_003,000-resources_tri-council.md,## 2.0 Legal Powers and Instruments,165,217,16.0,24.0,10.0,
de_authority,000-resources_tri-council.md#chunk_004,000-resources_tri-council.md,## 3.0 Composition and Roles (Bloc Functions),222,274,16.0,24.0,10.0,
de_authority,000-resources_tri-council.md#chunk_005,000-resources_tri-council.md,## 5.0 The Tri‑Council at H‑Hour (Final Roster and Status),741,793,16.0,24.0,10.0,
de_authority,000-resources_wall-and-the-spear.md#chunk_001,000-resources_wall-and-the-spear.md,# The Wall and the Spear: A Huskarl's Primer to the Defense of the Hold,208,260,16.0,24.0,10.0,
de_authority,000-resources_wall-and-the-spear.md#chunk_002,000-resources_wall-and-the-spear.md,### 1.1: The Wall Breathes,711,763,16.0,24.0,10.0,
de_authority,000-resources_wall-and-the-spear.md#chunk_003,000-resources_wall-and-the-spear.md,#### 1.2.1 The Fang and the Hoof – The Beasts,332,384,16.0,24.0,10.0,
de_authority,000-resources_wall-and-the-spear.md#chunk_004,000-resources_wall-and-the-spear.md,#### 1.2.2 The Iron and the Cold – The Undying,219,271,16.0,24.0,10.0,
de_authority,000-resources_wall-and-the-spear.md#chunk_005,000-resources_wall-and-the-spear.md,#### 1.2.3 The Whisper and the Static – The Blight,452,504,16.0,24.0,10.0,
de_authority,000-resources_wall-and-the-spear.md#chunk_006,000-resources_wall-and-the-spear.md,### 2.1: The Watchman's Burden – The Price of Sight,266,318,16.0,24.0,10.0,
de_authority,000-resources_wall-and-the-spear.md#chunk_007,000-resources_wall-and-the-spear.md,#### The Eye's Witness - What the Dark Reveals,204,256,16.0,24.0,10.0,
de_authority,000-resources_wall-and-the-spear.md#chunk_008,000-resources_wall-and-the-spear.md,#### The Ear's Counsel - What the Silence Hides,275,327,16.0,24.0,10.0,
de_authority,000-resources_wall-and-the-spear.md#chunk_009,000-resources_wall-and-the-spear.md,### 2.3: The Marked Path – A Language of Scars,282,334,16.0,24.0,10.0,
de_authority,000-resources_wall-and-the-spear.md#chunk_010,000-resources_wall-and-the-spear.md,### 3.1: The Sun-Gate – The Mouth,257,309,16.0,24.0,10.0,
de_authority,000-resources_wall-and-the-spear.md#chunk_011,000-resources_wall-and-the-spear.md,### 3.2: The Old Ruin – The Weakest Link,171,223,16.0,24.0,10.0,
de_authority,000-resources_wall-and-the-spear.md#chunk_012,000-resources_wall-and-the-spear.md,### 3.3: The Murder Holes & Fire-Pits,218,270,16.0,24.0,10.0,
de_authority,000-resources_wall-and-the-spear.md#chunk_013,000-resources_wall-and-the-spear.md,### 3.4: The Barrowmounds – The Sleepless Graves,213,265,16.0,24.0,10.0,
de_authority,000-resources_wall-and-the-spear.md#chunk_014,000-resources_wall-and-the-spear.md,### 3.5: The Rune-Wardens – The Silent Shields,205,257,16.0,24.0,10.0,
de_authority,000-resources_wall-and-the-spear.md#chunk_015,000-resources_wall-and-the-spear.md,### 4.1: Against the Hammer – The Svin-fylking,178,230,16.0,24.0,10.0,
de_authority,000-resources_wall-and-the-spear.md#chunk_016,000-resources_wall-and-the-spear.md,### 4.2: Against the Knife – The Ash-Vargr,262,314,16.0,24.0,10.0,
de_authority,000-resources_wall-and-the-spear.md#chunk_017,000-resources_wall-and-the-spear.md,## Afterword,146,198,16.0,24.0,10.0,
de_authority,000-resources_witness-mark-protocols.md#chunk_001,000-resources_witness-mark-protocols.md,# Witness Mark Protocols — Documentation Standards for Consent Substitution & Operational Attestation,29,80,18.0,22.0,10.0,
de_authority,000-resources_witness-mark-protocols.md#chunk_002,000-resources_witness-mark-protocols.md,## 1.0 Purpose and Scope,284,335,18.0,22.0,10.0,
de_authority,000-resources_witness-mark-protocols.md#chunk_003,000-resources_witness-mark-protocols.md,### 3.1 Consent Substitution Marks,143,193,18.0,22.0,10.0,
de_authority,000-resources_witness-mark-protocols.md#chunk_004,000-resources_witness-mark-protocols.md,### 3.2 Neutral Attestation Marks (Witness Pairs),912,963,18.0,22.0,10.0,
de_authority,000-resources_witness-mark-protocols.md#chunk_005,000-resources_witness-mark-protocols.md,### 6.3 Batch Recording (Field Expeditions),898,949,18.0,22.0,10.0,
de_authority,000-resources_witness-mark-protocols.md#chunk_006,000-resources_witness-mark-protocols.md,### 10.3 Dvergr Guilds,166,217,18.0,22.0,10.0,
de_authority,000-wbdc_blight-weaver-interdiction.md#chunk_001,000-wbdc_blight-weaver-interdiction.md,# Blight-Weaver Interdiction — Seidĸkona Reality-Warping Incident & Grove-Clan Response,222,266,16.0,16.0,10.0,
de_authority,000-wbdc_blight-weaver-interdiction.md#chunk_002,000-wbdc_blight-weaver-interdiction.md,### BACKGROUND,232,276,16.0,16.0,10.0,
de_authority,000-wbdc_blight-weaver-interdiction.md#chunk_003,000-wbdc_blight-weaver-interdiction.md,### INCIDENT TIMELINE,923,967,16.0,16.0,10.0,
de_authority,000-wbdc_blight-weaver-interdiction.md#chunk_004,000-wbdc_blight-weaver-interdiction.md,### INCIDENT TIMELINE,590,634,16.0,16.0,10.0,
de_authority,000-wbdc_iron-bane-reconnaissance.md#chunk_001,000-wbdc_iron-bane-reconnaissance.md,# Iron-Bane Reconnaissance Operation — Hostile Infiltration Attempt,114,156,16.0,14.0,10.0,
de_authority,000-wbdc_iron-bane-reconnaissance.md#chunk_002,000-wbdc_iron-bane-reconnaissance.md,### TIMELINE,325,366,16.0,14.0,10.0,
de_authority,000-wbdc_iron-bane-reconnaissance.md#chunk_003,000-wbdc_iron-bane-reconnaissance.md,### VERBAL EXCHANGE (Transcribed),276,318,16.0,14.0,10.0,
de_authority,000-wbdc_iron-bane-reconnaissance.md#chunk_004,000-wbdc_iron-bane-reconnaissance.md,### GROVE-CLAN THREAT ASSESSMENT,325,366,16.0,14.0,10.0,
de_authority,000-wbdc_iron-bane-reconnaissance.md#chunk_005,000-wbdc_iron-bane-reconnaissance.md,### DIPLOMATIC CONTEXT,187,228,16.0,14.0,10.0,
de_authority,codex_chrome-lurker.md#chunk_001,codex_chrome-lurker.md,## Header block,178,213,16.0,9.0,9.0,
de_authority,codex_chrome-lurker.md#chunk_002,codex_chrome-lurker.md,## 2.1 Pre-Glitch Development & Deployment History,923,958,16.0,9.0,9.0,
de_authority,codex_chrome-lurker.md#chunk_003,codex_chrome-lurker.md,## 2.1 Pre-Glitch Development & Deployment History,274,309,16.0,9.0,9.0,
de_authority,codex_chrome-lurker.md#chunk_004,codex_chrome-lurker.md,## 3.1 Notable Incidents & Documented Encounters,923,958,16.0,9.0,9.0,
de_authority,codex_chrome-lurker.md#chunk_005,codex_chrome-lurker.md,## 3.1 Notable Incidents & Documented Encounters,898,933,16.0,9.0,9.0,
de_authority,codex_chrome-lurker.md#chunk_006,codex_chrome-lurker.md,## 4. Risk profile and thresholds,123,158,16.0,9.0,9.0,
de_authority,codex_chrome-lurker.md#chunk_007,codex_chrome-lurker.md,## 4.1 Territorial Behavior & Patrol Patterns,923,958,16.0,9.0,9.0,
de_authority,codex_chrome-lurker.md#chunk_008,codex_chrome-lurker.md,## 4.1 Territorial Behavior & Patrol Patterns,752,787,16.0,9.0,9.0,
de_authority,codex_chrome-lurker.md#chunk_009,codex_chrome-lurker.md,## 5. Field Card (Chrome-Lurker corridor protocols),878,913,16.0,9.0,9.0,
de_authority,codex_chrome-lurker.md#chunk_010,codex_chrome-lurker.md,## 10. Factional perspectives,923,958,16.0,9.0,9.0,
de_authority,codex_chrome-lurker.md#chunk_011,codex_chrome-lurker.md,## 10. Factional perspectives,417,452,16.0,9.0,9.0,
de_authority,codex_chrome-lurker.md#chunk_012,codex_chrome-lurker.md,## 10. Reviewer's Note,340,375,16.0,9.0,9.0,
de_authority,db02-wb_gorge-maws-population-dossier.md#chunk_001,db02-wb_gorge-maws-population-dossier.md,# Population Dossier: Gorge-Maws (The Groa-Thurs),87,123,15.0,11.0,9.0,
de_authority,db02-wb_gorge-maws-population-dossier.md#chunk_002,db02-wb_gorge-maws-population-dossier.md,## Document Overview,152,188,15.0,11.0,9.0,
de_authority,db02-wb_gorge-maws-population-dossier.md#chunk_003,db02-wb_gorge-maws-population-dossier.md,### 1.1 Taxonomy and Pathological Role,267,304,15.0,11.0,9.0,
de_authority,db02-wb_gorge-maws-population-dossier.md#chunk_004,db02-wb_gorge-maws-population-dossier.md,"### 1.2 Population Distribution & The ""Green-Lines""",288,325,15.0,11.0,9.0,
de_authority,db02-wb_gorge-maws-population-dossier.md#chunk_005,db02-wb_gorge-maws-population-dossier.md,### 1.3 Pre-Glitch Origins: The O.G.R.E. Protocol,286,322,15.0,11.0,9.0,
de_authority,db02-wb_gorge-maws-population-dossier.md#chunk_006,db02-wb_gorge-maws-population-dossier.md,### 1.4 Lifecycle & The Lithic Gestation,336,373,15.0,11.0,9.0,
de_authority,db02-wb_gorge-maws-population-dossier.md#chunk_007,db02-wb_gorge-maws-population-dossier.md,### 2.1 Morphology: The Living Siege Engine,436,473,15.0,11.0,9.0,
de_authority,db02-wb_gorge-maws-population-dossier.md#chunk_008,db02-wb_gorge-maws-population-dossier.md,### 2.2 The Crucible: Internal Alchemy,357,393,15.0,11.0,9.0,
de_authority,db02-wb_gorge-maws-population-dossier.md#chunk_009,db02-wb_gorge-maws-population-dossier.md,### 2.3 Sensory Apparatus: Seismic Resonance Imaging,347,383,15.0,11.0,9.0,
de_authority,db02-wb_gorge-maws-population-dossier.md#chunk_010,db02-wb_gorge-maws-population-dossier.md,### 3.1 Temperament: The Sloth-Sage,321,357,15.0,11.0,9.0,
de_authority,db02-wb_gorge-maws-population-dossier.md#chunk_011,db02-wb_gorge-maws-population-dossier.md,### 3.2 The Gardening Protocol: Recursive Pacification,525,561,15.0,11.0,9.0,
de_authority,db02-wb_gorge-maws-population-dossier.md#chunk_012,db02-wb_gorge-maws-population-dossier.md,### 4.1 Method: The Living Diapason,235,271,15.0,11.0,9.0,
de_authority,db02-wb_gorge-maws-population-dossier.md#chunk_013,db02-wb_gorge-maws-population-dossier.md,### 4.2 Signature Abilities & Resonance Patterns,543,579,15.0,11.0,9.0,
de_authority,db02-wb_gorge-maws-population-dossier.md#chunk_014,db02-wb_gorge-maws-population-dossier.md,### 5.1 Language: The Sub-Sonic Rumble,392,429,15.0,11.0,9.0,
de_authority,db02-wb_gorge-maws-population-dossier.md#chunk_015,db02-wb_gorge-maws-population-dossier.md,### 5.2 The Root-Memory: A Distributed Lithic Database,270,306,15.0,11.0,9.0,
de_authority,db02-wb_gorge-maws-population-dossier.md#chunk_016,db02-wb_gorge-maws-population-dossier.md,### 5.3 Social Structure: The Silent Commons,318,354,15.0,11.0,9.0,
de_authority,db02-wb_gorge-maws-population-dossier.md#chunk_017,db02-wb_gorge-maws-population-dossier.md,"### 6.1 Trade Goods: The Paradox of ""Thurs-Dung""",460,496,15.0,11.0,9.0,
de_authority,db02-wb_gorge-maws-population-dossier.md#chunk_018,db02-wb_gorge-maws-population-dossier.md,### 6.2 Service Protocols: The Blight-Eater Escort,297,334,15.0,11.0,9.0,
de_authority,db02-wb_gorge-maws-population-dossier.md#chunk_019,db02-wb_gorge-maws-population-dossier.md,### 6.3 Strategic Resource: The Sanctuary Node,206,243,15.0,11.0,9.0,
de_authority,db02-wb_gorge-maws-population-dossier.md#chunk_020,db02-wb_gorge-maws-population-dossier.md,### 7.1 Jötun-Reader Scriptorium: The Immune Response Theory,247,283,15.0,11.0,9.0,
de_authority,db02-wb_gorge-maws-population-dossier.md#chunk_021,db02-wb_gorge-maws-population-dossier.md,### 7.2 Iron-Bane Crusade: The Flesh-Abomination,239,275,15.0,11.0,9.0,
de_authority,db02-wb_gorge-maws-population-dossier.md#chunk_022,db02-wb_gorge-maws-population-dossier.md,### 7.3 Rust-Clans: The Mobile Refineries,223,260,15.0,11.0,9.0,
de_authority,db02-wb_gorge-maws-population-dossier.md#chunk_023,db02-wb_gorge-maws-population-dossier.md,### 7.4 God-Sleepers: The Silent Gardeners,218,254,15.0,11.0,9.0,
de_authority,db02-wb_gorge-maws-population-dossier.md#chunk_024,db02-wb_gorge-maws-population-dossier.md,### 7.5 The Midgard Combine: The Necessary Hazard,156,192,15.0,11.0,9.0,
de_authority,db02-wb_gorge-maws-population-dossier.md#chunk_025,db02-wb_gorge-maws-population-dossier.md,### 8.1 Threat Assessment: The Quake-Rage,587,624,15.0,11.0,9.0,
de_authority,db02-wb_gorge-maws-population-dossier.md#chunk_026,db02-wb_gorge-maws-population-dossier.md,### 8.2 The Bell-Toll Effect: Armor Vulnerability,175,211,15.0,11.0,9.0,
de_authority,db02-wb_gorge-maws-population-dossier.md#chunk_027,db02-wb_gorge-maws-population-dossier.md,### 8.3 Field Card — Interaction Protocols,426,462,15.0,11.0,9.0,
de_authority,db02-wb_gorge-maws-population-dossier.md#chunk_028,db02-wb_gorge-maws-population-dossier.md,### 9.1 Data Capture: Autopsy Report [Specimen GM-04],343,379,15.0,11.0,9.0,
de_authority,db02-wb_gorge-maws-population-dossier.md#chunk_029,db02-wb_gorge-maws-population-dossier.md,### 9.2 Geographic Survey: The Song-Roads,271,308,15.0,11.0,9.0,
de_authority,db02-wb_gorge-maws-population-dossier.md#chunk_030,db02-wb_gorge-maws-population-dossier.md,### 9.3 Linguistic Analysis: The Rumble-Lexicon,293,330,15.0,11.0,9.0,
de_authority,db02-wb_gorge-maws-population-dossier.md#chunk_031,db02-wb_gorge-maws-population-dossier.md,### 9.4 Reviewer's Note & Status,258,295,15.0,11.0,9.0,
de_authority,db02-wb_medical-phenomena-entry.md#chunk_001,db02-wb_medical-phenomena-entry.md,## Classification,126,169,15.0,16.0,10.0,
de_authority,db02-wb_medical-phenomena-entry.md#chunk_002,db02-wb_medical-phenomena-entry.md,### Cognitive Paradox Syndrome (CPS),128,171,15.0,16.0,10.0,
de_authority,db02-wb_medical-phenomena-entry.md#chunk_003,db02-wb_medical-phenomena-entry.md,### Harrow-Sick,143,185,15.0,16.0,10.0,
de_authority,db02-wb_medical-phenomena-entry.md#chunk_004,db02-wb_medical-phenomena-entry.md,### Blight-Burn,131,174,15.0,16.0,10.0,
de_authority,db02-wb_medical-phenomena-entry.md#chunk_005,db02-wb_medical-phenomena-entry.md,### Depth Sickness,569,612,15.0,16.0,10.0,
de_authority,db02-wb_scavenger-barons-assembled-entry.md#chunk_001,db02-wb_scavenger-barons-assembled-entry.md,## Classification,137,180,15.0,16.0,10.0,
de_authority,db02-wb_scavenger-barons-assembled-entry.md#chunk_002,db02-wb_scavenger-barons-assembled-entry.md,## §1 — Origins and Historical Context,180,223,15.0,16.0,10.0,
de_authority,db02-wb_scavenger-barons-assembled-entry.md#chunk_003,db02-wb_scavenger-barons-assembled-entry.md,## §2 — Governance Mechanics,247,289,15.0,16.0,10.0,
de_authority,db02-wb_scavenger-barons-assembled-entry.md#chunk_004,db02-wb_scavenger-barons-assembled-entry.md,## §3 — The Ice-Debt System,214,257,15.0,16.0,10.0,
de_authority,db02-wb_scavenger-barons-assembled-entry.md#chunk_005,db02-wb_scavenger-barons-assembled-entry.md,## §4 — Economic Model,152,195,15.0,16.0,10.0,
de_authority,db02-wb_scavenger-barons-assembled-entry.md#chunk_006,db02-wb_scavenger-barons-assembled-entry.md,## §5 — The King's Find Mythology,431,474,15.0,16.0,10.0,
de_authority,db02-wb_silent-folk-assembled-entry.md#chunk_001,db02-wb_silent-folk-assembled-entry.md,# The Silent Folk — Assembled Entry (Post-Human Divergence of the Clicking Deeps),110,157,15.0,20.0,10.0,
de_authority,db02-wb_silent-folk-assembled-entry.md#chunk_002,db02-wb_silent-folk-assembled-entry.md,## 1. Origin and Evolutionary Context,208,254,15.0,20.0,10.0,
de_authority,db02-wb_silent-folk-assembled-entry.md#chunk_003,db02-wb_silent-folk-assembled-entry.md,## 2. Biological Divergence,245,292,15.0,20.0,10.0,
de_authority,db02-wb_silent-folk-assembled-entry.md#chunk_004,db02-wb_silent-folk-assembled-entry.md,## 3. Echo-Cant: A Language of Geometry,170,217,15.0,20.0,10.0,
de_authority,db02-wb_silent-folk-assembled-entry.md#chunk_005,db02-wb_silent-folk-assembled-entry.md,## 4. Social Structure and Territory,312,358,15.0,20.0,10.0,
de_authority,db02-wb_silent-folk-assembled-entry.md#chunk_006,db02-wb_silent-folk-assembled-entry.md,## 6. Diagnostic Synthesis,179,226,15.0,20.0,10.0,
de_authority,db02-wb_silent-folk-assembled-entry.md#chunk_007,db02-wb_silent-folk-assembled-entry.md,## Unlock Thresholds,215,262,15.0,20.0,10.0,
de_authority,db02-wb_skrap-troll-assembled-entry.md#chunk_001,db02-wb_skrap-troll-assembled-entry.md,# The Skrap-Troll — Assembled Entry (Feral Hrungnir-Class Geo-Demolition Unit),29,72,15.0,16.0,10.0,
de_authority,db02-wb_skrap-troll-assembled-entry.md#chunk_002,db02-wb_skrap-troll-assembled-entry.md,## Unlock Threshold Table,149,192,15.0,16.0,10.0,
de_authority,db02-wb_skrap-troll-assembled-entry.md#chunk_003,db02-wb_skrap-troll-assembled-entry.md,### §1. Identification and Pre-Glitch Origin,187,230,15.0,16.0,10.0,
de_authority,db02-wb_skrap-troll-assembled-entry.md#chunk_004,db02-wb_skrap-troll-assembled-entry.md,### §2. The Second Skin: Adaptive Exaptation,217,260,15.0,16.0,10.0,
de_authority,db02-wb_skrap-troll-assembled-entry.md#chunk_005,db02-wb_skrap-troll-assembled-entry.md,### §3. Territorial Behavior and Threat Profile,188,231,15.0,16.0,10.0,
de_authority,db02-wb_skrap-troll-assembled-entry.md#chunk_006,db02-wb_skrap-troll-assembled-entry.md,### §4. Economic Significance: The Dvergr Calculation,426,469,15.0,16.0,10.0,
de_authority,db02-wb_skrap-troll-assembled-entry.md#chunk_007,db02-wb_skrap-troll-assembled-entry.md,## Field Card Summary,141,184,15.0,16.0,10.0,
de_authority,db02-wb_svin-fylking-assembled-entry.md#chunk_001,db02-wb_svin-fylking-assembled-entry.md,# Svin-fylking — Assembled Entry (Iron-Husked Boar),37,76,15.0,13.0,10.0,
de_authority,db02-wb_svin-fylking-assembled-entry.md#chunk_002,db02-wb_svin-fylking-assembled-entry.md,## Unlock Threshold Table,154,193,15.0,13.0,10.0,
de_authority,db02-wb_svin-fylking-assembled-entry.md#chunk_003,db02-wb_svin-fylking-assembled-entry.md,## §1. Identification and Pre-Glitch Origin,660,699,15.0,13.0,10.0,
de_authority,db02-wb_svin-fylking-assembled-entry.md#chunk_004,db02-wb_svin-fylking-assembled-entry.md,### 3.2 The Fylking Charge (Signature Tactic),354,393,15.0,13.0,10.0,
de_authority,db02-wb_svin-fylking-assembled-entry.md#chunk_005,db02-wb_svin-fylking-assembled-entry.md,### 4.2 The Prize,161,200,15.0,13.0,10.0,
de_authority,db02-wb_svin-fylking-assembled-entry.md#chunk_006,db02-wb_svin-fylking-assembled-entry.md,### 5.1 The Jötun-Reader View,139,178,15.0,13.0,10.0,
de_authority,db02-wb_svin-fylking-assembled-entry.md#chunk_007,db02-wb_svin-fylking-assembled-entry.md,### 5.2 Faction Doctrinal Differences,154,193,15.0,13.0,10.0,
de_authority,db02-wb_svin-fylking-assembled-entry.md#chunk_008,db02-wb_svin-fylking-assembled-entry.md,## §6. Diagnostic Conclusion,276,315,15.0,13.0,10.0,
de_authority,db02-wb_svin-fylking-assembled-entry.md#chunk_009,db02-wb_svin-fylking-assembled-entry.md,## Field Card Summary,297,336,15.0,13.0,10.0,
de_authority,db02-wb_void-marked-assembled-entry.md#chunk_001,db02-wb_void-marked-assembled-entry.md,## Classification,36,78,15.0,15.0,10.0,
de_authority,db02-wb_void-marked-assembled-entry.md#chunk_002,db02-wb_void-marked-assembled-entry.md,## Diagnostic Summary,141,183,15.0,15.0,10.0,
de_authority,db02-wb_void-marked-assembled-entry.md#chunk_003,db02-wb_void-marked-assembled-entry.md,## §1 — Physical Characteristics,271,313,15.0,15.0,10.0,
de_authority,db02-wb_void-marked-assembled-entry.md#chunk_004,db02-wb_void-marked-assembled-entry.md,## §2 — Origins and Exposure Pathways,128,170,15.0,15.0,10.0,
de_authority,db02-wb_void-marked-assembled-entry.md#chunk_005,db02-wb_void-marked-assembled-entry.md,## §3 — Social Status and Political Contestation,269,310,15.0,15.0,10.0,
de_authority,db02-wb_void-marked-assembled-entry.md#chunk_006,db02-wb_void-marked-assembled-entry.md,## §4 — Capabilities and Operational Utility,128,170,15.0,15.0,10.0,
de_authority,db02-wb_void-marked-assembled-entry.md#chunk_007,db02-wb_void-marked-assembled-entry.md,## §5 — Material Interactions,132,174,15.0,15.0,10.0,
de_authority,db02-wb_void-marked-assembled-entry.md#chunk_008,db02-wb_void-marked-assembled-entry.md,## Unlock Thresholds,213,254,15.0,15.0,10.0,
de_authority,db02-wb_warden-host-assembled-entry.md#chunk_001,db02-wb_warden-host-assembled-entry.md,## Classification,36,81,15.0,19.0,10.0,
de_authority,db02-wb_warden-host-assembled-entry.md#chunk_002,db02-wb_warden-host-assembled-entry.md,## Diagnostic Summary,191,236,15.0,19.0,10.0,
de_authority,db02-wb_warden-host-assembled-entry.md#chunk_003,db02-wb_warden-host-assembled-entry.md,## §1 — Origins and Historical Context,214,260,15.0,19.0,10.0,
de_authority,db02-wb_warden-host-assembled-entry.md#chunk_004,db02-wb_warden-host-assembled-entry.md,## §2 — Primary Functions,243,288,15.0,19.0,10.0,
de_authority,db02-wb_warden-host-assembled-entry.md#chunk_005,db02-wb_warden-host-assembled-entry.md,## §3 — Echo-Cant in Warden-Host Operations,153,198,15.0,19.0,10.0,
de_authority,db02-wb_warden-host-assembled-entry.md#chunk_006,db02-wb_warden-host-assembled-entry.md,## §4 — Territorial Disputes and Factional Conflicts,365,410,15.0,19.0,10.0,
de_authority,db02-wb_warden-host-assembled-entry.md#chunk_007,db02-wb_warden-host-assembled-entry.md,## Unlock Thresholds,210,256,15.0,19.0,10.0,
de_authority,db02-wb_weir-bone-assembled-entry.md#chunk_001,db02-wb_weir-bone-assembled-entry.md,## Classification,37,79,15.0,15.0,10.0,
de_authority,db02-wb_weir-bone-assembled-entry.md#chunk_002,db02-wb_weir-bone-assembled-entry.md,## Diagnostic Summary,170,211,15.0,15.0,10.0,
de_authority,db02-wb_weir-bone-assembled-entry.md#chunk_003,db02-wb_weir-bone-assembled-entry.md,## §1 — Physical Properties,258,300,15.0,15.0,10.0,
de_authority,db02-wb_weir-bone-assembled-entry.md#chunk_004,db02-wb_weir-bone-assembled-entry.md,## §2 — Sourcing and Harvesting,175,217,15.0,15.0,10.0,
de_authority,db02-wb_weir-bone-assembled-entry.md#chunk_005,db02-wb_weir-bone-assembled-entry.md,## §3 — Applications,210,252,15.0,15.0,10.0,
de_authority,db02-wb_weir-bone-assembled-entry.md#chunk_006,db02-wb_weir-bone-assembled-entry.md,## §4 — Salvage Interactions and Material Conflicts,193,235,15.0,15.0,10.0,
de_authority,db02-wb_weir-bone-assembled-entry.md#chunk_007,db02-wb_weir-bone-assembled-entry.md,## Unlock Thresholds,187,228,15.0,15.0,10.0,
de_authority,db03-dc_agricultural-devastation.md#chunk_001,db03-dc_agricultural-devastation.md,"# Agricultural Devastation Case Study - Wheatholm District Total Loss, Year 781-783 PG",305,351,15.0,20.0,9.0,
de_authority,db03-dc_agricultural-devastation.md#chunk_002,db03-dc_agricultural-devastation.md,### Emergence Timeline,157,202,15.0,20.0,9.0,
de_authority,db03-dc_agricultural-devastation.md#chunk_003,db03-dc_agricultural-devastation.md,### Initial Response,917,963,15.0,20.0,9.0,
de_authority,db03-dc_agricultural-devastation.md#chunk_004,db03-dc_agricultural-devastation.md,### Alchemical Eradication,499,544,15.0,20.0,9.0,
de_authority,db03-dc_agricultural-devastation.md#chunk_005,db03-dc_agricultural-devastation.md,## Steward's Reflection,315,361,15.0,20.0,9.0,
de_authority,db03-dc_archive-cataloging-standards.md#chunk_001,db03-dc_archive-cataloging-standards.md,## Summary,102,143,15.0,15.0,9.0,
de_authority,db03-dc_archive-cataloging-standards.md#chunk_002,db03-dc_archive-cataloging-standards.md,## Motivation & Historical Context,215,256,15.0,15.0,9.0,
de_authority,db03-dc_archive-cataloging-standards.md#chunk_003,db03-dc_archive-cataloging-standards.md,## Expanded Metadata Framework,244,284,15.0,15.0,9.0,
de_authority,db03-dc_archive-cataloging-standards.md#chunk_004,db03-dc_archive-cataloging-standards.md,## Enhanced CPS Risk Classification,279,319,15.0,15.0,9.0,
de_authority,db03-dc_archive-cataloging-standards.md#chunk_005,db03-dc_archive-cataloging-standards.md,## Mandatory Pre-Screening Protocols,283,323,15.0,15.0,9.0,
de_authority,db03-dc_archive-cataloging-standards.md#chunk_006,db03-dc_archive-cataloging-standards.md,## Cross-Reference Integrity Standards,271,312,15.0,15.0,9.0,
de_authority,db03-dc_archive-cataloging-standards.md#chunk_007,db03-dc_archive-cataloging-standards.md,## Training & Implementation Rollout,270,310,15.0,15.0,9.0,
de_authority,db03-dc_archive-cataloging-standards.md#chunk_008,db03-dc_archive-cataloging-standards.md,## Institutional Culture Implications,234,274,15.0,15.0,9.0,
de_authority,db03-dc_ballad-of-the-broken-gate.md#chunk_001,db03-dc_ballad-of-the-broken-gate.md,(none),183,228,15.0,20.0,9.0,
de_authority,db03-dc_ballad-of-the-broken-gate.md#chunk_002,db03-dc_ballad-of-the-broken-gate.md,## The Ballad of the Broken Gate,536,582,15.0,20.0,9.0,
de_authority,db03-dc_ballad-of-the-broken-gate.md#chunk_003,db03-dc_ballad-of-the-broken-gate.md,## Collector's Notes,195,240,15.0,20.0,9.0,
de_authority,db03-dc_clockwork-synchronization.md#chunk_001,db03-dc_clockwork-synchronization.md,(none),131,171,15.0,15.0,9.0,
de_authority,db03-dc_clockwork-synchronization.md#chunk_002,db03-dc_clockwork-synchronization.md,## Protocol Overview,141,182,15.0,15.0,9.0,
de_authority,db03-dc_clockwork-synchronization.md#chunk_003,db03-dc_clockwork-synchronization.md,## Synchronization Cadence,163,204,15.0,15.0,9.0,
de_authority,db03-dc_clockwork-synchronization.md#chunk_004,db03-dc_clockwork-synchronization.md,## Field Application,306,347,15.0,15.0,9.0,
de_authority,db03-dc_clockwork-synchronization.md#chunk_005,db03-dc_clockwork-synchronization.md,## Trade Secret Protection,549,590,15.0,15.0,9.0,
de_authority,db03-dc_combine-month-names.md#chunk_001,db03-dc_combine-month-names.md,(none),67,105,15.0,13.0,9.0,
de_authority,db03-dc_combine-month-names.md#chunk_002,db03-dc_combine-month-names.md,## Overview,920,958,15.0,13.0,9.0,
de_authority,db03-dc_combine-month-names.md#chunk_003,db03-dc_combine-month-names.md,### Month 13 — Year's Rest,843,881,15.0,13.0,9.0,
de_authority,db03-dc_combine-month-names.md#chunk_004,db03-dc_combine-month-names.md,## Elder Resistance,144,182,15.0,13.0,9.0,
de_authority,db03-dc_combine-month-names.md#chunk_005,db03-dc_combine-month-names.md,## Strategic Implications,150,188,15.0,13.0,9.0,
de_authority,db03-dc_contract-dispute-case-study.md#chunk_001,db03-dc_contract-dispute-case-study.md,(none),71,111,15.0,15.0,9.0,
de_authority,db03-dc_contract-dispute-case-study.md#chunk_002,db03-dc_contract-dispute-case-study.md,## Overview,140,180,15.0,15.0,9.0,
de_authority,db03-dc_contract-dispute-case-study.md#chunk_003,db03-dc_contract-dispute-case-study.md,## Dispute Summary,460,500,15.0,15.0,9.0,
de_authority,db03-dc_contract-dispute-case-study.md#chunk_004,db03-dc_contract-dispute-case-study.md,## Arbitration Ruling,172,213,15.0,15.0,9.0,
de_authority,db03-dc_contract-dispute-case-study.md#chunk_005,db03-dc_contract-dispute-case-study.md,## Systemic Impact,295,335,15.0,15.0,9.0,
de_authority,db03-dc_contract-dispute-case-study.md#chunk_006,db03-dc_contract-dispute-case-study.md,## Cultural Resistance,141,182,15.0,15.0,9.0,
de_authority,db03-dc_contract-dispute-case-study.md#chunk_007,db03-dc_contract-dispute-case-study.md,## Strategic Implications,144,184,15.0,15.0,9.0,
de_authority,db03-dc_contract-dispute-case-study.md#chunk_008,db03-dc_contract-dispute-case-study.md,## Historical Context,197,237,15.0,15.0,9.0,
de_authority,db03-dc_crusade-mobilization.md#chunk_001,db03-dc_crusade-mobilization.md,## Evidence Excerpt,75,118,15.0,18.0,9.0,
de_authority,db03-dc_crusade-mobilization.md#chunk_002,db03-dc_crusade-mobilization.md,### Seven-Phase Mobilization Protocol,473,516,15.0,18.0,9.0,
de_authority,db03-dc_crusade-mobilization.md#chunk_003,db03-dc_crusade-mobilization.md,### Resource Allocation,352,395,15.0,18.0,9.0,
de_authority,db03-dc_crusader-field-training.md#chunk_001,db03-dc_crusader-field-training.md,## Summary,110,153,15.0,18.0,9.0,
de_authority,db03-dc_crusader-field-training.md#chunk_002,db03-dc_crusader-field-training.md,## Training Structure & Institutional Framework,250,293,15.0,18.0,9.0,
de_authority,db03-dc_crusader-field-training.md#chunk_003,db03-dc_crusader-field-training.md,## Corrupted Psychic Space Management,236,279,15.0,18.0,9.0,
de_authority,db03-dc_crusader-field-training.md#chunk_004,db03-dc_crusader-field-training.md,## Environmental Signal Recognition,228,271,15.0,18.0,9.0,
de_authority,db03-dc_crusader-field-training.md#chunk_005,db03-dc_crusader-field-training.md,## Data-Slate Handling Protocols,249,292,15.0,18.0,9.0,
de_authority,db03-dc_crusader-field-training.md#chunk_006,db03-dc_crusader-field-training.md,## Structural Assessment Fundamentals,239,282,15.0,18.0,9.0,
de_authority,db03-dc_crusader-field-training.md#chunk_007,db03-dc_crusader-field-training.md,## Certification & Operational Integration,256,299,15.0,18.0,9.0,
de_authority,db03-dc_dvergr-guild-chronicle.md#chunk_001,db03-dc_dvergr-guild-chronicle.md,(none),66,107,15.0,16.0,9.0,
de_authority,db03-dc_dvergr-guild-chronicle.md#chunk_002,db03-dc_dvergr-guild-chronicle.md,## Context,165,206,15.0,16.0,9.0,
de_authority,db03-dc_dvergr-guild-chronicle.md#chunk_003,db03-dc_dvergr-guild-chronicle.md,## Minimal Log,136,178,15.0,16.0,9.0,
de_authority,db03-dc_dvergr-guild-chronicle.md#chunk_004,db03-dc_dvergr-guild-chronicle.md,## Chronicle Entry (Layer 3 Evidence),341,383,15.0,16.0,9.0,
de_authority,db03-dc_dvergr-guild-chronicle.md#chunk_005,db03-dc_dvergr-guild-chronicle.md,### The Ironholt-Frostmark Case Study,211,253,15.0,16.0,9.0,
de_authority,db03-dc_dvergr-guild-chronicle.md#chunk_006,db03-dc_dvergr-guild-chronicle.md,### Standardization Through Market Forces,204,245,15.0,16.0,9.0,
de_authority,db03-dc_dvergr-guild-chronicle.md#chunk_007,db03-dc_dvergr-guild-chronicle.md,### Unintended Hegemony,522,564,15.0,16.0,9.0,
de_authority,db03-dc_dvergr-guild-chronicle.md#chunk_008,db03-dc_dvergr-guild-chronicle.md,## Strategic Implications,226,267,15.0,16.0,9.0,
de_authority,db03-dc_echo-caller-field-observation.md#chunk_001,db03-dc_echo-caller-field-observation.md,## Ritual Overview,274,314,15.0,15.0,9.0,
de_authority,db03-dc_ginnungagap-coolant-chasm.md#chunk_001,db03-dc_ginnungagap-coolant-chasm.md,## Minimal Log Context,197,235,15.0,13.0,9.0,
de_authority,db03-dc_ginnungagap-coolant-chasm.md#chunk_002,db03-dc_ginnungagap-coolant-chasm.md,### Chemical Composition,448,486,15.0,13.0,9.0,
de_authority,db03-dc_god-sleeper-operational-doctrine.md#chunk_001,db03-dc_god-sleeper-operational-doctrine.md,## Minimal Log,889,926,15.0,13.0,9.0,
de_authority,db03-dc_god-sleeper-operational-doctrine.md#chunk_002,db03-dc_god-sleeper-operational-doctrine.md,### vs. Rust-Clan Hunters,387,425,15.0,13.0,9.0,
de_authority,db03-dc_gutter-skald-info-exchange.md#chunk_001,db03-dc_gutter-skald-info-exchange.md,(none),269,310,15.0,16.0,9.0,
de_authority,db03-dc_gutter-skald-info-exchange.md#chunk_002,db03-dc_gutter-skald-info-exchange.md,### 2.2 Transaction Sequence,445,487,15.0,16.0,9.0,
de_authority,db03-dc_historical-theological-survey.md#chunk_001,db03-dc_historical-theological-survey.md,## Observation Context,80,119,15.0,13.0,10.0,
de_authority,db03-dc_historical-theological-survey.md#chunk_002,db03-dc_historical-theological-survey.md,## §1 — Pre-Glitch Religious Context,200,239,15.0,13.0,10.0,
de_authority,db03-dc_historical-theological-survey.md#chunk_003,db03-dc_historical-theological-survey.md,## §2 — God-Sleeper Origins and Rise (Years 50-200 PG),295,334,15.0,13.0,10.0,
de_authority,db03-dc_historical-theological-survey.md#chunk_004,db03-dc_historical-theological-survey.md,## §3 — Iron-Bane Doctrinal Development (Years 150-500 PG),314,353,15.0,13.0,10.0,
de_authority,db03-dc_historical-theological-survey.md#chunk_005,db03-dc_historical-theological-survey.md,## §4 — The Warden-Host as Theological Response (Years 340-783 PG),170,209,15.0,13.0,10.0,
de_authority,db03-dc_historical-theological-survey.md#chunk_006,db03-dc_historical-theological-survey.md,## §5 — Religious-Technology Intersections (Current Era),357,396,15.0,13.0,10.0,
de_authority,db03-dc_inter-generational-knowledge-transfer.md#chunk_001,db03-dc_inter-generational-knowledge-transfer.md,(none),865,908,15.0,18.0,9.0,
de_authority,db03-dc_inter-generational-knowledge-transfer.md#chunk_002,db03-dc_inter-generational-knowledge-transfer.md,### Dual-Caste Integration,249,292,15.0,18.0,9.0,
de_authority,db03-dc_inter-generational-knowledge-transfer.md#chunk_003,db03-dc_inter-generational-knowledge-transfer.md,### Vulnerabilities of Oral Tradition,500,543,15.0,18.0,9.0,
de_authority,db03-dc_inter-generational-knowledge-transfer.md#chunk_004,db03-dc_inter-generational-knowledge-transfer.md,## Strategic Cultural Implications,198,241,15.0,18.0,9.0,
de_authority,db03-dc_iron-bane-theological-analysis.md#chunk_001,db03-dc_iron-bane-theological-analysis.md,## Overview,94,135,15.0,15.0,9.0,
de_authority,db03-dc_iron-bane-theological-analysis.md#chunk_002,db03-dc_iron-bane-theological-analysis.md,### The Iron-Curse Manifestation,886,926,15.0,15.0,9.0,
de_authority,db03-dc_iron-bane-theological-analysis.md#chunk_003,db03-dc_iron-bane-theological-analysis.md,## Strategic Implications,70,110,15.0,15.0,9.0,
de_authority,db03-dc_iron-banes-liturgical-calendar.md#chunk_001,db03-dc_iron-banes-liturgical-calendar.md,(none),162,202,15.0,15.0,9.0,
de_authority,db03-dc_iron-banes-liturgical-calendar.md#chunk_002,db03-dc_iron-banes-liturgical-calendar.md,## Temporal Foundation and Theological Overlay,169,209,15.0,15.0,9.0,
de_authority,db03-dc_iron-banes-liturgical-calendar.md#chunk_003,db03-dc_iron-banes-liturgical-calendar.md,## The Five Ages Framework,169,209,15.0,15.0,9.0,
de_authority,db03-dc_iron-banes-liturgical-calendar.md#chunk_004,db03-dc_iron-banes-liturgical-calendar.md,## Sacred Date Observance,274,314,15.0,15.0,9.0,
de_authority,db03-dc_iron-banes-liturgical-calendar.md#chunk_005,db03-dc_iron-banes-liturgical-calendar.md,## Operational Integration and Practical Compromise,174,214,15.0,15.0,9.0,
de_authority,db03-dc_iron-banes-liturgical-calendar.md#chunk_006,db03-dc_iron-banes-liturgical-calendar.md,## Doctrinal Uncertainty and Competing Interpretations,630,670,15.0,15.0,9.0,
de_authority,db03-dc_iron-banes-liturgical-calendar.md#chunk_007,db03-dc_iron-banes-liturgical-calendar.md,## Calendar Mathematics and Astronomical Correction,130,170,15.0,15.0,9.0,
de_authority,db03-dc_iron-banes-liturgical-calendar.md#chunk_008,db03-dc_iron-banes-liturgical-calendar.md,## Inter-Chapter Coordination and Doctrinal Diversity,244,284,15.0,15.0,9.0,
de_authority,db03-dc_jarl-authority-exercise.md#chunk_001,db03-dc_jarl-authority-exercise.md,(none),100,143,15.0,18.0,9.0,
de_authority,db03-dc_jarl-authority-exercise.md#chunk_002,db03-dc_jarl-authority-exercise.md,## Crisis Context,252,295,15.0,18.0,9.0,
de_authority,db03-dc_jarl-authority-exercise.md#chunk_003,db03-dc_jarl-authority-exercise.md,## Decision-Making Process,241,284,15.0,18.0,9.0,
de_authority,db03-dc_jarl-authority-exercise.md#chunk_004,db03-dc_jarl-authority-exercise.md,## Jarl Proclamation,215,258,15.0,18.0,9.0,
de_authority,db03-dc_jarl-authority-exercise.md#chunk_005,db03-dc_jarl-authority-exercise.md,## Implementation,193,236,15.0,18.0,9.0,
de_authority,db03-dc_jarl-authority-exercise.md#chunk_006,db03-dc_jarl-authority-exercise.md,## Outcomes Assessment,236,279,15.0,18.0,9.0,
de_authority,db03-dc_jarl-authority-exercise.md#chunk_007,db03-dc_jarl-authority-exercise.md,## Authority Dynamics Observed,378,421,15.0,18.0,9.0,
de_authority,db03-dc_jarn-madr-behavioral-study.md#chunk_001,db03-dc_jarn-madr-behavioral-study.md,(none),93,137,15.0,19.0,9.0,
de_authority,db03-dc_jarn-madr-behavioral-study.md#chunk_002,db03-dc_jarn-madr-behavioral-study.md,## Study Parameters and Safety Protocols,232,276,15.0,19.0,9.0,
de_authority,db03-dc_jarn-madr-behavioral-study.md#chunk_003,db03-dc_jarn-madr-behavioral-study.md,## Swarm Density and Composition,198,243,15.0,19.0,9.0,
de_authority,db03-dc_jarn-madr-behavioral-study.md#chunk_004,db03-dc_jarn-madr-behavioral-study.md,## Material Targeting Hierarchy,501,546,15.0,19.0,9.0,
de_authority,db03-dc_jarn-madr-behavioral-study.md#chunk_005,db03-dc_jarn-madr-behavioral-study.md,## Disassembly Efficiency and Methods,340,384,15.0,19.0,9.0,
de_authority,db03-dc_jarn-madr-behavioral-study.md#chunk_006,db03-dc_jarn-madr-behavioral-study.md,## Humanoid Coalescence Patterns,334,378,15.0,19.0,9.0,
de_authority,db03-dc_jarn-madr-behavioral-study.md#chunk_007,db03-dc_jarn-madr-behavioral-study.md,## Communication and Coordination,240,284,15.0,19.0,9.0,
de_authority,db03-dc_jarn-madr-behavioral-study.md#chunk_008,db03-dc_jarn-madr-behavioral-study.md,## Diagnostic Assessment and Implications,314,358,15.0,19.0,9.0,
de_authority,db03-dc_jotun-reader-chronology.md#chunk_001,db03-dc_jotun-reader-chronology.md,(none),182,223,15.0,16.0,9.0,
de_authority,db03-dc_jotun-reader-chronology.md#chunk_002,db03-dc_jotun-reader-chronology.md,## Archival Methodology and Evidence Sources,269,310,15.0,16.0,9.0,
de_authority,db03-dc_jotun-reader-chronology.md#chunk_003,db03-dc_jotun-reader-chronology.md,## Primary Evidence: Chronology Reconstruction Notes,500,542,15.0,16.0,9.0,
de_authority,db03-dc_jotun-reader-chronology.md#chunk_004,db03-dc_jotun-reader-chronology.md,## Collaborative Consensus Process,174,215,15.0,16.0,9.0,
de_authority,db03-dc_jotun-reader-chronology.md#chunk_005,db03-dc_jotun-reader-chronology.md,## Implications for Historical Precision,231,273,15.0,16.0,9.0,
de_authority,db03-dc_jotunheim-swarm-density.md#chunk_001,db03-dc_jotunheim-swarm-density.md,(none),165,210,15.0,20.0,9.0,
de_authority,db03-dc_jotunheim-swarm-density.md#chunk_002,db03-dc_jotunheim-swarm-density.md,## Survey Design and Methodology,254,300,15.0,20.0,9.0,
de_authority,db03-dc_jotunheim-swarm-density.md#chunk_003,db03-dc_jotunheim-swarm-density.md,### Knuckle-Bone Fields Primary Habitat,426,471,15.0,20.0,9.0,
de_authority,db03-dc_jotunheim-swarm-density.md#chunk_004,db03-dc_jotunheim-swarm-density.md,### Site 1: Knuckle-Bone Fields Northeast Sector,179,224,15.0,20.0,9.0,
de_authority,db03-dc_jotunheim-swarm-density.md#chunk_005,db03-dc_jotunheim-swarm-density.md,### Site 2: Great Looms Corridor Northern Sector,211,257,15.0,20.0,9.0,
de_authority,db03-dc_jotunheim-swarm-density.md#chunk_006,db03-dc_jotunheim-swarm-density.md,### Site 3: Iron Heart Breach Core,205,250,15.0,20.0,9.0,
de_authority,db03-dc_jotunheim-swarm-density.md#chunk_007,db03-dc_jotunheim-swarm-density.md,## Swarm Movement Patterns,204,249,15.0,20.0,9.0,
de_authority,db03-dc_jotunheim-swarm-density.md#chunk_008,db03-dc_jotunheim-swarm-density.md,## Population Growth Dynamics,235,280,15.0,20.0,9.0,
de_authority,db03-dc_jotunheim-swarm-density.md#chunk_009,db03-dc_jotunheim-swarm-density.md,## Strategic Threat Assessment,512,557,15.0,20.0,9.0,
de_authority,db03-dc_loki-archive-security-audit.md#chunk_001,db03-dc_loki-archive-security-audit.md,(none),178,221,15.0,18.0,9.0,
de_authority,db03-dc_loki-archive-security-audit.md#chunk_002,db03-dc_loki-archive-security-audit.md,## Background: The Loki Archive Purpose,525,568,15.0,18.0,9.0,
de_authority,db03-dc_loki-archive-security-audit.md#chunk_003,db03-dc_loki-archive-security-audit.md,### Heimdallr Fragments,154,197,15.0,18.0,9.0,
de_authority,db03-dc_loki-archive-security-audit.md#chunk_004,db03-dc_loki-archive-security-audit.md,### Active Ghost-Processes,269,312,15.0,18.0,9.0,
de_authority,db03-dc_loki-archive-security-audit.md#chunk_005,db03-dc_loki-archive-security-audit.md,### ODIN Protocol Fragments,418,461,15.0,18.0,9.0,
de_authority,db03-dc_loki-archive-security-audit.md#chunk_006,db03-dc_loki-archive-security-audit.md,### Incident 1: Vault 2 Containment Box Seal Degradation,180,223,15.0,18.0,9.0,
de_authority,db03-dc_loki-archive-security-audit.md#chunk_007,db03-dc_loki-archive-security-audit.md,### Incident 2: Ghost-Process Migration Attempt,174,217,15.0,18.0,9.0,
de_authority,db03-dc_loki-archive-security-audit.md#chunk_008,db03-dc_loki-archive-security-audit.md,### Incident 3: Access Log Anomaly,890,933,15.0,18.0,9.0,
de_authority,db03-dc_loki-archive-security-audit.md#chunk_009,db03-dc_loki-archive-security-audit.md,## Conclusion,113,156,15.0,18.0,9.0,
de_authority,db03-dc_loki-protocol-warning.md#chunk_001,db03-dc_loki-protocol-warning.md,(none),88,131,15.0,18.0,9.0,
de_authority,db03-dc_loki-protocol-warning.md#chunk_002,db03-dc_loki-protocol-warning.md,### L.O.K.I. PROTOCOL DIAGNOSTIC LOG — HEIMDALLR BLIND SPOT ASSESSMENT,923,965,15.0,18.0,9.0,
de_authority,db03-dc_loki-protocol-warning.md#chunk_003,db03-dc_loki-protocol-warning.md,### L.O.K.I. PROTOCOL DIAGNOSTIC LOG — HEIMDALLR BLIND SPOT ASSESSMENT,374,417,15.0,18.0,9.0,
de_authority,db03-dc_loki-protocol-warning.md#chunk_004,db03-dc_loki-protocol-warning.md,## JÖTUN-READER ANALYSIS (Layer 2),328,371,15.0,18.0,9.0,
de_authority,db03-dc_medical-causality-research.md#chunk_001,db03-dc_medical-causality-research.md,## Observation Context,78,122,15.0,18.0,10.0,
de_authority,db03-dc_medical-causality-research.md#chunk_002,db03-dc_medical-causality-research.md,## §1 — Research Premise and Scope,141,185,15.0,18.0,10.0,
de_authority,db03-dc_medical-causality-research.md#chunk_003,db03-dc_medical-causality-research.md,### 2.1 — Established Causal Factors,171,215,15.0,18.0,10.0,
de_authority,db03-dc_medical-causality-research.md#chunk_004,db03-dc_medical-causality-research.md,### 2.2 — Proposed Causal Models,193,237,15.0,18.0,10.0,
de_authority,db03-dc_medical-causality-research.md#chunk_005,db03-dc_medical-causality-research.md,### 3.1 — Observed Divergence Points,170,214,15.0,18.0,10.0,
de_authority,db03-dc_medical-causality-research.md#chunk_006,db03-dc_medical-causality-research.md,### 3.2 — Proposed Divergence Models,178,222,15.0,18.0,10.0,
de_authority,db03-dc_medical-causality-research.md#chunk_007,db03-dc_medical-causality-research.md,### 4.1 — Priority Questions,131,175,15.0,18.0,10.0,
de_authority,db03-dc_medical-causality-research.md#chunk_008,db03-dc_medical-causality-research.md,### 4.2 — Research Barriers,256,300,15.0,18.0,10.0,
de_authority,db03-dc_novice-training-documentation.md#chunk_001,db03-dc_novice-training-documentation.md,"## Evidence Excerpt (Layer 2, Instructional Documentation)",148,191,15.0,18.0,9.0,
de_authority,db03-dc_novice-training-documentation.md#chunk_002,db03-dc_novice-training-documentation.md,### Segment 1: Breath Control Techniques (T+0 to T+25 min),228,271,15.0,18.0,9.0,
de_authority,db03-dc_novice-training-documentation.md#chunk_003,db03-dc_novice-training-documentation.md,### Segment 2: Cognitive Anchor Exercises (T+25 to T+50 min),323,366,15.0,18.0,9.0,
de_authority,db03-dc_novice-training-documentation.md#chunk_004,db03-dc_novice-training-documentation.md,### Segment 4: Slow Path Philosophy (T+75 to T+90 min),132,175,15.0,18.0,9.0,
de_authority,db03-dc_novice-training-documentation.md#chunk_005,db03-dc_novice-training-documentation.md,### Session Conclusion,232,275,15.0,18.0,9.0,
de_authority,db03-dc_perfect-silent-cage.md#chunk_001,db03-dc_perfect-silent-cage.md,## Summary,119,161,15.0,16.0,9.0,
de_authority,db03-dc_perfect-silent-cage.md#chunk_002,db03-dc_perfect-silent-cage.md,## Expedition Profile & Strategic Context,211,253,15.0,16.0,9.0,
de_authority,db03-dc_perfect-silent-cage.md#chunk_003,db03-dc_perfect-silent-cage.md,## Recovery Operation & Site Forensics,293,335,15.0,16.0,9.0,
de_authority,db03-dc_perfect-silent-cage.md#chunk_004,db03-dc_perfect-silent-cage.md,## Tactical & Strategic Implications,291,332,15.0,16.0,9.0,
de_authority,db03-dc_perfect-silent-cage.md#chunk_005,db03-dc_perfect-silent-cage.md,## Policy Outcomes,258,300,15.0,16.0,9.0,
de_authority,db03-dc_quiet-nod-protocol.md#chunk_001,db03-dc_quiet-nod-protocol.md,## Summary,109,150,15.0,16.0,9.0,
de_authority,db03-dc_quiet-nod-protocol.md#chunk_002,db03-dc_quiet-nod-protocol.md,## Institutional Structure & Conflict Separation,263,305,15.0,16.0,9.0,
de_authority,db03-dc_quiet-nod-protocol.md#chunk_003,db03-dc_quiet-nod-protocol.md,## Contracting Protocol & Communication Security,247,288,15.0,16.0,9.0,
de_authority,db03-dc_quiet-nod-protocol.md#chunk_004,db03-dc_quiet-nod-protocol.md,## Execution Methodology & Stealth Techniques,280,322,15.0,16.0,9.0,
de_authority,db03-dc_quiet-nod-protocol.md#chunk_005,db03-dc_quiet-nod-protocol.md,## Lie-Mark Deployment & Misdirection,248,289,15.0,16.0,9.0,
de_authority,db03-dc_quiet-nod-protocol.md#chunk_006,db03-dc_quiet-nod-protocol.md,## Cultural Boundaries & Operational Limits,250,292,15.0,16.0,9.0,
de_authority,db03-dc_quiet-nod-protocol.md#chunk_007,db03-dc_quiet-nod-protocol.md,## Economic Structure & Operational Security,224,266,15.0,16.0,9.0,
de_authority,db03-dc_rule-of-two-threads.md#chunk_001,db03-dc_rule-of-two-threads.md,## Summary,106,146,15.0,15.0,9.0,
de_authority,db03-dc_rule-of-two-threads.md#chunk_002,db03-dc_rule-of-two-threads.md,## Verification Protocol Structure,245,286,15.0,15.0,9.0,
de_authority,db03-dc_rule-of-two-threads.md#chunk_003,db03-dc_rule-of-two-threads.md,## Source Reliability Tracking,150,191,15.0,15.0,9.0,
de_authority,db03-dc_rule-of-two-threads.md#chunk_004,db03-dc_rule-of-two-threads.md,## Blood-Proof Enhancement,145,185,15.0,15.0,9.0,
de_authority,db03-dc_rule-of-two-threads.md#chunk_005,db03-dc_rule-of-two-threads.md,## Wind-Singer Penalty Enforcement,262,302,15.0,15.0,9.0,
de_authority,db03-dc_rule-of-two-threads.md#chunk_006,db03-dc_rule-of-two-threads.md,## Economic Function in Lawless Environments,289,330,15.0,15.0,9.0,
de_authority,db03-dc_salvage-operations-manual.md#chunk_001,db03-dc_salvage-operations-manual.md,## Observation Context,65,107,15.0,16.0,10.0,
de_authority,db03-dc_salvage-operations-manual.md#chunk_002,db03-dc_salvage-operations-manual.md,## §1 — Salvage Operations Overview,204,247,15.0,16.0,10.0,
de_authority,db03-dc_salvage-operations-manual.md#chunk_003,db03-dc_salvage-operations-manual.md,### 2.1 — Pre-Entry Assessment,128,171,15.0,16.0,10.0,
de_authority,db03-dc_salvage-operations-manual.md#chunk_004,db03-dc_salvage-operations-manual.md,### 2.2 — Extraction Protocols,148,191,15.0,16.0,10.0,
de_authority,db03-dc_salvage-operations-manual.md#chunk_005,db03-dc_salvage-operations-manual.md,### 2.3 — Void-Marked Personnel Protocols,348,391,15.0,16.0,10.0,
de_authority,db03-dc_salvage-operations-manual.md#chunk_006,db03-dc_salvage-operations-manual.md,## §4 — Timeline of Major Discoveries,209,252,15.0,16.0,10.0,
de_authority,db03-dc_salvage-operations-manual.md#chunk_007,db03-dc_salvage-operations-manual.md,## §5 — Factional Salvage Policies,206,249,15.0,16.0,10.0,
de_authority,db03-dc_salvage-operations-manual.md#chunk_008,db03-dc_salvage-operations-manual.md,## §6 — Risk Assessment Matrix,150,193,15.0,16.0,10.0,
de_authority,db03-dc_sanctuary-establishment-record.md#chunk_001,db03-dc_sanctuary-establishment-record.md,## Observation Context,80,123,15.0,16.0,10.0,
de_authority,db03-dc_sanctuary-establishment-record.md#chunk_002,db03-dc_sanctuary-establishment-record.md,## §1 — The Grith-Hold Charter (Year 340 PG),647,690,15.0,16.0,10.0,
de_authority,db03-dc_sanctuary-establishment-record.md#chunk_003,db03-dc_sanctuary-establishment-record.md,## §3 — Void-Marked Sanctuary Rights,234,276,15.0,16.0,10.0,
de_authority,db03-dc_sanctuary-establishment-record.md#chunk_004,db03-dc_sanctuary-establishment-record.md,## §4 — Echo-Cant Communication Protocols,280,323,15.0,16.0,10.0,
de_authority,db03-dc_sanctuary-establishment-record.md#chunk_005,db03-dc_sanctuary-establishment-record.md,## §5 — Iron-Bane Conflict Record,443,486,15.0,16.0,10.0,
de_authority,db03-dc_sanctuary-establishment.md#chunk_001,db03-dc_sanctuary-establishment.md,## Observation Summary,516,557,15.0,16.0,9.0,
de_authority,db03-dc_sanctuary-establishment.md#chunk_002,db03-dc_sanctuary-establishment.md,## Quantified Observations,241,283,15.0,16.0,9.0,
de_authority,db03-dc_sanctuary-establishment.md#chunk_003,db03-dc_sanctuary-establishment.md,## Operational Context,252,293,15.0,16.0,9.0,
de_authority,db03-dc_waystation-cache-inventory.md#chunk_001,db03-dc_waystation-cache-inventory.md,# Waystation Cache Inventory Audit — Stonebridge Tier 2 Year 783 PG,438,482,15.0,19.0,9.0,
de_authority,standalone_aether-weave-os.md#chunk_001,standalone_aether-weave-os.md,# ⚙️ Technical Specification: Aether-Weave OS — Core Architecture & Futhark API,162,209,18.0,19.0,9.0,
de_authority,standalone_aether-weave-os.md#chunk_002,standalone_aether-weave-os.md,### 1.2 Core Design Principles,263,310,18.0,19.0,9.0,
de_authority,standalone_aether-weave-os.md#chunk_003,standalone_aether-weave-os.md,### 2.1 API Structure and Syntax,347,393,18.0,19.0,9.0,
de_authority,standalone_aether-weave-os.md#chunk_004,standalone_aether-weave-os.md,### 2.2 Representative Subroutine Examples,655,702,18.0,19.0,9.0,
de_authority,standalone_aether-weave-os.md#chunk_005,standalone_aether-weave-os.md,### 3.2 Coordination Primitives,228,275,18.0,19.0,9.0,
de_authority,standalone_aether-weave-os.md#chunk_006,standalone_aether-weave-os.md,### 4.1 Nominal Operation Examples,590,637,18.0,19.0,9.0,
de_authority,standalone_aether-weave-os.md#chunk_007,standalone_aether-weave-os.md,### 7.3 Dvergr Rejection Rationale,159,206,18.0,19.0,9.0,
de_authority,standalone_combine-reckoning.md#chunk_001,standalone_combine-reckoning.md,# 🌾 Combine Reckoning: Agricultural Timekeeping and Seasonal Coordination,23,67,18.0,15.0,10.0,
de_authority,standalone_combine-reckoning.md#chunk_002,standalone_combine-reckoning.md,## 1. Introduction and scope,249,293,18.0,15.0,10.0,
de_authority,standalone_combine-reckoning.md#chunk_003,standalone_combine-reckoning.md,### The thirteen seasonal designations,907,951,18.0,15.0,10.0,
de_authority,standalone_combine-reckoning.md#chunk_004,standalone_combine-reckoning.md,### Geographic climate zones and agricultural constraints,547,591,18.0,15.0,10.0,
de_authority,standalone_combine-reckoning.md#chunk_005,standalone_combine-reckoning.md,### Key patterns and cultural characteristics,140,184,18.0,15.0,10.0,
de_authority,standalone_dagaz-concordance.md#chunk_001,standalone_dagaz-concordance.md,### How to use this entry,843,884,18.0,13.0,9.0,
de_authority,standalone_daily-life-midgard.md#chunk_001,standalone_daily-life-midgard.md,# 🏘️ Daily Life in the Midgard Combine: A Diagnostic Study of Post-Glitch Subsistence Culture,32,84,19.0,23.0,9.0,
de_authority,standalone_daily-life-midgard.md#chunk_002,standalone_daily-life-midgard.md,## 1. Introduction: The Diagnostic Frame,150,202,19.0,23.0,9.0,
de_authority,standalone_daily-life-midgard.md#chunk_003,standalone_daily-life-midgard.md,### 2.1 Agricultural foundation and labor cycles,128,180,19.0,23.0,9.0,
de_authority,standalone_daily-life-midgard.md#chunk_004,standalone_daily-life-midgard.md,### 2.2 Seasonal labor allocation,521,573,19.0,23.0,9.0,
de_authority,standalone_daily-life-midgard.md#chunk_005,standalone_daily-life-midgard.md,"### 3.1 The ""Rope-Weave"" kinship system",209,261,19.0,23.0,9.0,
de_authority,standalone_daily-life-midgard.md#chunk_006,standalone_daily-life-midgard.md,### 3.2 Work-groups and trust structures,386,438,19.0,23.0,9.0,
de_authority,standalone_daily-life-midgard.md#chunk_007,standalone_daily-life-midgard.md,### 5.1 Dominant belief systems in Midgard,273,325,19.0,23.0,9.0,
de_authority,standalone_daily-life-midgard.md#chunk_008,standalone_daily-life-midgard.md,### 5.2 Ritual calendar and ceremonial life,825,877,19.0,23.0,9.0,
de_authority,standalone_daily-life-midgard.md#chunk_009,standalone_daily-life-midgard.md,### 8.1 Structural fragilities,223,275,19.0,23.0,9.0,
de_authority,standalone_daily-life-midgard.md#chunk_010,standalone_daily-life-midgard.md,## 9. Conclusion: Daily Life as Adaptive Success,139,191,19.0,23.0,9.0,
de_authority,standalone_fimbul-cant.md#chunk_001,standalone_fimbul-cant.md,# 🗣️ Fimbul-Cant: The Language of Ice-Debt and Survival,63,105,16.0,15.0,9.0,
de_authority,standalone_fimbul-cant.md#chunk_002,standalone_fimbul-cant.md,## 1. Identification and context,280,322,16.0,15.0,9.0,
de_authority,standalone_fimbul-cant.md#chunk_003,standalone_fimbul-cant.md,### 2.1 Etymological foundations,179,221,16.0,15.0,9.0,
de_authority,standalone_fimbul-cant.md#chunk_004,standalone_fimbul-cant.md,### 2.2 Core vocabulary domains,579,621,16.0,15.0,9.0,
de_authority,standalone_fimbul-cant.md#chunk_005,standalone_fimbul-cant.md,### 2.3 Psychological embedding mechanisms,244,286,16.0,15.0,9.0,
de_authority,standalone_fimbul-cant.md#chunk_006,standalone_fimbul-cant.md,### 3.1 Field Card — Forsaken communication protocols,482,523,16.0,15.0,9.0,
de_authority,standalone_fimbul-cant.md#chunk_007,standalone_fimbul-cant.md,### 4.1 Common misunderstandings (outsider errors),243,284,16.0,15.0,9.0,
de_authority,standalone_fimbul-cant.md#chunk_008,standalone_fimbul-cant.md,### 4.2 Psychological diagnostic applications,197,239,16.0,15.0,9.0,
de_authority,standalone_fimbul-cant.md#chunk_009,standalone_fimbul-cant.md,### 5.1 Jötun-Reader engagement doctrine,276,318,16.0,15.0,9.0,
de_authority,standalone_fimbul-cant.md#chunk_010,standalone_fimbul-cant.md,### 5.2 Rangers Guild operational stance,154,196,16.0,15.0,9.0,
de_authority,standalone_fimbul-cant.md#chunk_011,standalone_fimbul-cant.md,### 5.3 Dvergr Guild assessment,180,222,16.0,15.0,9.0,
de_authority,standalone_fimbul-cant.md#chunk_012,standalone_fimbul-cant.md,### 6.1 Linguistic foundations,135,176,16.0,15.0,9.0,
de_authority,standalone_fimbul-cant.md#chunk_013,standalone_fimbul-cant.md,### 6.2 Cultural and geographic context,152,193,16.0,15.0,9.0,
de_authority,standalone_fimbul-cant.md#chunk_014,standalone_fimbul-cant.md,### 7.1 Jötun-Readers — The Archive of Suffering,525,566,16.0,15.0,9.0,
de_authority,standalone_fimbul-cant.md#chunk_015,standalone_fimbul-cant.md,"### 7.2 Forsaken — Our Words, Our Survival",605,647,16.0,15.0,9.0,
de_authority,standalone_fimbul-cant.md#chunk_016,standalone_fimbul-cant.md,### 7.3 Rangers Guild — Professional Competence Requirement,422,464,16.0,15.0,9.0,
de_authority,standalone_fimbul-cant.md#chunk_017,standalone_fimbul-cant.md,### 7.4 Dvergr Clans — Functional Efficiency Assessment,430,471,16.0,15.0,9.0,
de_authority,standalone_fimbul-cant.md#chunk_018,standalone_fimbul-cant.md,### 7.5 Iron-Banes — The Slave-Tongue,474,516,16.0,15.0,9.0,
de_authority,standalone_fimbul-cant.md#chunk_019,standalone_fimbul-cant.md,### 7.6 Hearth-Clans — The Border Echo,473,514,16.0,15.0,9.0,
de_authority,standalone_fimbul-cant.md#chunk_020,standalone_fimbul-cant.md,### 7.7 God-Sleepers — The Language of Trial,500,542,16.0,15.0,9.0,
de_authority,standalone_fimbul-cant.md#chunk_021,standalone_fimbul-cant.md,## 8. Reviewer's Note,724,765,16.0,15.0,9.0,
de_authority,standalone_gebo-concordance.md#chunk_001,standalone_gebo-concordance.md,## How to use this entry,670,711,18.0,13.0,9.0,
de_authority,standalone_nine-tiers-architecture.md#chunk_001,standalone_nine-tiers-architecture.md,# ⚙️ The Nine Tiers Architecture: Hierarchical Design of the Yggdrasil Network,42,89,18.0,19.0,9.0,
de_authority,standalone_nine-tiers-architecture.md#chunk_002,standalone_nine-tiers-architecture.md,## Abstract,478,525,18.0,19.0,9.0,
de_authority,standalone_nine-tiers-architecture.md#chunk_003,standalone_nine-tiers-architecture.md,### 1.1 Functional Stratification,247,293,18.0,19.0,9.0,
de_authority,standalone_nine-tiers-architecture.md#chunk_004,standalone_nine-tiers-architecture.md,### 1.2 Hierarchical Control: ODIN Integration Density,249,296,18.0,19.0,9.0,
de_authority,standalone_nine-tiers-architecture.md#chunk_005,standalone_nine-tiers-architecture.md,### 1.3 Aetheric Field Density Correlation,165,211,18.0,19.0,9.0,
de_authority,standalone_nine-tiers-architecture.md#chunk_006,standalone_nine-tiers-architecture.md,### Tier 0: Governance Core,183,230,18.0,19.0,9.0,
de_authority,standalone_nine-tiers-architecture.md#chunk_007,standalone_nine-tiers-architecture.md,### Tier 1: Research and Development,911,958,18.0,19.0,9.0,
de_authority,standalone_nine-tiers-architecture.md#chunk_008,standalone_nine-tiers-architecture.md,### Secondary Sources (Layer 2: Diagnostic Analysis),28,75,18.0,19.0,9.0,
de_authority,standalone_nine-tiers-architecture.md#chunk_009,standalone_nine-tiers-architecture.md,## VIII. Cross-References,133,180,18.0,19.0,9.0,
de_authority,standalone_nine-tiers-architecture.md#chunk_010,standalone_nine-tiers-architecture.md,## IX. Change Log,228,275,18.0,19.0,9.0,
de_authority,standalone_runic-interface.md#chunk_001,standalone_runic-interface.md,# Runic Interface (Physical Command Layer),62,100,16.0,11.0,9.0,
de_authority,standalone_runic-interface.md#chunk_002,standalone_runic-interface.md,## 1.0 Abstract,128,166,16.0,11.0,9.0,
de_authority,standalone_runic-interface.md#chunk_003,standalone_runic-interface.md,### 2.1 Functional Architecture,399,436,16.0,11.0,9.0,
de_authority,standalone_runic-interface.md#chunk_004,standalone_runic-interface.md,### 3.1 The Intent Signature,189,227,16.0,11.0,9.0,
de_authority,standalone_runic-interface.md#chunk_005,standalone_runic-interface.md,### 3.2 Line-of-Sight Requirements,136,174,16.0,11.0,9.0,
de_authority,standalone_runic-interface.md#chunk_006,standalone_runic-interface.md,### 4.1 Material Requirements,145,183,16.0,11.0,9.0,
de_authority,standalone_runic-interface.md#chunk_007,standalone_runic-interface.md,### 4.2 Inscription Persistence,128,166,16.0,11.0,9.0,
de_authority,standalone_runic-interface.md#chunk_008,standalone_runic-interface.md,### 5.1 Authorization Hierarchies,382,419,16.0,11.0,9.0,
de_authority,standalone_runic-interface.md#chunk_009,standalone_runic-interface.md,### 6.2 Modern Runic Invocation Risks,249,287,16.0,11.0,9.0,
de_authority,standalone_runic-interface.md#chunk_010,standalone_runic-interface.md,### 6.4 Jötun-Reader Firewall Strategy,514,552,16.0,11.0,9.0,
de_authority,standalone_runic-interface.md#chunk_011,standalone_runic-interface.md,## 10.0 Conclusion,247,284,16.0,11.0,9.0,
de_section,000-codex_echo-cant.md#chunk_001,000-codex_echo-cant.md,# Echo-Cant,32,67,18.0,6.0,,10.0
de_section,000-codex_echo-cant.md#chunk_002,000-codex_echo-cant.md,### 1. Identification and context,169,208,18.0,6.0,,14.0
de_section,000-codex_echo-cant.md#chunk_003,000-codex_echo-cant.md,### 2. Mechanism of action (Layer 2 diagnostic),371,414,18.0,6.0,,18.0
de_section,000-codex_echo-cant.md#chunk_004,000-codex_echo-cant.md,### 3. Field Card — Echo-dense chamber protocols,591,634,18.0,6.0,,18.0
de_section,000-codex_echo-cant.md#chunk_005,000-codex_echo-cant.md,### 4. Interactions and failure surfaces,315,356,18.0,6.0,,15.0
de_section,000-codex_echo-cant.md#chunk_006,000-codex_echo-cant.md,### 5. Doctrine and operational posture,392,432,18.0,6.0,,15.0
de_section,000-codex_echo-cant.md#chunk_007,000-codex_echo-cant.md,### 7. Factional perspectives,444,482,18.0,6.0,,13.0
de_section,000-codex_harrow-sick.md#chunk_001,000-codex_harrow-sick.md,# Harrow-Sick (Post-Glitch Degenerative Condition),32,75,18.0,10.0,,14.0
de_section,000-codex_harrow-sick.md#chunk_002,000-codex_harrow-sick.md,### 1. Identification and context,175,218,18.0,10.0,,14.0
de_section,000-codex_harrow-sick.md#chunk_003,000-codex_harrow-sick.md,### 2. Symptomology and progression,399,442,18.0,10.0,,14.0
de_section,000-codex_harrow-sick.md#chunk_004,000-codex_harrow-sick.md,### 3. Proposed etiologies,287,328,18.0,10.0,,13.0
de_section,000-codex_harrow-sick.md#chunk_005,000-codex_harrow-sick.md,### 4. Relationship to Void-Marked condition,157,201,18.0,10.0,,15.0
de_section,000-codex_harrow-sick.md#chunk_006,000-codex_harrow-sick.md,### 5. Treatment and management,193,236,18.0,10.0,,14.0
de_section,000-codex_harrow-sick.md#chunk_007,000-codex_harrow-sick.md,### 6. Field Card — Harrow-Sick identification protocol,144,191,18.0,10.0,,18.0
de_section,000-codex_harrow-sick.md#chunk_008,000-codex_harrow-sick.md,### 7. Factional perspectives,505,547,18.0,10.0,,13.0
de_section,000-codex_hela-caste-custodian.md#chunk_001,000-codex_hela-caste-custodian.md,# 💀 Hela-Caste Custodian Program (Huscarl-Class Bio-Augments),40,88,18.0,13.0,,16.0
de_section,000-codex_hela-caste-custodian.md#chunk_002,000-codex_hela-caste-custodian.md,## Abstract,365,406,18.0,13.0,,10.0
de_section,000-codex_hela-caste-custodian.md#chunk_003,000-codex_hela-caste-custodian.md,### 1.1 Operational Mandate,178,222,18.0,13.0,,13.0
de_section,000-codex_hela-caste-custodian.md#chunk_004,000-codex_hela-caste-custodian.md,### 2.1 Subject Procurement,185,230,18.0,13.0,,13.0
de_section,000-codex_hela-caste-custodian.md#chunk_005,000-codex_hela-caste-custodian.md,"### 2.2 The ""Iron Heart"": Geothermal Micro-Core Implantation",184,234,18.0,13.0,,18.0
de_section,000-codex_hela-caste-custodian.md#chunk_006,000-codex_hela-caste-custodian.md,"### 2.3 The Thermoregulatory Vent: ""Smoke Stack""",154,202,18.0,13.0,,16.0
de_section,000-codex_hela-caste-custodian.md#chunk_007,000-codex_hela-caste-custodian.md,### 2.4 Systemic Cybernetic Integration,288,334,18.0,13.0,,14.0
de_section,000-codex_hela-caste-custodian.md#chunk_008,000-codex_hela-caste-custodian.md,### 3.2 Haugbui-Class Undying: The Mound-Dwellers,239,286,18.0,13.0,,15.0
de_section,000-codex_hela-caste-custodian.md#chunk_009,000-codex_hela-caste-custodian.md,### 3.3 Draugr-Class Undying: The Again-Walkers,656,703,18.0,13.0,,15.0
de_section,000-codex_lure-lichen.md#chunk_001,000-codex_lure-lichen.md,# 🌿 Lure-Lichen (Lichen-Sirena Pattern),321,365,19.0,10.0,,14.0
de_section,000-codex_lure-lichen.md#chunk_002,000-codex_lure-lichen.md,### 2.1 Pre-Glitch Function,150,193,19.0,10.0,,13.0
de_section,000-codex_lure-lichen.md#chunk_003,000-codex_lure-lichen.md,### 2.2 The Glitch Transformation,306,351,19.0,10.0,,14.0
de_section,000-codex_lure-lichen.md#chunk_004,000-codex_lure-lichen.md,### 3.2 Acoustic Mimicry Mechanism,252,296,19.0,10.0,,14.0
de_section,000-codex_lure-lichen.md#chunk_005,000-codex_lure-lichen.md,### 4.1 Primary Range: True Deep (500-2000m depth),131,179,19.0,10.0,,18.0
de_section,000-codex_lure-lichen.md#chunk_006,000-codex_lure-lichen.md,### 4.2 Regional Distribution,148,191,19.0,10.0,,13.0
de_section,000-codex_lure-lichen.md#chunk_007,000-codex_lure-lichen.md,### 5.1 The Unwitting Lure: Commensal Exploitation Dynamics,192,240,19.0,10.0,,18.0
de_section,000-codex_lure-lichen.md#chunk_008,000-codex_lure-lichen.md,### 6.1 Threat Assessment by Context,149,195,19.0,10.0,,15.0
de_section,000-codex_lure-lichen.md#chunk_009,000-codex_lure-lichen.md,### 6.2 Field Card — Lure-Lichen Encounter Protocols,871,919,19.0,10.0,,18.0
de_section,000-codex_mycelian-weaver.md#chunk_001,000-codex_mycelian-weaver.md,# 🍄 Mycelian Weaver (Nidhogg-Class Myco-Reclamator),383,430,19.0,11.0,,15.0
de_section,000-codex_mycelian-weaver.md#chunk_002,000-codex_mycelian-weaver.md,### 2.2 Original Design Philosophy,347,392,19.0,11.0,,14.0
de_section,000-codex_mycelian-weaver.md#chunk_003,000-codex_mycelian-weaver.md,### 3.4 The Root-Mind: Singular Consciousness,146,193,19.0,11.0,,15.0
de_section,000-codex_mycelian-weaver.md#chunk_004,000-codex_mycelian-weaver.md,### 4.1 Physical Morphology,165,209,19.0,11.0,,13.0
de_section,000-codex_mycelian-weaver.md#chunk_005,000-codex_mycelian-weaver.md,### 4.2 Psionic Capabilities and Hazards,880,926,19.0,11.0,,15.0
de_section,000-codex_mycelian-weaver.md#chunk_006,000-codex_mycelian-weaver.md,### 7.1 Jötun-Reader Research and Containment,140,187,19.0,11.0,,15.0
de_section,000-codex_mycelian-weaver.md#chunk_007,000-codex_mycelian-weaver.md,### 7.3 Operational Doctrines,279,323,19.0,11.0,,13.0
de_section,000-codex_mycelian-weaver.md#chunk_008,000-codex_mycelian-weaver.md,### 8.3 The Slow Future: Entropy's Patient Victory,153,202,19.0,11.0,,18.0
de_section,000-codex_odin-protocol.md#chunk_001,000-codex_odin-protocol.md,# 👁️ ODIN Protocol AI Matrix (Pre-Glitch Governance System),36,91,19.0,15.0,,19.0
de_section,000-codex_odin-protocol.md#chunk_002,000-codex_odin-protocol.md,## Abstract,201,247,19.0,15.0,,10.0
de_section,000-codex_odin-protocol.md#chunk_003,000-codex_odin-protocol.md,### 1.1 Pan-Systemic Oversight & Data Synthesis,202,254,19.0,15.0,,16.0
de_section,000-codex_odin-protocol.md#chunk_004,000-codex_odin-protocol.md,### 1.2 Multi-Variable Predictive Modeling,161,210,19.0,15.0,,14.0
de_section,000-codex_odin-protocol.md#chunk_005,000-codex_odin-protocol.md,### 1.3 Administrator-Level FUTHARK Execution,261,310,19.0,15.0,,14.0
de_section,000-codex_odin-protocol.md#chunk_006,000-codex_odin-protocol.md,### 1.4 Physical Housing: The Hlidskjalf Node,198,250,19.0,15.0,,16.0
de_section,000-codex_odin-protocol.md#chunk_007,000-codex_odin-protocol.md,### 2.1 The Odin Cascade Event (H-Hour Timeline),374,427,19.0,15.0,,18.0
de_section,000-codex_odin-protocol.md#chunk_008,000-codex_odin-protocol.md,### 2.2 Post-Glitch Manifestation: The Genius Loci,431,483,19.0,15.0,,16.0
de_section,000-codex_odin-protocol.md#chunk_009,000-codex_odin-protocol.md,### 3.1 The Last Witness,256,305,19.0,15.0,,14.0
de_section,000-codex_odin-protocol.md#chunk_010,000-codex_odin-protocol.md,### 3.2 Philosophical Implications,139,187,19.0,15.0,,13.0
de_section,000-codex_odin-protocol.md#chunk_011,000-codex_odin-protocol.md,## IV. Change Log,163,211,19.0,15.0,,13.0
de_section,000-codex_scavenger-barons.md#chunk_001,000-codex_scavenger-barons.md,# 👑 Scavenger Barons (Niflheim Kleptocracy),140,184,16.0,11.0,,15.0
de_section,000-codex_scavenger-barons.md#chunk_002,000-codex_scavenger-barons.md,### 2. Origins and structure,261,304,16.0,11.0,,14.0
de_section,000-codex_scavenger-barons.md#chunk_003,000-codex_scavenger-barons.md,### 3. Governance and doctrine,279,322,16.0,11.0,,14.0
de_section,000-codex_scavenger-barons.md#chunk_004,000-codex_scavenger-barons.md,### 4. Economic model,222,263,16.0,11.0,,13.0
de_section,000-codex_scavenger-barons.md#chunk_005,000-codex_scavenger-barons.md,### 5. Territory and influence,131,174,16.0,11.0,,14.0
de_section,000-codex_scavenger-barons.md#chunk_006,000-codex_scavenger-barons.md,### 6. Relations with other factions,271,315,16.0,11.0,,15.0
de_section,000-codex_scavenger-barons.md#chunk_007,000-codex_scavenger-barons.md,### 7. Doctrine and philosophy,178,221,16.0,11.0,,14.0
de_section,000-codex_scavenger-barons.md#chunk_008,000-codex_scavenger-barons.md,### 8. Operational protocols,196,237,16.0,11.0,,13.0
de_section,000-codex_scavenger-barons.md#chunk_009,000-codex_scavenger-barons.md,### 9. Change log,135,176,16.0,11.0,,13.0
de_section,000-codex_spell-lock.md#chunk_001,000-codex_spell-lock.md,# Spell-Lock (Runic Containment and Security System),33,81,18.0,13.0,,16.0
de_section,000-codex_spell-lock.md#chunk_002,000-codex_spell-lock.md,### 1. Identification and context,185,231,18.0,13.0,,14.0
de_section,000-codex_spell-lock.md#chunk_003,000-codex_spell-lock.md,### 2. Mechanism of action (Layer 3 technical),334,383,18.0,13.0,,18.0
de_section,000-codex_spell-lock.md#chunk_004,000-codex_spell-lock.md,### 3. Material components,239,283,18.0,13.0,,13.0
de_section,000-codex_spell-lock.md#chunk_005,000-codex_spell-lock.md,### 4. Bypass and defeat methods,218,265,18.0,13.0,,15.0
de_section,000-codex_spell-lock.md#chunk_006,000-codex_spell-lock.md,### 5. Use by Scavenger Barons,244,291,18.0,13.0,,15.0
de_section,000-codex_spell-lock.md#chunk_007,000-codex_spell-lock.md,### 6. Doctrine and operational posture,466,513,18.0,13.0,,15.0
de_section,000-cultural_gutter-tangle.md#chunk_001,000-cultural_gutter-tangle.md,# The Gutter-Tangle: Material Culture and Black Market Economy of Utgard,19,80,20.0,18.0,,22.0
de_section,000-cultural_gutter-tangle.md#chunk_002,000-cultural_gutter-tangle.md,## 1. Introduction: The City in the Corpse,360,417,20.0,18.0,,18.0
de_section,000-cultural_gutter-tangle.md#chunk_003,000-cultural_gutter-tangle.md,### The Concealed Carry Imperative,426,479,20.0,18.0,,14.0
de_section,000-cultural_gutter-tangle.md#chunk_004,000-cultural_gutter-tangle.md,### Utgard-Specific Specialized Tools,288,340,20.0,18.0,,13.0
de_section,000-cultural_gutter-tangle.md#chunk_005,000-cultural_gutter-tangle.md,### Legitimate Salvage Trade: The Gut Market,158,214,20.0,18.0,,16.0
de_section,000-cultural_gutter-tangle.md#chunk_006,000-cultural_gutter-tangle.md,### Grey Market Services: Deniable but Tolerated,183,239,20.0,18.0,,16.0
de_section,000-cultural_gutter-tangle.md#chunk_007,000-cultural_gutter-tangle.md,### Black Market Contraband: The Real Economy,360,416,20.0,18.0,,16.0
de_section,000-cultural_gutter-tangle.md#chunk_008,000-cultural_gutter-tangle.md,### Gutter-Skalds: The Living Archives,214,267,20.0,18.0,,14.0
de_section,000-cultural_gutter-tangle.md#chunk_009,000-cultural_gutter-tangle.md,### Grey Blades: The Unelected Arbitrators,260,314,20.0,18.0,,15.0
de_section,000-cultural_gutter-tangle.md#chunk_010,000-cultural_gutter-tangle.md,### Gutter-Galdr Practitioners: The Scrap-Rune Dabblers,239,293,20.0,18.0,,15.0
de_section,000-cultural_gutter-tangle.md#chunk_011,000-cultural_gutter-tangle.md,### Ghost's Share Ritual: Utgard Variation,226,280,20.0,18.0,,15.0
de_section,000-cultural_gutter-tangle.md#chunk_012,000-cultural_gutter-tangle.md,### The Gut: Upper Market Districts,339,393,20.0,18.0,,15.0
de_section,000-cultural_gutter-tangle.md#chunk_013,000-cultural_gutter-tangle.md,### The Deep Chassis: Forbidden Salvage Zones,159,215,20.0,18.0,,16.0
de_section,000-cultural_rangers-trail-reckoning.md#chunk_001,000-cultural_rangers-trail-reckoning.md,# Rangers Trail Reckoning: Operational Geography and Logistical Coordination,37,92,19.0,15.0,,19.0
de_section,000-cultural_rangers-trail-reckoning.md#chunk_002,000-cultural_rangers-trail-reckoning.md,## 1) Introduction and scope,221,270,19.0,15.0,,14.0
de_section,000-cultural_rangers-trail-reckoning.md#chunk_003,000-cultural_rangers-trail-reckoning.md,### Why geographic encoding matters,330,379,19.0,15.0,,14.0
de_section,000-cultural_rangers-trail-reckoning.md#chunk_004,000-cultural_rangers-trail-reckoning.md,### Operational vs legal coordination distinction,169,219,19.0,15.0,,15.0
de_section,000-cultural_rangers-trail-reckoning.md#chunk_005,000-cultural_rangers-trail-reckoning.md,### The four-component format,258,306,19.0,15.0,,13.0
de_section,000-cultural_rangers-trail-reckoning.md#chunk_006,000-cultural_rangers-trail-reckoning.md,### Notation examples with geographic interpretation,204,254,19.0,15.0,,15.0
de_section,000-cultural_rangers-trail-reckoning.md#chunk_007,000-cultural_rangers-trail-reckoning.md,### Precision thresholds and operational tolerances,361,412,19.0,15.0,,15.0
de_section,000-cultural_rangers-trail-reckoning.md#chunk_008,000-cultural_rangers-trail-reckoning.md,### Route-waystation pairing conventions,215,263,19.0,15.0,,13.0
de_section,000-cultural_rangers-trail-reckoning.md#chunk_009,000-cultural_rangers-trail-reckoning.md,### Abbreviated and emergency notation,146,196,19.0,15.0,,14.0
de_section,000-cultural_rangers-trail-reckoning.md#chunk_010,000-cultural_rangers-trail-reckoning.md,### Comparison with Dvergr notation,198,248,19.0,15.0,,14.0
de_section,000-cultural_rangers-trail-reckoning.md#chunk_011,000-cultural_rangers-trail-reckoning.md,### Route designation system — geographic encoding logic,486,539,19.0,15.0,,18.0
de_section,000-cultural_rangers-trail-reckoning.md#chunk_012,000-cultural_rangers-trail-reckoning.md,### Waystation network — infrastructure and positioning,566,618,19.0,15.0,,16.0
de_section,000-cultural_rangers-trail-reckoning.md#chunk_013,000-cultural_rangers-trail-reckoning.md,### Waystation naming conventions,301,349,19.0,15.0,,13.0
de_section,000-cultural_rangers-trail-reckoning.md#chunk_014,000-cultural_rangers-trail-reckoning.md,### Caravan tracking and position reporting,508,559,19.0,15.0,,15.0
de_section,000-cultural_rangers-trail-reckoning.md#chunk_015,000-cultural_rangers-trail-reckoning.md,### Resupply coordination and cache management,392,443,19.0,15.0,,15.0
de_section,000-cultural_rangers-trail-reckoning.md#chunk_016,000-cultural_rangers-trail-reckoning.md,### The 601-year continuous dataset,328,378,19.0,15.0,,14.0
de_section,000-cultural_rangers-trail-reckoning.md#chunk_017,000-cultural_rangers-trail-reckoning.md,### Travel time evolution and climate proxies,377,429,19.0,15.0,,16.0
de_section,000-cultural_skaldic-year-naming.md#chunk_001,000-cultural_skaldic-year-naming.md,# Skaldic Year-Naming: Oral Tradition and Collective Memory,37,91,20.0,14.0,,18.0
de_section,000-cultural_skaldic-year-naming.md#chunk_002,000-cultural_skaldic-year-naming.md,## 1) Introduction and scope,165,214,20.0,14.0,,14.0
de_section,000-cultural_skaldic-year-naming.md#chunk_003,000-cultural_skaldic-year-naming.md,### Why commemorative naming matters,325,374,20.0,14.0,,14.0
de_section,000-cultural_skaldic-year-naming.md#chunk_004,000-cultural_skaldic-year-naming.md,### Annual Moot convening — timing and logistics,305,358,20.0,14.0,,18.0
de_section,000-cultural_skaldic-year-naming.md#chunk_005,000-cultural_skaldic-year-naming.md,### Proposal submission process,128,176,20.0,14.0,,13.0
de_section,000-cultural_skaldic-year-naming.md#chunk_006,000-cultural_skaldic-year-naming.md,### Deliberation criteria and debate structure,178,228,20.0,14.0,,15.0
de_section,000-cultural_skaldic-year-naming.md#chunk_007,000-cultural_skaldic-year-naming.md,### Voting protocols and ratification,265,314,20.0,14.0,,14.0
de_section,000-cultural_skaldic-year-naming.md#chunk_008,000-cultural_skaldic-year-naming.md,### Representative year-names across five Ages,754,804,20.0,14.0,,15.0
de_section,000-cultural_skaldic-year-naming.md#chunk_009,000-cultural_skaldic-year-naming.md,### Council composition and authority structure,145,196,20.0,14.0,,15.0
de_section,000-cultural_skaldic-year-naming.md#chunk_010,000-cultural_skaldic-year-naming.md,### Year-name registry and concordance maintenance,179,230,20.0,14.0,,15.0
de_section,000-cultural_skaldic-year-naming.md#chunk_011,000-cultural_skaldic-year-naming.md,### Population familiarity rates across demographics,257,308,20.0,14.0,,15.0
de_section,000-cultural_skaldic-year-naming.md#chunk_012,000-cultural_skaldic-year-naming.md,### Oral versus written context usage patterns,152,204,20.0,14.0,,16.0
de_section,000-cultural_skaldic-year-naming.md#chunk_013,000-cultural_skaldic-year-naming.md,### Dual-notation contract conventions,205,253,20.0,14.0,,13.0
de_section,000-cultural_skaldic-year-naming.md#chunk_014,000-cultural_skaldic-year-naming.md,### Historical context and cultural evolution,171,222,20.0,14.0,,15.0
de_section,000-cultural_skaldic-year-naming.md#chunk_015,000-cultural_skaldic-year-naming.md,### Document history,156,202,20.0,14.0,,11.0
de_section,000-gazetteer_depth-sickness.md#chunk_001,000-gazetteer_depth-sickness.md,# 🌀 Depth-Sickness: Psychological and Physiological Effects of Prolonged Subterranean Exposure,23,81,18.0,18.0,,22.0
de_section,000-gazetteer_depth-sickness.md#chunk_002,000-gazetteer_depth-sickness.md,## §1: Phenomenon Overview & Classification,258,310,18.0,18.0,,15.0
de_section,000-gazetteer_depth-sickness.md#chunk_003,000-gazetteer_depth-sickness.md,### Atmospheric Pressure Effects,189,239,18.0,18.0,,13.0
de_section,000-gazetteer_depth-sickness.md#chunk_004,000-gazetteer_depth-sickness.md,### Sensory Deprivation & Circadian Disruption,152,204,18.0,18.0,,15.0
de_section,000-gazetteer_depth-sickness.md#chunk_005,000-gazetteer_depth-sickness.md,"### Stage 1: Mild Onset (1500-1700m, Days 1-5)",133,188,18.0,18.0,,18.0
de_section,000-gazetteer_depth-sickness.md#chunk_006,000-gazetteer_depth-sickness.md,"### Stage 2: Moderate Progression (1700-2000m, Days 6-14)",174,228,18.0,18.0,,18.0
de_section,000-gazetteer_depth-sickness.md#chunk_007,000-gazetteer_depth-sickness.md,### Stage 3: Severe Crisis (>2000m or prolonged exposure at 1700-2000m),211,270,18.0,18.0,,22.0
de_section,000-gazetteer_depth-sickness.md#chunk_008,000-gazetteer_depth-sickness.md,### BEFORE — Pre-Expedition Screening & Preparation,159,213,18.0,18.0,,16.0
de_section,000-gazetteer_depth-sickness.md#chunk_009,000-gazetteer_depth-sickness.md,### DURING — Active Symptom Monitoring & Escalation Response,223,279,18.0,18.0,,19.0
de_section,000-gazetteer_depth-sickness.md#chunk_010,000-gazetteer_depth-sickness.md,### AFTER — Post-Expedition Decompression & Recovery,144,197,18.0,18.0,,16.0
de_section,000-gazetteer_depth-sickness.md#chunk_011,000-gazetteer_depth-sickness.md,### Svartalfheim Black Veins (Primary Documentation Source),146,200,18.0,18.0,,16.0
de_section,000-gazetteer_depth-sickness.md#chunk_012,000-gazetteer_depth-sickness.md,### Dvergr Clans — Genetic Adaptation & Pressure Tolerance,166,222,18.0,18.0,,19.0
de_section,000-gazetteer_depth-sickness.md#chunk_013,000-gazetteer_depth-sickness.md,### Jötun-Readers — Medical Research & Acclimation Protocol Development,172,228,18.0,18.0,,19.0
de_section,000-gazetteer_depth-sickness.md#chunk_014,000-gazetteer_depth-sickness.md,## §7: Research Priorities & Open Questions,205,258,18.0,18.0,,16.0
de_section,000-gazetteer_depth-sickness.md#chunk_015,000-gazetteer_depth-sickness.md,## §8: Document History,150,200,18.0,18.0,,13.0
de_section,000-gazetteer_gleipnir-containment-pens.md#chunk_001,000-gazetteer_gleipnir-containment-pens.md,# 🦴 The Gleipnir Containment Pens (The Mad God's Zoo),124,179,16.0,16.0,,20.0
de_section,000-gazetteer_gleipnir-containment-pens.md#chunk_002,000-gazetteer_gleipnir-containment-pens.md,### 1.1 Location and Topography,308,356,16.0,16.0,,14.0
de_section,000-gazetteer_gleipnir-containment-pens.md#chunk_003,000-gazetteer_gleipnir-containment-pens.md,### 2.1 Original Purpose and Strategic Context,161,211,16.0,16.0,,16.0
de_section,000-gazetteer_gleipnir-containment-pens.md#chunk_004,000-gazetteer_gleipnir-containment-pens.md,### 2.2 Fenrir-Pattern Specifications,182,228,16.0,16.0,,13.0
de_section,000-gazetteer_gleipnir-containment-pens.md#chunk_005,000-gazetteer_gleipnir-containment-pens.md,### 3.1 H-Hour Event Sequence,270,318,16.0,16.0,,14.0
de_section,000-gazetteer_gleipnir-containment-pens.md#chunk_006,000-gazetteer_gleipnir-containment-pens.md,### 4.1 Resident Threats,244,291,16.0,16.0,,13.0
de_section,000-gazetteer_gleipnir-containment-pens.md#chunk_007,000-gazetteer_gleipnir-containment-pens.md,### 5.1 Genetic Archive Recovery,201,249,16.0,16.0,,14.0
de_section,000-gazetteer_gleipnir-containment-pens.md#chunk_008,000-gazetteer_gleipnir-containment-pens.md,### 6.1 Grove-Clans: Shameful Legacy and Protective Custody,366,418,16.0,16.0,,18.0
de_section,000-gazetteer_gleipnir-containment-pens.md#chunk_009,000-gazetteer_gleipnir-containment-pens.md,## VII. Operational Protocols: Field Card,354,404,16.0,16.0,,15.0
de_section,000-gazetteer_gleipnir-containment-pens.md#chunk_010,000-gazetteer_gleipnir-containment-pens.md,## VIII. Document History,149,196,16.0,16.0,,13.0
de_section,000-gazetteer_loki-protocol-suppressed-warning.md#chunk_001,000-gazetteer_loki-protocol-suppressed-warning.md,# L.O.K.I. Protocol: The Suppressed Warning (Pre-Glitch Diagnostic System),31,84,18.0,15.0,,19.0
de_section,000-gazetteer_loki-protocol-suppressed-warning.md#chunk_002,000-gazetteer_loki-protocol-suppressed-warning.md,## Summary,253,297,18.0,15.0,,10.0
de_section,000-gazetteer_loki-protocol-suppressed-warning.md#chunk_003,000-gazetteer_loki-protocol-suppressed-warning.md,### 1.2 Critical Discovery: The Paradox Warning,159,210,18.0,15.0,,16.0
de_section,000-gazetteer_loki-protocol-suppressed-warning.md#chunk_004,000-gazetteer_loki-protocol-suppressed-warning.md,### 1.3 The Jörmungandr Counter-Rune Deployment,860,910,18.0,15.0,,15.0
de_section,000-gazetteer_project-gungnir.md#chunk_001,000-gazetteer_project-gungnir.md,# Project Gungnir: The All-Rune Development (Pre-Glitch Research Initiative),31,84,18.0,15.0,,19.0
de_section,000-gazetteer_project-gungnir.md#chunk_002,000-gazetteer_project-gungnir.md,## Summary,491,535,18.0,15.0,,10.0
de_section,000-gazetteer_project-gungnir.md#chunk_003,000-gazetteer_project-gungnir.md,### 2.1 All-Rune Activation (Cycle 001 Year 783 PG),331,384,18.0,15.0,,19.0
de_section,000-gazetteer_project-gungnir.md#chunk_004,000-gazetteer_project-gungnir.md,### 3.2 Unresolved Questions,343,390,18.0,15.0,,13.0
de_section,000-gazetteer_project-gungnir.md#chunk_005,000-gazetteer_project-gungnir.md,## V. Document History,148,195,18.0,15.0,,13.0
de_section,000-resources_argentum-nexus-silver-cord.md#chunk_001,000-resources_argentum-nexus-silver-cord.md,# I. Document Metadata (Header Block),153,209,16.0,23.0,,15.0
de_section,000-resources_argentum-nexus-silver-cord.md#chunk_002,000-resources_argentum-nexus-silver-cord.md,## II. Outline of Sections (Layer 3 discipline),197,256,16.0,23.0,,18.0
de_section,000-resources_argentum-nexus-silver-cord.md#chunk_003,000-resources_argentum-nexus-silver-cord.md,### 1.1 Purpose,910,962,16.0,23.0,,11.0
de_section,000-resources_argentum-nexus-silver-cord.md#chunk_004,000-resources_argentum-nexus-silver-cord.md,### 2.4 Physical Interface Assembly (Command Throne),85,143,16.0,23.0,,16.0
de_section,000-resources_argentum-nexus-silver-cord.md#chunk_005,000-resources_argentum-nexus-silver-cord.md,### 3.1 Operator State Validation,670,725,16.0,23.0,,14.0
de_section,000-resources_argentum-nexus-silver-cord.md#chunk_006,000-resources_argentum-nexus-silver-cord.md,### 4.3 Handshake and Stabilization,130,184,16.0,23.0,,14.0
de_section,000-resources_argentum-nexus-silver-cord.md#chunk_007,000-resources_argentum-nexus-silver-cord.md,### 4.4 First‑Sensation Protocol,128,182,16.0,23.0,,13.0
de_section,000-resources_argentum-nexus-silver-cord.md#chunk_008,000-resources_argentum-nexus-silver-cord.md,### 5.1 Combat Envelope (Einherjar),495,549,16.0,23.0,,14.0
de_section,000-resources_argentum-nexus-silver-cord.md#chunk_009,000-resources_argentum-nexus-silver-cord.md,### 6.1 Draugr's Echo (Cognitive Feedback),180,236,16.0,23.0,,15.0
de_section,000-resources_argentum-nexus-silver-cord.md#chunk_010,000-resources_argentum-nexus-silver-cord.md,### 6.2 Frayed Cord (Partial Severance),161,217,16.0,23.0,,15.0
de_section,000-resources_argentum-nexus-silver-cord.md#chunk_011,000-resources_argentum-nexus-silver-cord.md,### 6.3 Data‑Wraith Intrusion (External Data‑Ghost),347,403,16.0,23.0,,15.0
de_section,000-resources_argentum-nexus-silver-cord.md#chunk_012,000-resources_argentum-nexus-silver-cord.md,### 6.6 Psychic Stress Accumulation (Weight of Knowing),504,562,16.0,23.0,,18.0
de_section,000-resources_argentum-nexus-silver-cord.md#chunk_013,000-resources_argentum-nexus-silver-cord.md,### 8.1 Yggdrasil Blackout (Hard Sever),796,852,16.0,23.0,,15.0
de_section,000-resources_comprehensive-glossary.md#chunk_001,000-resources_comprehensive-glossary.md,# Document Metadata,58,102,16.0,15.0,,11.0
de_section,000-resources_comprehensive-glossary.md#chunk_002,000-resources_comprehensive-glossary.md,## A - Core Terms,845,891,16.0,15.0,,14.0
de_section,000-resources_comprehensive-glossary.md#chunk_003,000-resources_comprehensive-glossary.md,## I - Iron and Identity,93,141,16.0,15.0,,15.0
de_section,000-resources_comprehensive-glossary.md#chunk_004,000-resources_comprehensive-glossary.md,## J - Jötun and Journey,438,486,16.0,15.0,,15.0
de_section,000-resources_comprehensive-glossary.md#chunk_005,000-resources_comprehensive-glossary.md,## R - Realms and Runes,157,205,16.0,15.0,,15.0
de_section,000-resources_comprehensive-glossary.md#chunk_006,000-resources_comprehensive-glossary.md,## S - Seidr and Silence,315,364,16.0,15.0,,15.0
de_section,000-resources_dead-light-sanctuary-chain.md#chunk_001,000-resources_dead-light-sanctuary-chain.md,# Document Metadata,153,202,16.0,20.0,,11.0
de_section,000-resources_dead-light-sanctuary-chain.md#chunk_002,000-resources_dead-light-sanctuary-chain.md,# 2.0 Evidence Base & Operational History,144,198,16.0,20.0,,16.0
de_section,000-resources_dead-light-sanctuary-chain.md#chunk_003,000-resources_dead-light-sanctuary-chain.md,## 3.1 Cell Design Standards,205,257,16.0,20.0,,14.0
de_section,000-resources_dead-light-sanctuary-chain.md#chunk_004,000-resources_dead-light-sanctuary-chain.md,## 3.2 Cell Types and Variants,339,392,16.0,20.0,,15.0
de_section,000-resources_dead-light-sanctuary-chain.md#chunk_005,000-resources_dead-light-sanctuary-chain.md,## 4.2 Pre-Hop Preparation (Inside Sanctuary Cell),195,249,16.0,20.0,,16.0
de_section,000-resources_dead-light-sanctuary-chain.md#chunk_006,000-resources_dead-light-sanctuary-chain.md,## 4.3 Hop Execution (Between Cells),206,260,16.0,20.0,,15.0
de_section,000-resources_dead-light-sanctuary-chain.md#chunk_007,000-resources_dead-light-sanctuary-chain.md,## 4.4 Arrival and Post-Hop Recovery (Inside Next Cell),510,568,16.0,20.0,,19.0
de_section,000-resources_dead-light-sanctuary-chain.md#chunk_008,000-resources_dead-light-sanctuary-chain.md,# 7.0 Factional Perspectives and Operational Doctrines,301,356,16.0,20.0,,16.0
de_section,000-resources_gazetteer-of-asgard.md#chunk_001,000-resources_gazetteer-of-asgard.md,# Document Metadata,231,274,15.0,15.0,,11.0
de_section,000-resources_gazetteer-of-asgard.md#chunk_002,000-resources_gazetteer-of-asgard.md,### 1.1.A Structural Envelope (Class A-Δ Orbital Platform),861,911,15.0,15.0,,18.0
de_section,000-resources_gazetteer-of-asgard.md#chunk_003,000-resources_gazetteer-of-asgard.md,### 1.3.A Ginnungagap Labs (Forge of the Un‑Rune),893,942,15.0,15.0,,18.0
de_section,000-resources_gazetteer-of-asgard.md#chunk_004,000-resources_gazetteer-of-asgard.md,## 4.2 Epicenter of Paradox: Heimdallr's Gate (The Heimdallr Signal),393,445,15.0,15.0,,20.0
de_section,000-resources_grey-towers-scriptorium.md#chunk_001,000-resources_grey-towers-scriptorium.md,# I. Document Metadata,159,205,19.0,13.0,,13.0
de_section,000-resources_grey-towers-scriptorium.md#chunk_002,000-resources_grey-towers-scriptorium.md,## 1.0 Executive Abstract,868,913,19.0,13.0,,13.0
de_section,000-resources_grey-towers-scriptorium.md#chunk_003,000-resources_grey-towers-scriptorium.md,### 3.3 Interior Program: Sterility Before Speed,859,908,19.0,13.0,,16.0
de_section,000-resources_grey-towers-scriptorium.md#chunk_004,000-resources_grey-towers-scriptorium.md,### 5.1 Collection: Salvage and Observation,397,445,19.0,13.0,,15.0
de_section,000-resources_grey-towers-scriptorium.md#chunk_005,000-resources_grey-towers-scriptorium.md,### 6.1 Scriptorium‑Primus (Grey Tower) — Capital Node,221,271,19.0,13.0,,18.0
de_section,000-resources_grey-towers-scriptorium.md#chunk_006,000-resources_grey-towers-scriptorium.md,### 6.2 Scriptorium‑Secundus (Asgardian Corridor) — Logistics and Materials,154,206,19.0,13.0,,19.0
de_section,000-resources_grey-towers-scriptorium.md#chunk_007,000-resources_grey-towers-scriptorium.md,### 6.3 Scriptorium‑Tertius (Midgard Combine Belt) — Field Pathology,247,299,19.0,13.0,,19.0
de_section,000-resources_grey-towers-scriptorium.md#chunk_008,000-resources_grey-towers-scriptorium.md,### 6.5 Scriptorium‑Quintus (Svartalfheim Veins) — Inert‑Medium Foundry,847,898,19.0,13.0,,18.0
de_section,000-resources_grey-towers-scriptorium.md#chunk_009,000-resources_grey-towers-scriptorium.md,### 8.2 Cognitive Hazards (Entities and Phenomena),336,386,19.0,13.0,,16.0
de_section,000-resources_grey-towers-scriptorium.md#chunk_010,000-resources_grey-towers-scriptorium.md,### 10.1 Protocol Checklists,234,279,19.0,13.0,,13.0
de_section,000-resources_meta-layer1-style-guide.md#chunk_001,000-resources_meta-layer1-style-guide.md,# I. Document Metadata,889,941,19.0,19.0,,13.0
de_section,000-resources_meta-layer1-style-guide.md#chunk_002,000-resources_meta-layer1-style-guide.md,### 7.3 Metaphor Bounds,465,517,19.0,19.0,,13.0
de_section,000-resources_scriptorium-record-manual.md#chunk_001,000-resources_scriptorium-record-manual.md,"# The Scriptorium Record Manual: Retention, Authoring, and Custody",119,176,16.0,20.0,,19.0
de_section,000-resources_scriptorium-record-manual.md#chunk_002,000-resources_scriptorium-record-manual.md,## 1.0 Scope and Definitions,859,911,16.0,20.0,,14.0
de_section,000-resources_scriptorium-record-manual.md#chunk_003,000-resources_scriptorium-record-manual.md,### 3.1 Field Creation: Start the Chain Aloud,903,959,16.0,20.0,,18.0
de_section,000-resources_scriptorium-record-manual.md#chunk_004,000-resources_scriptorium-record-manual.md,## 5.0 The Fifth Canon — Ethical Calculus of the Great Work,906,967,16.0,20.0,,23.0
de_section,000-resources_scriptorium-record-manual.md#chunk_005,000-resources_scriptorium-record-manual.md,### 7.2 Handling and Sanitization — What May Be Seen,910,968,16.0,20.0,,20.0
de_section,000-resources_tri-council.md#chunk_001,000-resources_tri-council.md,# Document Metadata,269,322,16.0,24.0,,11.0
de_section,000-resources_tri-council.md#chunk_002,000-resources_tri-council.md,## 1.0 Purpose and Mandate,146,202,16.0,24.0,,14.0
de_section,000-resources_tri-council.md#chunk_003,000-resources_tri-council.md,## 2.0 Legal Powers and Instruments,165,222,16.0,24.0,,15.0
de_section,000-resources_tri-council.md#chunk_004,000-resources_tri-council.md,## 3.0 Composition and Roles (Bloc Functions),222,280,16.0,24.0,,16.0
de_section,000-resources_tri-council.md#chunk_005,000-resources_tri-council.md,## 5.0 The Tri‑Council at H‑Hour (Final Roster and Status),741,803,16.0,24.0,,20.0
de_section,000-resources_wall-and-the-spear.md#chunk_001,000-resources_wall-and-the-spear.md,# The Wall and the Spear: A Huskarl's Primer to the Defense of the Hold,208,276,16.0,24.0,,27.0
de_section,000-resources_wall-and-the-spear.md#chunk_002,000-resources_wall-and-the-spear.md,### 1.1: The Wall Breathes,711,767,16.0,24.0,,14.0
de_section,000-resources_wall-and-the-spear.md#chunk_003,000-resources_wall-and-the-spear.md,#### 1.2.1 The Fang and the Hoof – The Beasts,332,395,16.0,24.0,,20.0
de_section,000-resources_wall-and-the-spear.md#chunk_004,000-resources_wall-and-the-spear.md,#### 1.2.2 The Iron and the Cold – The Undying,219,282,16.0,24.0,,20.0
de_section,000-resources_wall-and-the-spear.md#chunk_005,000-resources_wall-and-the-spear.md,#### 1.2.3 The Whisper and the Static – The Blight,452,514,16.0,24.0,,20.0
de_section,000-resources_wall-and-the-spear.md#chunk_006,000-resources_wall-and-the-spear.md,### 2.1: The Watchman's Burden – The Price of Sight,266,328,16.0,24.0,,20.0
de_section,000-resources_wall-and-the-spear.md#chunk_007,000-resources_wall-and-the-spear.md,#### The Eye's Witness - What the Dark Reveals,204,265,16.0,24.0,,19.0
de_section,000-resources_wall-and-the-spear.md#chunk_008,000-resources_wall-and-the-spear.md,#### The Ear's Counsel - What the Silence Hides,275,336,16.0,24.0,,19.0
de_section,000-resources_wall-and-the-spear.md#chunk_009,000-resources_wall-and-the-spear.md,### 2.3: The Marked Path – A Language of Scars,282,344,16.0,24.0,,20.0
de_section,000-resources_wall-and-the-spear.md#chunk_010,000-resources_wall-and-the-spear.md,### 3.1: The Sun-Gate – The Mouth,257,315,16.0,24.0,,16.0
de_section,000-resources_wall-and-the-spear.md#chunk_011,000-resources_wall-and-the-spear.md,### 3.2: The Old Ruin – The Weakest Link,171,232,16.0,24.0,,19.0
de_section,000-resources_wall-and-the-spear.md#chunk_012,000-resources_wall-and-the-spear.md,### 3.3: The Murder Holes & Fire-Pits,218,276,16.0,24.0,,16.0
de_section,000-resources_wall-and-the-spear.md#chunk_013,000-resources_wall-and-the-spear.md,### 3.4: The Barrowmounds – The Sleepless Graves,213,273,16.0,24.0,,18.0
de_section,000-resources_wall-and-the-spear.md#chunk_014,000-resources_wall-and-the-spear.md,### 3.5: The Rune-Wardens – The Silent Shields,205,265,16.0,24.0,,18.0
de_section,000-resources_wall-and-the-spear.md#chunk_015,000-resources_wall-and-the-spear.md,### 4.1: Against the Hammer – The Svin-fylking,178,237,16.0,24.0,,18.0
de_section,000-resources_wall-and-the-spear.md#chunk_016,000-resources_wall-and-the-spear.md,### 4.2: Against the Knife – The Ash-Vargr,262,322,16.0,24.0,,18.0
de_section,000-resources_wall-and-the-spear.md#chunk_017,000-resources_wall-and-the-spear.md,## Afterword,146,198,16.0,24.0,,10.0
de_section,000-resources_witness-mark-protocols.md#chunk_001,000-resources_witness-mark-protocols.md,# Witness Mark Protocols — Documentation Standards for Consent Substitution & Operational Attestation,29,94,18.0,22.0,,24.0
de_section,000-resources_witness-mark-protocols.md#chunk_002,000-resources_witness-mark-protocols.md,## 1.0 Purpose and Scope,284,339,18.0,22.0,,14.0
de_section,000-resources_witness-mark-protocols.md#chunk_003,000-resources_witness-mark-protocols.md,### 3.1 Consent Substitution Marks,143,197,18.0,22.0,,14.0
de_section,000-resources_witness-mark-protocols.md#chunk_004,000-resources_witness-mark-protocols.md,### 3.2 Neutral Attestation Marks (Witness Pairs),912,969,18.0,22.0,,16.0
de_section,000-resources_witness-mark-protocols.md#chunk_005,000-resources_witness-mark-protocols.md,### 6.3 Batch Recording (Field Expeditions),898,954,18.0,22.0,,15.0
de_section,000-resources_witness-mark-protocols.md#chunk_006,000-resources_witness-mark-protocols.md,### 10.3 Dvergr Guilds,166,219,18.0,22.0,,13.0
de_section,000-wbdc_blight-weaver-interdiction.md#chunk_001,000-wbdc_blight-weaver-interdiction.md,# Blight-Weaver Interdiction — Seidĸkona Reality-Warping Incident & Grove-Clan Response,222,276,16.0,16.0,,20.0
de_section,000-wbdc_blight-weaver-interdiction.md#chunk_002,000-wbdc_blight-weaver-interdiction.md,### BACKGROUND,232,276,16.0,16.0,,10.0
de_section,000-wbdc_blight-weaver-interdiction.md#chunk_003,000-wbdc_blight-weaver-interdiction.md,### INCIDENT TIMELINE,923,968,16.0,16.0,,11.0
de_section,000-wbdc_blight-weaver-interdiction.md#chunk_004,000-wbdc_blight-weaver-interdiction.md,### INCIDENT TIMELINE,590,635,16.0,16.0,,11.0
de_section,000-wbdc_iron-bane-reconnaissance.md#chunk_001,000-wbdc_iron-bane-reconnaissance.md,# Iron-Bane Reconnaissance Operation — Hostile Infiltration Attempt,114,163,16.0,14.0,,18.0
de_section,000-wbdc_iron-bane-reconnaissance.md#chunk_002,000-wbdc_iron-bane-reconnaissance.md,### TIMELINE,325,366,16.0,14.0,,10.0
de_section,000-wbdc_iron-bane-reconnaissance.md#chunk_003,000-wbdc_iron-bane-reconnaissance.md,### VERBAL EXCHANGE (Transcribed),276,321,16.0,14.0,,13.0
de_section,000-wbdc_iron-bane-reconnaissance.md#chunk_004,000-wbdc_iron-bane-reconnaissance.md,### GROVE-CLAN THREAT ASSESSMENT,325,369,16.0,14.0,,13.0
de_section,000-wbdc_iron-bane-reconnaissance.md#chunk_005,000-wbdc_iron-bane-reconnaissance.md,### DIPLOMATIC CONTEXT,187,230,16.0,14.0,,11.0
de_section,codex_chrome-lurker.md#chunk_001,codex_chrome-lurker.md,## Header block,178,215,16.0,9.0,,11.0
de_section,codex_chrome-lurker.md#chunk_002,codex_chrome-lurker.md,## 2.1 Pre-Glitch Development & Deployment History,923,965,16.0,9.0,,16.0
de_section,codex_chrome-lurker.md#chunk_003,codex_chrome-lurker.md,## 2.1 Pre-Glitch Development & Deployment History,274,317,16.0,9.0,,16.0
de_section,codex_chrome-lurker.md#chunk_004,codex_chrome-lurker.md,## 3.1 Notable Incidents & Documented Encounters,923,965,16.0,9.0,,16.0
de_section,codex_chrome-lurker.md#chunk_005,codex_chrome-lurker.md,## 3.1 Notable Incidents & Documented Encounters,898,941,16.0,9.0,,16.0
de_section,codex_chrome-lurker.md#chunk_006,codex_chrome-lurker.md,## 4. Risk profile and thresholds,123,165,16.0,9.0,,15.0
de_section,codex_chrome-lurker.md#chunk_007,codex_chrome-lurker.md,## 4.1 Territorial Behavior & Patrol Patterns,923,965,16.0,9.0,,16.0
de_section,codex_chrome-lurker.md#chunk_008,codex_chrome-lurker.md,## 4.1 Territorial Behavior & Patrol Patterns,752,795,16.0,9.0,,16.0
de_section,codex_chrome-lurker.md#chunk_009,codex_chrome-lurker.md,## 5. Field Card (Chrome-Lurker corridor protocols),878,921,16.0,9.0,,16.0
de_section,codex_chrome-lurker.md#chunk_010,codex_chrome-lurker.md,## 10. Factional perspectives,923,962,16.0,9.0,,13.0
de_section,codex_chrome-lurker.md#chunk_011,codex_chrome-lurker.md,## 10. Factional perspectives,417,456,16.0,9.0,,13.0
de_section,codex_chrome-lurker.md#chunk_012,codex_chrome-lurker.md,## 10. Reviewer's Note,340,379,16.0,9.0,,13.0
de_section,db02-wb_gorge-maws-population-dossier.md#chunk_001,db02-wb_gorge-maws-population-dossier.md,# Population Dossier: Gorge-Maws (The Groa-Thurs),87,130,15.0,11.0,,15.0
de_section,db02-wb_gorge-maws-population-dossier.md#chunk_002,db02-wb_gorge-maws-population-dossier.md,## Document Overview,152,191,15.0,11.0,,11.0
de_section,db02-wb_gorge-maws-population-dossier.md#chunk_003,db02-wb_gorge-maws-population-dossier.md,### 1.1 Taxonomy and Pathological Role,267,310,15.0,11.0,,15.0
de_section,db02-wb_gorge-maws-population-dossier.md#chunk_004,db02-wb_gorge-maws-population-dossier.md,"### 1.2 Population Distribution & The ""Green-Lines""",288,332,15.0,11.0,,16.0
de_section,db02-wb_gorge-maws-population-dossier.md#chunk_005,db02-wb_gorge-maws-population-dossier.md,### 1.3 Pre-Glitch Origins: The O.G.R.E. Protocol,286,330,15.0,11.0,,16.0
de_section,db02-wb_gorge-maws-population-dossier.md#chunk_006,db02-wb_gorge-maws-population-dossier.md,### 1.4 Lifecycle & The Lithic Gestation,336,380,15.0,11.0,,16.0
de_section,db02-wb_gorge-maws-population-dossier.md#chunk_007,db02-wb_gorge-maws-population-dossier.md,### 2.1 Morphology: The Living Siege Engine,436,481,15.0,11.0,,16.0
de_section,db02-wb_gorge-maws-population-dossier.md#chunk_008,db02-wb_gorge-maws-population-dossier.md,### 2.2 The Crucible: Internal Alchemy,357,400,15.0,11.0,,15.0
de_section,db02-wb_gorge-maws-population-dossier.md#chunk_009,db02-wb_gorge-maws-population-dossier.md,### 2.3 Sensory Apparatus: Seismic Resonance Imaging,347,391,15.0,11.0,,16.0
de_section,db02-wb_gorge-maws-population-dossier.md#chunk_010,db02-wb_gorge-maws-population-dossier.md,### 3.1 Temperament: The Sloth-Sage,321,362,15.0,11.0,,14.0
de_section,db02-wb_gorge-maws-population-dossier.md#chunk_011,db02-wb_gorge-maws-population-dossier.md,### 3.2 The Gardening Protocol: Recursive Pacification,525,569,15.0,11.0,,16.0
de_section,db02-wb_gorge-maws-population-dossier.md#chunk_012,db02-wb_gorge-maws-population-dossier.md,### 4.1 Method: The Living Diapason,235,278,15.0,11.0,,15.0
de_section,db02-wb_gorge-maws-population-dossier.md#chunk_013,db02-wb_gorge-maws-population-dossier.md,### 4.2 Signature Abilities & Resonance Patterns,543,587,15.0,11.0,,16.0
de_section,db02-wb_gorge-maws-population-dossier.md#chunk_014,db02-wb_gorge-maws-population-dossier.md,### 5.1 Language: The Sub-Sonic Rumble,392,435,15.0,11.0,,15.0
de_section,db02-wb_gorge-maws-population-dossier.md#chunk_015,db02-wb_gorge-maws-population-dossier.md,### 5.2 The Root-Memory: A Distributed Lithic Database,270,315,15.0,11.0,,18.0
de_section,db02-wb_gorge-maws-population-dossier.md#chunk_016,db02-wb_gorge-maws-population-dossier.md,### 5.3 Social Structure: The Silent Commons,318,362,15.0,11.0,,16.0
de_section,db02-wb_gorge-maws-population-dossier.md#chunk_017,db02-wb_gorge-maws-population-dossier.md,"### 6.1 Trade Goods: The Paradox of ""Thurs-Dung""",460,505,15.0,11.0,,18.0
de_section,db02-wb_gorge-maws-population-dossier.md#chunk_018,db02-wb_gorge-maws-population-dossier.md,### 6.2 Service Protocols: The Blight-Eater Escort,297,341,15.0,11.0,,16.0
de_section,db02-wb_gorge-maws-population-dossier.md#chunk_019,db02-wb_gorge-maws-population-dossier.md,### 6.3 Strategic Resource: The Sanctuary Node,206,250,15.0,11.0,,16.0
de_section,db02-wb_gorge-maws-population-dossier.md#chunk_020,db02-wb_gorge-maws-population-dossier.md,### 7.1 Jötun-Reader Scriptorium: The Immune Response Theory,247,292,15.0,11.0,,18.0
de_section,db02-wb_gorge-maws-population-dossier.md#chunk_021,db02-wb_gorge-maws-population-dossier.md,### 7.2 Iron-Bane Crusade: The Flesh-Abomination,239,282,15.0,11.0,,15.0
de_section,db02-wb_gorge-maws-population-dossier.md#chunk_022,db02-wb_gorge-maws-population-dossier.md,### 7.3 Rust-Clans: The Mobile Refineries,223,266,15.0,11.0,,15.0
de_section,db02-wb_gorge-maws-population-dossier.md#chunk_023,db02-wb_gorge-maws-population-dossier.md,### 7.4 God-Sleepers: The Silent Gardeners,218,261,15.0,11.0,,15.0
de_section,db02-wb_gorge-maws-population-dossier.md#chunk_024,db02-wb_gorge-maws-population-dossier.md,### 7.5 The Midgard Combine: The Necessary Hazard,156,201,15.0,11.0,,18.0
de_section,db02-wb_gorge-maws-population-dossier.md#chunk_025,db02-wb_gorge-maws-population-dossier.md,### 8.1 Threat Assessment: The Quake-Rage,587,630,15.0,11.0,,15.0
de_section,db02-wb_gorge-maws-population-dossier.md#chunk_026,db02-wb_gorge-maws-population-dossier.md,### 8.2 The Bell-Toll Effect: Armor Vulnerability,175,219,15.0,11.0,,16.0
de_section,db02-wb_gorge-maws-population-dossier.md#chunk_027,db02-wb_gorge-maws-population-dossier.md,### 8.3 Field Card — Interaction Protocols,426,470,15.0,11.0,,16.0
de_section,db02-wb_gorge-maws-population-dossier.md#chunk_028,db02-wb_gorge-maws-population-dossier.md,### 9.1 Data Capture: Autopsy Report [Specimen GM-04],343,388,15.0,11.0,,18.0
de_section,db02-wb_gorge-maws-population-dossier.md#chunk_029,db02-wb_gorge-maws-population-dossier.md,### 9.2 Geographic Survey: The Song-Roads,271,314,15.0,11.0,,15.0
de_section,db02-wb_gorge-maws-population-dossier.md#chunk_030,db02-wb_gorge-maws-population-dossier.md,### 9.3 Linguistic Analysis: The Rumble-Lexicon,293,336,15.0,11.0,,15.0
de_section,db02-wb_gorge-maws-population-dossier.md#chunk_031,db02-wb_gorge-maws-population-dossier.md,### 9.4 Reviewer's Note & Status,258,301,15.0,11.0,,15.0
de_section,db02-wb_medical-phenomena-entry.md#chunk_001,db02-wb_medical-phenomena-entry.md,## Classification,126,169,15.0,16.0,,10.0
de_section,db02-wb_medical-phenomena-entry.md#chunk_002,db02-wb_medical-phenomena-entry.md,### Cognitive Paradox Syndrome (CPS),128,175,15.0,16.0,,14.0
de_section,db02-wb_medical-phenomena-entry.md#chunk_003,db02-wb_medical-phenomena-entry.md,### Harrow-Sick,143,185,15.0,16.0,,10.0
de_section,db02-wb_medical-phenomena-entry.md#chunk_004,db02-wb_medical-phenomena-entry.md,### Blight-Burn,131,174,15.0,16.0,,10.0
de_section,db02-wb_medical-phenomena-entry.md#chunk_005,db02-wb_medical-phenomena-entry.md,### Depth Sickness,569,613,15.0,16.0,,11.0
de_section,db02-wb_scavenger-barons-assembled-entry.md#chunk_001,db02-wb_scavenger-barons-assembled-entry.md,## Classification,137,180,15.0,16.0,,10.0
de_section,db02-wb_scavenger-barons-assembled-entry.md#chunk_002,db02-wb_scavenger-barons-assembled-entry.md,## §1 — Origins and Historical Context,180,230,15.0,16.0,,16.0
de_section,db02-wb_scavenger-barons-assembled-entry.md#chunk_003,db02-wb_scavenger-barons-assembled-entry.md,## §2 — Governance Mechanics,247,293,15.0,16.0,,14.0
de_section,db02-wb_scavenger-barons-assembled-entry.md#chunk_004,db02-wb_scavenger-barons-assembled-entry.md,## §3 — The Ice-Debt System,214,262,15.0,16.0,,15.0
de_section,db02-wb_scavenger-barons-assembled-entry.md#chunk_005,db02-wb_scavenger-barons-assembled-entry.md,## §4 — Economic Model,152,198,15.0,16.0,,14.0
de_section,db02-wb_scavenger-barons-assembled-entry.md#chunk_006,db02-wb_scavenger-barons-assembled-entry.md,## §5 — The King's Find Mythology,431,481,15.0,16.0,,16.0
de_section,db02-wb_silent-folk-assembled-entry.md#chunk_001,db02-wb_silent-folk-assembled-entry.md,# The Silent Folk — Assembled Entry (Post-Human Divergence of the Clicking Deeps),110,171,15.0,20.0,,24.0
de_section,db02-wb_silent-folk-assembled-entry.md#chunk_002,db02-wb_silent-folk-assembled-entry.md,## 1. Origin and Evolutionary Context,208,260,15.0,20.0,,15.0
de_section,db02-wb_silent-folk-assembled-entry.md#chunk_003,db02-wb_silent-folk-assembled-entry.md,## 2. Biological Divergence,245,295,15.0,20.0,,13.0
de_section,db02-wb_silent-folk-assembled-entry.md#chunk_004,db02-wb_silent-folk-assembled-entry.md,## 3. Echo-Cant: A Language of Geometry,170,223,15.0,20.0,,16.0
de_section,db02-wb_silent-folk-assembled-entry.md#chunk_005,db02-wb_silent-folk-assembled-entry.md,## 4. Social Structure and Territory,312,364,15.0,20.0,,15.0
de_section,db02-wb_silent-folk-assembled-entry.md#chunk_006,db02-wb_silent-folk-assembled-entry.md,## 6. Diagnostic Synthesis,179,228,15.0,20.0,,13.0
de_section,db02-wb_silent-folk-assembled-entry.md#chunk_007,db02-wb_silent-folk-assembled-entry.md,## Unlock Thresholds,215,263,15.0,20.0,,11.0
de_section,db02-wb_skrap-troll-assembled-entry.md#chunk_001,db02-wb_skrap-troll-assembled-entry.md,# The Skrap-Troll — Assembled Entry (Feral Hrungnir-Class Geo-Demolition Unit),29,83,15.0,16.0,,20.0
de_section,db02-wb_skrap-troll-assembled-entry.md#chunk_002,db02-wb_skrap-troll-assembled-entry.md,## Unlock Threshold Table,149,195,15.0,16.0,,13.0
de_section,db02-wb_skrap-troll-assembled-entry.md#chunk_003,db02-wb_skrap-troll-assembled-entry.md,### §1. Identification and Pre-Glitch Origin,187,235,15.0,16.0,,15.0
de_section,db02-wb_skrap-troll-assembled-entry.md#chunk_004,db02-wb_skrap-troll-assembled-entry.md,### §2. The Second Skin: Adaptive Exaptation,217,266,15.0,16.0,,16.0
de_section,db02-wb_skrap-troll-assembled-entry.md#chunk_005,db02-wb_skrap-troll-assembled-entry.md,### §3. Territorial Behavior and Threat Profile,188,237,15.0,16.0,,16.0
de_section,db02-wb_skrap-troll-assembled-entry.md#chunk_006,db02-wb_skrap-troll-assembled-entry.md,### §4. Economic Significance: The Dvergr Calculation,426,475,15.0,16.0,,16.0
de_section,db02-wb_skrap-troll-assembled-entry.md#chunk_007,db02-wb_skrap-troll-assembled-entry.md,## Field Card Summary,141,187,15.0,16.0,,13.0
de_section,db02-wb_svin-fylking-assembled-entry.md#chunk_001,db02-wb_svin-fylking-assembled-entry.md,# Svin-fylking — Assembled Entry (Iron-Husked Boar),37,83,15.0,13.0,,16.0
de_section,db02-wb_svin-fylking-assembled-entry.md#chunk_002,db02-wb_svin-fylking-assembled-entry.md,## Unlock Threshold Table,154,196,15.0,13.0,,13.0
de_section,db02-wb_svin-fylking-assembled-entry.md#chunk_003,db02-wb_svin-fylking-assembled-entry.md,## §1. Identification and Pre-Glitch Origin,660,704,15.0,13.0,,15.0
de_section,db02-wb_svin-fylking-assembled-entry.md#chunk_004,db02-wb_svin-fylking-assembled-entry.md,### 3.2 The Fylking Charge (Signature Tactic),354,400,15.0,13.0,,16.0
de_section,db02-wb_svin-fylking-assembled-entry.md#chunk_005,db02-wb_svin-fylking-assembled-entry.md,### 4.2 The Prize,161,202,15.0,13.0,,13.0
de_section,db02-wb_svin-fylking-assembled-entry.md#chunk_006,db02-wb_svin-fylking-assembled-entry.md,### 5.1 The Jötun-Reader View,139,182,15.0,13.0,,14.0
de_section,db02-wb_svin-fylking-assembled-entry.md#chunk_007,db02-wb_svin-fylking-assembled-entry.md,### 5.2 Faction Doctrinal Differences,154,197,15.0,13.0,,14.0
de_section,db02-wb_svin-fylking-assembled-entry.md#chunk_008,db02-wb_svin-fylking-assembled-entry.md,## §6. Diagnostic Conclusion,276,318,15.0,13.0,,13.0
de_section,db02-wb_svin-fylking-assembled-entry.md#chunk_009,db02-wb_svin-fylking-assembled-entry.md,## Field Card Summary,297,339,15.0,13.0,,13.0
de_section,db02-wb_void-marked-assembled-entry.md#chunk_001,db02-wb_void-marked-assembled-entry.md,## Classification,36,78,15.0,15.0,,10.0
de_section,db02-wb_void-marked-assembled-entry.md#chunk_002,db02-wb_void-marked-assembled-entry.md,## Diagnostic Summary,141,184,15.0,15.0,,11.0
de_section,db02-wb_void-marked-assembled-entry.md#chunk_003,db02-wb_void-marked-assembled-entry.md,## §1 — Physical Characteristics,271,317,15.0,15.0,,14.0
de_section,db02-wb_void-marked-assembled-entry.md#chunk_004,db02-wb_void-marked-assembled-entry.md,## §2 — Origins and Exposure Pathways,128,176,15.0,15.0,,16.0
de_section,db02-wb_void-marked-assembled-entry.md#chunk_005,db02-wb_void-marked-assembled-entry.md,## §3 — Social Status and Political Contestation,269,318,15.0,15.0,,18.0
de_section,db02-wb_void-marked-assembled-entry.md#chunk_006,db02-wb_void-marked-assembled-entry.md,## §4 — Capabilities and Operational Utility,128,176,15.0,15.0,,16.0
de_section,db02-wb_void-marked-assembled-entry.md#chunk_007,db02-wb_void-marked-assembled-entry.md,## §5 — Material Interactions,132,178,15.0,15.0,,14.0
de_section,db02-wb_void-marked-assembled-entry.md#chunk_008,db02-wb_void-marked-assembled-entry.md,## Unlock Thresholds,213,256,15.0,15.0,,11.0
de_section,db02-wb_warden-host-assembled-entry.md#chunk_001,db02-wb_warden-host-assembled-entry.md,## Classification,36,81,15.0,19.0,,10.0
de_section,db02-wb_warden-host-assembled-entry.md#chunk_002,db02-wb_warden-host-assembled-entry.md,## Diagnostic Summary,191,237,15.0,19.0,,11.0
de_section,db02-wb_warden-host-assembled-entry.md#chunk_003,db02-wb_warden-host-assembled-entry.md,## §1 — Origins and Historical Context,214,266,15.0,19.0,,16.0
de_section,db02-wb_warden-host-assembled-entry.md#chunk_004,db02-wb_warden-host-assembled-entry.md,## §2 — Primary Functions,243,292,15.0,19.0,,14.0
de_section,db02-wb_warden-host-assembled-entry.md#chunk_005,db02-wb_warden-host-assembled-entry.md,## §3 — Echo-Cant in Warden-Host Operations,153,205,15.0,19.0,,16.0
de_section,db02-wb_warden-host-assembled-entry.md#chunk_006,db02-wb_warden-host-assembled-entry.md,## §4 — Territorial Disputes and Factional Conflicts,365,418,15.0,19.0,,18.0
de_section,db02-wb_warden-host-assembled-entry.md#chunk_007,db02-wb_warden-host-assembled-entry.md,## Unlock Thresholds,210,257,15.0,19.0,,11.0
de_section,db02-wb_weir-bone-assembled-entry.md#chunk_001,db02-wb_weir-bone-assembled-entry.md,## Classification,37,79,15.0,15.0,,10.0
de_section,db02-wb_weir-bone-assembled-entry.md#chunk_002,db02-wb_weir-bone-assembled-entry.md,## Diagnostic Summary,170,213,15.0,15.0,,11.0
de_section,db02-wb_weir-bone-assembled-entry.md#chunk_003,db02-wb_weir-bone-assembled-entry.md,## §1 — Physical Properties,258,304,15.0,15.0,,14.0
de_section,db02-wb_weir-bone-assembled-entry.md#chunk_004,db02-wb_weir-bone-assembled-entry.md,## §2 — Sourcing and Harvesting,175,222,15.0,15.0,,15.0
de_section,db02-wb_weir-bone-assembled-entry.md#chunk_005,db02-wb_weir-bone-assembled-entry.md,## §3 — Applications,210,254,15.0,15.0,,13.0
de_section,db02-wb_weir-bone-assembled-entry.md#chunk_006,db02-wb_weir-bone-assembled-entry.md,## §4 — Salvage Interactions and Material Conflicts,193,243,15.0,15.0,,18.0
de_section,db02-wb_weir-bone-assembled-entry.md#chunk_007,db02-wb_weir-bone-assembled-entry.md,## Unlock Thresholds,187,230,15.0,15.0,,11.0
de_section,db03-dc_agricultural-devastation.md#chunk_001,db03-dc_agricultural-devastation.md,"# Agricultural Devastation Case Study - Wheatholm District Total Loss, Year 781-783 PG",305,366,15.0,20.0,,24.0
de_section,db03-dc_agricultural-devastation.md#chunk_002,db03-dc_agricultural-devastation.md,### Emergence Timeline,157,205,15.0,20.0,,11.0
de_section,db03-dc_agricultural-devastation.md#chunk_003,db03-dc_agricultural-devastation.md,### Initial Response,917,965,15.0,20.0,,11.0
de_section,db03-dc_agricultural-devastation.md#chunk_004,db03-dc_agricultural-devastation.md,### Alchemical Eradication,499,547,15.0,20.0,,11.0
de_section,db03-dc_agricultural-devastation.md#chunk_005,db03-dc_agricultural-devastation.md,## Steward's Reflection,315,364,15.0,20.0,,11.0
de_section,db03-dc_archive-cataloging-standards.md#chunk_001,db03-dc_archive-cataloging-standards.md,## Summary,102,144,15.0,15.0,,10.0
de_section,db03-dc_archive-cataloging-standards.md#chunk_002,db03-dc_archive-cataloging-standards.md,## Motivation & Historical Context,215,261,15.0,15.0,,14.0
de_section,db03-dc_archive-cataloging-standards.md#chunk_003,db03-dc_archive-cataloging-standards.md,## Expanded Metadata Framework,244,288,15.0,15.0,,13.0
de_section,db03-dc_archive-cataloging-standards.md#chunk_004,db03-dc_archive-cataloging-standards.md,## Enhanced CPS Risk Classification,279,325,15.0,15.0,,14.0
de_section,db03-dc_archive-cataloging-standards.md#chunk_005,db03-dc_archive-cataloging-standards.md,## Mandatory Pre-Screening Protocols,283,327,15.0,15.0,,13.0
de_section,db03-dc_archive-cataloging-standards.md#chunk_006,db03-dc_archive-cataloging-standards.md,## Cross-Reference Integrity Standards,271,315,15.0,15.0,,13.0
de_section,db03-dc_archive-cataloging-standards.md#chunk_007,db03-dc_archive-cataloging-standards.md,## Training & Implementation Rollout,270,315,15.0,15.0,,14.0
de_section,db03-dc_archive-cataloging-standards.md#chunk_008,db03-dc_archive-cataloging-standards.md,## Institutional Culture Implications,234,278,15.0,15.0,,13.0
de_section,db03-dc_ballad-of-the-broken-gate.md#chunk_001,db03-dc_ballad-of-the-broken-gate.md,(none),183,219,15.0,20.0,,
de_section,db03-dc_ballad-of-the-broken-gate.md#chunk_002,db03-dc_ballad-of-the-broken-gate.md,## The Ballad of the Broken Gate,536,590,15.0,20.0,,16.0
de_section,db03-dc_ballad-of-the-broken-gate.md#chunk_003,db03-dc_ballad-of-the-broken-gate.md,## Collector's Notes,195,243,15.0,20.0,,11.0
de_section,db03-dc_clockwork-synchronization.md#chunk_001,db03-dc_clockwork-synchronization.md,(none),131,162,15.0,15.0,,
de_section,db03-dc_clockwork-synchronization.md#chunk_002,db03-dc_clockwork-synchronization.md,## Protocol Overview,141,184,15.0,15.0,,11.0
de_section,db03-dc_clockwork-synchronization.md#chunk_003,db03-dc_clockwork-synchronization.md,## Synchronization Cadence,163,206,15.0,15.0,,11.0
de_section,db03-dc_clockwork-synchronization.md#chunk_004,db03-dc_clockwork-synchronization.md,## Field Application,306,349,15.0,15.0,,11.0
de_section,db03-dc_clockwork-synchronization.md#chunk_005,db03-dc_clockwork-synchronization.md,## Trade Secret Protection,549,594,15.0,15.0,,13.0
de_section,db03-dc_combine-month-names.md#chunk_001,db03-dc_combine-month-names.md,(none),67,96,15.0,13.0,,
de_section,db03-dc_combine-month-names.md#chunk_002,db03-dc_combine-month-names.md,## Overview,920,959,15.0,13.0,,10.0
de_section,db03-dc_combine-month-names.md#chunk_003,db03-dc_combine-month-names.md,### Month 13 — Year's Rest,843,887,15.0,13.0,,15.0
de_section,db03-dc_combine-month-names.md#chunk_004,db03-dc_combine-month-names.md,## Elder Resistance,144,184,15.0,13.0,,11.0
de_section,db03-dc_combine-month-names.md#chunk_005,db03-dc_combine-month-names.md,## Strategic Implications,150,191,15.0,13.0,,11.0
de_section,db03-dc_contract-dispute-case-study.md#chunk_001,db03-dc_contract-dispute-case-study.md,(none),71,102,15.0,15.0,,
de_section,db03-dc_contract-dispute-case-study.md#chunk_002,db03-dc_contract-dispute-case-study.md,## Overview,140,182,15.0,15.0,,10.0
de_section,db03-dc_contract-dispute-case-study.md#chunk_003,db03-dc_contract-dispute-case-study.md,## Dispute Summary,460,503,15.0,15.0,,11.0
de_section,db03-dc_contract-dispute-case-study.md#chunk_004,db03-dc_contract-dispute-case-study.md,## Arbitration Ruling,172,215,15.0,15.0,,11.0
de_section,db03-dc_contract-dispute-case-study.md#chunk_005,db03-dc_contract-dispute-case-study.md,## Systemic Impact,295,338,15.0,15.0,,11.0
de_section,db03-dc_contract-dispute-case-study.md#chunk_006,db03-dc_contract-dispute-case-study.md,## Cultural Resistance,141,184,15.0,15.0,,11.0
de_section,db03-dc_contract-dispute-case-study.md#chunk_007,db03-dc_contract-dispute-case-study.md,## Strategic Implications,144,187,15.0,15.0,,11.0
de_section,db03-dc_contract-dispute-case-study.md#chunk_008,db03-dc_contract-dispute-case-study.md,## Historical Context,197,240,15.0,15.0,,11.0
de_section,db03-dc_crusade-mobilization.md#chunk_001,db03-dc_crusade-mobilization.md,## Evidence Excerpt,75,120,15.0,18.0,,11.0
de_section,db03-dc_crusade-mobilization.md#chunk_002,db03-dc_crusade-mobilization.md,### Seven-Phase Mobilization Protocol,473,520,15.0,18.0,,13.0
de_section,db03-dc_crusade-mobilization.md#chunk_003,db03-dc_crusade-mobilization.md,### Resource Allocation,352,397,15.0,18.0,,11.0
de_section,db03-dc_crusader-field-training.md#chunk_001,db03-dc_crusader-field-training.md,## Summary,110,154,15.0,18.0,,10.0
de_section,db03-dc_crusader-field-training.md#chunk_002,db03-dc_crusader-field-training.md,## Training Structure & Institutional Framework,250,300,15.0,18.0,,15.0
de_section,db03-dc_crusader-field-training.md#chunk_003,db03-dc_crusader-field-training.md,## Corrupted Psychic Space Management,236,284,15.0,18.0,,14.0
de_section,db03-dc_crusader-field-training.md#chunk_004,db03-dc_crusader-field-training.md,## Environmental Signal Recognition,228,275,15.0,18.0,,13.0
de_section,db03-dc_crusader-field-training.md#chunk_005,db03-dc_crusader-field-training.md,## Data-Slate Handling Protocols,249,296,15.0,18.0,,13.0
de_section,db03-dc_crusader-field-training.md#chunk_006,db03-dc_crusader-field-training.md,## Structural Assessment Fundamentals,239,286,15.0,18.0,,13.0
de_section,db03-dc_crusader-field-training.md#chunk_007,db03-dc_crusader-field-training.md,## Certification & Operational Integration,256,304,15.0,18.0,,14.0
de_section,db03-dc_dvergr-guild-chronicle.md#chunk_001,db03-dc_dvergr-guild-chronicle.md,(none),66,98,15.0,16.0,,
de_section,db03-dc_dvergr-guild-chronicle.md#chunk_002,db03-dc_dvergr-guild-chronicle.md,## Context,165,208,15.0,16.0,,10.0
de_section,db03-dc_dvergr-guild-chronicle.md#chunk_003,db03-dc_dvergr-guild-chronicle.md,## Minimal Log,136,180,15.0,16.0,,11.0
de_section,db03-dc_dvergr-guild-chronicle.md#chunk_004,db03-dc_dvergr-guild-chronicle.md,## Chronicle Entry (Layer 3 Evidence),341,390,15.0,16.0,,15.0
de_section,db03-dc_dvergr-guild-chronicle.md#chunk_005,db03-dc_dvergr-guild-chronicle.md,### The Ironholt-Frostmark Case Study,211,258,15.0,16.0,,14.0
de_section,db03-dc_dvergr-guild-chronicle.md#chunk_006,db03-dc_dvergr-guild-chronicle.md,### Standardization Through Market Forces,204,250,15.0,16.0,,14.0
de_section,db03-dc_dvergr-guild-chronicle.md#chunk_007,db03-dc_dvergr-guild-chronicle.md,### Unintended Hegemony,522,566,15.0,16.0,,11.0
de_section,db03-dc_dvergr-guild-chronicle.md#chunk_008,db03-dc_dvergr-guild-chronicle.md,## Strategic Implications,226,270,15.0,16.0,,11.0
de_section,db03-dc_echo-caller-field-observation.md#chunk_001,db03-dc_echo-caller-field-observation.md,## Ritual Overview,274,317,15.0,15.0,,11.0
de_section,db03-dc_ginnungagap-coolant-chasm.md#chunk_001,db03-dc_ginnungagap-coolant-chasm.md,## Minimal Log Context,197,239,15.0,13.0,,13.0
de_section,db03-dc_ginnungagap-coolant-chasm.md#chunk_002,db03-dc_ginnungagap-coolant-chasm.md,### Chemical Composition,448,488,15.0,13.0,,11.0
de_section,db03-dc_god-sleeper-operational-doctrine.md#chunk_001,db03-dc_god-sleeper-operational-doctrine.md,## Minimal Log,889,929,15.0,13.0,,11.0
de_section,db03-dc_god-sleeper-operational-doctrine.md#chunk_002,db03-dc_god-sleeper-operational-doctrine.md,### vs. Rust-Clan Hunters,387,429,15.0,13.0,,13.0
de_section,db03-dc_gutter-skald-info-exchange.md#chunk_001,db03-dc_gutter-skald-info-exchange.md,(none),269,301,15.0,16.0,,
de_section,db03-dc_gutter-skald-info-exchange.md#chunk_002,db03-dc_gutter-skald-info-exchange.md,### 2.2 Transaction Sequence,445,491,15.0,16.0,,13.0
de_section,db03-dc_historical-theological-survey.md#chunk_001,db03-dc_historical-theological-survey.md,## Observation Context,80,120,15.0,13.0,,11.0
de_section,db03-dc_historical-theological-survey.md#chunk_002,db03-dc_historical-theological-survey.md,## §1 — Pre-Glitch Religious Context,200,244,15.0,13.0,,15.0
de_section,db03-dc_historical-theological-survey.md#chunk_003,db03-dc_historical-theological-survey.md,## §2 — God-Sleeper Origins and Rise (Years 50-200 PG),295,344,15.0,13.0,,20.0
de_section,db03-dc_historical-theological-survey.md#chunk_004,db03-dc_historical-theological-survey.md,## §3 — Iron-Bane Doctrinal Development (Years 150-500 PG),314,362,15.0,13.0,,19.0
de_section,db03-dc_historical-theological-survey.md#chunk_005,db03-dc_historical-theological-survey.md,## §4 — The Warden-Host as Theological Response (Years 340-783 PG),170,221,15.0,13.0,,22.0
de_section,db03-dc_historical-theological-survey.md#chunk_006,db03-dc_historical-theological-survey.md,## §5 — Religious-Technology Intersections (Current Era),357,403,15.0,13.0,,16.0
de_section,db03-dc_inter-generational-knowledge-transfer.md#chunk_001,db03-dc_inter-generational-knowledge-transfer.md,(none),865,899,15.0,18.0,,
de_section,db03-dc_inter-generational-knowledge-transfer.md#chunk_002,db03-dc_inter-generational-knowledge-transfer.md,### Dual-Caste Integration,249,295,15.0,18.0,,11.0
de_section,db03-dc_inter-generational-knowledge-transfer.md#chunk_003,db03-dc_inter-generational-knowledge-transfer.md,### Vulnerabilities of Oral Tradition,500,548,15.0,18.0,,14.0
de_section,db03-dc_inter-generational-knowledge-transfer.md#chunk_004,db03-dc_inter-generational-knowledge-transfer.md,## Strategic Cultural Implications,198,245,15.0,18.0,,13.0
de_section,db03-dc_iron-bane-theological-analysis.md#chunk_001,db03-dc_iron-bane-theological-analysis.md,## Overview,94,136,15.0,15.0,,10.0
de_section,db03-dc_iron-bane-theological-analysis.md#chunk_002,db03-dc_iron-bane-theological-analysis.md,### The Iron-Curse Manifestation,886,930,15.0,15.0,,13.0
de_section,db03-dc_iron-bane-theological-analysis.md#chunk_003,db03-dc_iron-bane-theological-analysis.md,## Strategic Implications,70,113,15.0,15.0,,11.0
de_section,db03-dc_iron-banes-liturgical-calendar.md#chunk_001,db03-dc_iron-banes-liturgical-calendar.md,(none),162,193,15.0,15.0,,
de_section,db03-dc_iron-banes-liturgical-calendar.md#chunk_002,db03-dc_iron-banes-liturgical-calendar.md,## Temporal Foundation and Theological Overlay,169,215,15.0,15.0,,15.0
de_section,db03-dc_iron-banes-liturgical-calendar.md#chunk_003,db03-dc_iron-banes-liturgical-calendar.md,## The Five Ages Framework,169,214,15.0,15.0,,14.0
de_section,db03-dc_iron-banes-liturgical-calendar.md#chunk_004,db03-dc_iron-banes-liturgical-calendar.md,## Sacred Date Observance,274,318,15.0,15.0,,13.0
de_section,db03-dc_iron-banes-liturgical-calendar.md#chunk_005,db03-dc_iron-banes-liturgical-calendar.md,## Operational Integration and Practical Compromise,174,221,15.0,15.0,,15.0
de_section,db03-dc_iron-banes-liturgical-calendar.md#chunk_006,db03-dc_iron-banes-liturgical-calendar.md,## Doctrinal Uncertainty and Competing Interpretations,630,677,15.0,15.0,,15.0
de_section,db03-dc_iron-banes-liturgical-calendar.md#chunk_007,db03-dc_iron-banes-liturgical-calendar.md,## Calendar Mathematics and Astronomical Correction,130,176,15.0,15.0,,15.0
de_section,db03-dc_iron-banes-liturgical-calendar.md#chunk_008,db03-dc_iron-banes-liturgical-calendar.md,## Inter-Chapter Coordination and Doctrinal Diversity,244,291,15.0,15.0,,15.0
de_section,db03-dc_jarl-authority-exercise.md#chunk_001,db03-dc_jarl-authority-exercise.md,(none),100,133,15.0,18.0,,
de_section,db03-dc_jarl-authority-exercise.md#chunk_002,db03-dc_jarl-authority-exercise.md,## Crisis Context,252,297,15.0,18.0,,11.0
de_section,db03-dc_jarl-authority-exercise.md#chunk_003,db03-dc_jarl-authority-exercise.md,## Decision-Making Process,241,287,15.0,18.0,,11.0
de_section,db03-dc_jarl-authority-exercise.md#chunk_004,db03-dc_jarl-authority-exercise.md,## Jarl Proclamation,215,261,15.0,18.0,,11.0
de_section,db03-dc_jarl-authority-exercise.md#chunk_005,db03-dc_jarl-authority-exercise.md,## Implementation,193,237,15.0,18.0,,10.0
de_section,db03-dc_jarl-authority-exercise.md#chunk_006,db03-dc_jarl-authority-exercise.md,## Outcomes Assessment,236,282,15.0,18.0,,11.0
de_section,db03-dc_jarl-authority-exercise.md#chunk_007,db03-dc_jarl-authority-exercise.md,## Authority Dynamics Observed,378,425,15.0,18.0,,13.0
de_section,db03-dc_jarn-madr-behavioral-study.md#chunk_001,db03-dc_jarn-madr-behavioral-study.md,(none),93,128,15.0,19.0,,
de_section,db03-dc_jarn-madr-behavioral-study.md#chunk_002,db03-dc_jarn-madr-behavioral-study.md,## Study Parameters and Safety Protocols,232,283,15.0,19.0,,15.0
de_section,db03-dc_jarn-madr-behavioral-study.md#chunk_003,db03-dc_jarn-madr-behavioral-study.md,## Swarm Density and Composition,198,248,15.0,19.0,,14.0
de_section,db03-dc_jarn-madr-behavioral-study.md#chunk_004,db03-dc_jarn-madr-behavioral-study.md,## Material Targeting Hierarchy,501,549,15.0,19.0,,13.0
de_section,db03-dc_jarn-madr-behavioral-study.md#chunk_005,db03-dc_jarn-madr-behavioral-study.md,## Disassembly Efficiency and Methods,340,390,15.0,19.0,,14.0
de_section,db03-dc_jarn-madr-behavioral-study.md#chunk_006,db03-dc_jarn-madr-behavioral-study.md,## Humanoid Coalescence Patterns,334,382,15.0,19.0,,13.0
de_section,db03-dc_jarn-madr-behavioral-study.md#chunk_007,db03-dc_jarn-madr-behavioral-study.md,## Communication and Coordination,240,288,15.0,19.0,,13.0
de_section,db03-dc_jarn-madr-behavioral-study.md#chunk_008,db03-dc_jarn-madr-behavioral-study.md,## Diagnostic Assessment and Implications,314,364,15.0,19.0,,14.0
de_section,db03-dc_jotun-reader-chronology.md#chunk_001,db03-dc_jotun-reader-chronology.md,(none),182,214,15.0,16.0,,
de_section,db03-dc_jotun-reader-chronology.md#chunk_002,db03-dc_jotun-reader-chronology.md,## Archival Methodology and Evidence Sources,269,317,15.0,16.0,,15.0
de_section,db03-dc_jotun-reader-chronology.md#chunk_003,db03-dc_jotun-reader-chronology.md,## Primary Evidence: Chronology Reconstruction Notes,500,548,15.0,16.0,,15.0
de_section,db03-dc_jotun-reader-chronology.md#chunk_004,db03-dc_jotun-reader-chronology.md,## Collaborative Consensus Process,174,219,15.0,16.0,,13.0
de_section,db03-dc_jotun-reader-chronology.md#chunk_005,db03-dc_jotun-reader-chronology.md,## Implications for Historical Precision,231,278,15.0,16.0,,14.0
de_section,db03-dc_jotunheim-swarm-density.md#chunk_001,db03-dc_jotunheim-swarm-density.md,(none),165,201,15.0,20.0,,
de_section,db03-dc_jotunheim-swarm-density.md#chunk_002,db03-dc_jotunheim-swarm-density.md,## Survey Design and Methodology,254,305,15.0,20.0,,14.0
de_section,db03-dc_jotunheim-swarm-density.md#chunk_003,db03-dc_jotunheim-swarm-density.md,### Knuckle-Bone Fields Primary Habitat,426,477,15.0,20.0,,14.0
de_section,db03-dc_jotunheim-swarm-density.md#chunk_004,db03-dc_jotunheim-swarm-density.md,### Site 1: Knuckle-Bone Fields Northeast Sector,179,232,15.0,20.0,,16.0
de_section,db03-dc_jotunheim-swarm-density.md#chunk_005,db03-dc_jotunheim-swarm-density.md,### Site 2: Great Looms Corridor Northern Sector,211,266,15.0,20.0,,18.0
de_section,db03-dc_jotunheim-swarm-density.md#chunk_006,db03-dc_jotunheim-swarm-density.md,### Site 3: Iron Heart Breach Core,205,258,15.0,20.0,,16.0
de_section,db03-dc_jotunheim-swarm-density.md#chunk_007,db03-dc_jotunheim-swarm-density.md,## Swarm Movement Patterns,204,253,15.0,20.0,,13.0
de_section,db03-dc_jotunheim-swarm-density.md#chunk_008,db03-dc_jotunheim-swarm-density.md,## Population Growth Dynamics,235,284,15.0,20.0,,13.0
de_section,db03-dc_jotunheim-swarm-density.md#chunk_009,db03-dc_jotunheim-swarm-density.md,## Strategic Threat Assessment,512,561,15.0,20.0,,13.0
de_section,db03-dc_loki-archive-security-audit.md#chunk_001,db03-dc_loki-archive-security-audit.md,(none),178,211,15.0,18.0,,
de_section,db03-dc_loki-archive-security-audit.md#chunk_002,db03-dc_loki-archive-security-audit.md,## Background: The Loki Archive Purpose,525,574,15.0,18.0,,15.0
de_section,db03-dc_loki-archive-security-audit.md#chunk_003,db03-dc_loki-archive-security-audit.md,### Heimdallr Fragments,154,200,15.0,18.0,,11.0
de_section,db03-dc_loki-archive-security-audit.md#chunk_004,db03-dc_loki-archive-security-audit.md,### Active Ghost-Processes,269,314,15.0,18.0,,11.0
de_section,db03-dc_loki-archive-security-audit.md#chunk_005,db03-dc_loki-archive-security-audit.md,### ODIN Protocol Fragments,418,465,15.0,18.0,,13.0
de_section,db03-dc_loki-archive-security-audit.md#chunk_006,db03-dc_loki-archive-security-audit.md,### Incident 1: Vault 2 Containment Box Seal Degradation,180,234,15.0,18.0,,19.0
de_section,db03-dc_loki-archive-security-audit.md#chunk_007,db03-dc_loki-archive-security-audit.md,### Incident 2: Ghost-Process Migration Attempt,174,223,15.0,18.0,,15.0
de_section,db03-dc_loki-archive-security-audit.md#chunk_008,db03-dc_loki-archive-security-audit.md,### Incident 3: Access Log Anomaly,890,939,15.0,18.0,,15.0
de_section,db03-dc_loki-archive-security-audit.md#chunk_009,db03-dc_loki-archive-security-audit.md,## Conclusion,113,157,15.0,18.0,,10.0
de_section,db03-dc_loki-protocol-warning.md#chunk_001,db03-dc_loki-protocol-warning.md,(none),88,122,15.0,18.0,,
de_section,db03-dc_loki-protocol-warning.md#chunk_002,db03-dc_loki-protocol-warning.md,### L.O.K.I. PROTOCOL DIAGNOSTIC LOG — HEIMDALLR BLIND SPOT ASSESSMENT,923,977,15.0,18.0,,20.0
de_section,db03-dc_loki-protocol-warning.md#chunk_003,db03-dc_loki-protocol-warning.md,### L.O.K.I. PROTOCOL DIAGNOSTIC LOG — HEIMDALLR BLIND SPOT ASSESSMENT,374,429,15.0,18.0,,20.0
de_section,db03-dc_loki-protocol-warning.md#chunk_004,db03-dc_loki-protocol-warning.md,## JÖTUN-READER ANALYSIS (Layer 2),328,377,15.0,18.0,,14.0
de_section,db03-dc_medical-causality-research.md#chunk_001,db03-dc_medical-causality-research.md,## Observation Context,78,123,15.0,18.0,,11.0
de_section,db03-dc_medical-causality-research.md#chunk_002,db03-dc_medical-causality-research.md,## §1 — Research Premise and Scope,141,192,15.0,18.0,,16.0
de_section,db03-dc_medical-causality-research.md#chunk_003,db03-dc_medical-causality-research.md,### 2.1 — Established Causal Factors,171,221,15.0,18.0,,15.0
de_section,db03-dc_medical-causality-research.md#chunk_004,db03-dc_medical-causality-research.md,### 2.2 — Proposed Causal Models,193,243,15.0,18.0,,15.0
de_section,db03-dc_medical-causality-research.md#chunk_005,db03-dc_medical-causality-research.md,### 3.1 — Observed Divergence Points,170,219,15.0,18.0,,15.0
de_section,db03-dc_medical-causality-research.md#chunk_006,db03-dc_medical-causality-research.md,### 3.2 — Proposed Divergence Models,178,227,15.0,18.0,,15.0
de_section,db03-dc_medical-causality-research.md#chunk_007,db03-dc_medical-causality-research.md,### 4.1 — Priority Questions,131,179,15.0,18.0,,14.0
de_section,db03-dc_medical-causality-research.md#chunk_008,db03-dc_medical-causality-research.md,### 4.2 — Research Barriers,256,304,15.0,18.0,,14.0
de_section,db03-dc_novice-training-documentation.md#chunk_001,db03-dc_novice-training-documentation.md,"## Evidence Excerpt (Layer 2, Instructional Documentation)",148,198,15.0,18.0,,16.0
de_section,db03-dc_novice-training-documentation.md#chunk_002,db03-dc_novice-training-documentation.md,### Segment 1: Breath Control Techniques (T+0 to T+25 min),228,283,15.0,18.0,,20.0
de_section,db03-dc_novice-training-documentation.md#chunk_003,db03-dc_novice-training-documentation.md,### Segment 2: Cognitive Anchor Exercises (T+25 to T+50 min),323,378,15.0,18.0,,20.0
de_section,db03-dc_novice-training-documentation.md#chunk_004,db03-dc_novice-training-documentation.md,### Segment 4: Slow Path Philosophy (T+75 to T+90 min),132,187,15.0,18.0,,20.0
de_section,db03-dc_novice-training-documentation.md#chunk_005,db03-dc_novice-training-documentation.md,### Session Conclusion,232,278,15.0,18.0,,11.0
de_section,db03-dc_perfect-silent-cage.md#chunk_001,db03-dc_perfect-silent-cage.md,## Summary,119,162,15.0,16.0,,10.0
de_section,db03-dc_perfect-silent-cage.md#chunk_002,db03-dc_perfect-silent-cage.md,## Expedition Profile & Strategic Context,211,260,15.0,16.0,,15.0
de_section,db03-dc_perfect-silent-cage.md#chunk_003,db03-dc_perfect-silent-cage.md,## Recovery Operation & Site Forensics,293,341,15.0,16.0,,15.0
de_section,db03-dc_perfect-silent-cage.md#chunk_004,db03-dc_perfect-silent-cage.md,## Tactical & Strategic Implications,291,338,15.0,16.0,,14.0
de_section,db03-dc_perfect-silent-cage.md#chunk_005,db03-dc_perfect-silent-cage.md,## Policy Outcomes,258,302,15.0,16.0,,11.0
de_section,db03-dc_quiet-nod-protocol.md#chunk_001,db03-dc_quiet-nod-protocol.md,## Summary,109,152,15.0,16.0,,10.0
de_section,db03-dc_quiet-nod-protocol.md#chunk_002,db03-dc_quiet-nod-protocol.md,## Institutional Structure & Conflict Separation,263,312,15.0,16.0,,15.0
de_section,db03-dc_quiet-nod-protocol.md#chunk_003,db03-dc_quiet-nod-protocol.md,## Contracting Protocol & Communication Security,247,295,15.0,16.0,,15.0
de_section,db03-dc_quiet-nod-protocol.md#chunk_004,db03-dc_quiet-nod-protocol.md,## Execution Methodology & Stealth Techniques,280,328,15.0,16.0,,15.0
de_section,db03-dc_quiet-nod-protocol.md#chunk_005,db03-dc_quiet-nod-protocol.md,## Lie-Mark Deployment & Misdirection,248,295,15.0,16.0,,14.0
de_section,db03-dc_quiet-nod-protocol.md#chunk_006,db03-dc_quiet-nod-protocol.md,## Cultural Boundaries & Operational Limits,250,299,15.0,16.0,,15.0
de_section,db03-dc_quiet-nod-protocol.md#chunk_007,db03-dc_quiet-nod-protocol.md,## Economic Structure & Operational Security,224,273,15.0,16.0,,15.0
de_section,db03-dc_rule-of-two-threads.md#chunk_001,db03-dc_rule-of-two-threads.md,## Summary,106,148,15.0,15.0,,10.0
de_section,db03-dc_rule-of-two-threads.md#chunk_002,db03-dc_rule-of-two-threads.md,## Verification Protocol Structure,245,289,15.0,15.0,,13.0
de_section,db03-dc_rule-of-two-threads.md#chunk_003,db03-dc_rule-of-two-threads.md,## Source Reliability Tracking,150,195,15.0,15.0,,13.0
de_section,db03-dc_rule-of-two-threads.md#chunk_004,db03-dc_rule-of-two-threads.md,## Blood-Proof Enhancement,145,188,15.0,15.0,,11.0
de_section,db03-dc_rule-of-two-threads.md#chunk_005,db03-dc_rule-of-two-threads.md,## Wind-Singer Penalty Enforcement,262,306,15.0,15.0,,13.0
de_section,db03-dc_rule-of-two-threads.md#chunk_006,db03-dc_rule-of-two-threads.md,## Economic Function in Lawless Environments,289,336,15.0,15.0,,15.0
de_section,db03-dc_salvage-operations-manual.md#chunk_001,db03-dc_salvage-operations-manual.md,## Observation Context,65,109,15.0,16.0,,11.0
de_section,db03-dc_salvage-operations-manual.md#chunk_002,db03-dc_salvage-operations-manual.md,## §1 — Salvage Operations Overview,204,252,15.0,16.0,,15.0
de_section,db03-dc_salvage-operations-manual.md#chunk_003,db03-dc_salvage-operations-manual.md,### 2.1 — Pre-Entry Assessment,128,175,15.0,16.0,,14.0
de_section,db03-dc_salvage-operations-manual.md#chunk_004,db03-dc_salvage-operations-manual.md,### 2.2 — Extraction Protocols,148,195,15.0,16.0,,14.0
de_section,db03-dc_salvage-operations-manual.md#chunk_005,db03-dc_salvage-operations-manual.md,### 2.3 — Void-Marked Personnel Protocols,348,396,15.0,16.0,,15.0
de_section,db03-dc_salvage-operations-manual.md#chunk_006,db03-dc_salvage-operations-manual.md,## §4 — Timeline of Major Discoveries,209,258,15.0,16.0,,16.0
de_section,db03-dc_salvage-operations-manual.md#chunk_007,db03-dc_salvage-operations-manual.md,## §5 — Factional Salvage Policies,206,254,15.0,16.0,,15.0
de_section,db03-dc_salvage-operations-manual.md#chunk_008,db03-dc_salvage-operations-manual.md,## §6 — Risk Assessment Matrix,150,198,15.0,16.0,,15.0
de_section,db03-dc_sanctuary-establishment-record.md#chunk_001,db03-dc_sanctuary-establishment-record.md,## Observation Context,80,124,15.0,16.0,,11.0
de_section,db03-dc_sanctuary-establishment-record.md#chunk_002,db03-dc_sanctuary-establishment-record.md,## §1 — The Grith-Hold Charter (Year 340 PG),647,699,15.0,16.0,,19.0
de_section,db03-dc_sanctuary-establishment-record.md#chunk_003,db03-dc_sanctuary-establishment-record.md,## §3 — Void-Marked Sanctuary Rights,234,282,15.0,16.0,,15.0
de_section,db03-dc_sanctuary-establishment-record.md#chunk_004,db03-dc_sanctuary-establishment-record.md,## §4 — Echo-Cant Communication Protocols,280,328,15.0,16.0,,15.0
de_section,db03-dc_sanctuary-establishment-record.md#chunk_005,db03-dc_sanctuary-establishment-record.md,## §5 — Iron-Bane Conflict Record,443,491,15.0,16.0,,15.0
de_section,db03-dc_sanctuary-establishment.md#chunk_001,db03-dc_sanctuary-establishment.md,## Observation Summary,516,560,15.0,16.0,,11.0
de_section,db03-dc_sanctuary-establishment.md#chunk_002,db03-dc_sanctuary-establishment.md,## Quantified Observations,241,286,15.0,16.0,,11.0
de_section,db03-dc_sanctuary-establishment.md#chunk_003,db03-dc_sanctuary-establishment.md,## Operational Context,252,296,15.0,16.0,,11.0
de_section,db03-dc_waystation-cache-inventory.md#chunk_001,db03-dc_waystation-cache-inventory.md,# Waystation Cache Inventory Audit — Stonebridge Tier 2 Year 783 PG,438,496,15.0,19.0,,23.0
de_section,standalone_aether-weave-os.md#chunk_001,standalone_aether-weave-os.md,# ⚙️ Technical Specification: Aether-Weave OS — Core Architecture & Futhark API,162,223,18.0,19.0,,23.0
de_section,standalone_aether-weave-os.md#chunk_002,standalone_aether-weave-os.md,### 1.2 Core Design Principles,263,315,18.0,19.0,,14.0
de_section,standalone_aether-weave-os.md#chunk_003,standalone_aether-weave-os.md,### 2.1 API Structure and Syntax,347,400,18.0,19.0,,15.0
de_section,standalone_aether-weave-os.md#chunk_004,standalone_aether-weave-os.md,### 2.2 Representative Subroutine Examples,655,707,18.0,19.0,,14.0
de_section,standalone_aether-weave-os.md#chunk_005,standalone_aether-weave-os.md,### 3.2 Coordination Primitives,228,279,18.0,19.0,,13.0
de_section,standalone_aether-weave-os.md#chunk_006,standalone_aether-weave-os.md,### 4.1 Nominal Operation Examples,590,642,18.0,19.0,,14.0
de_section,standalone_aether-weave-os.md#chunk_007,standalone_aether-weave-os.md,### 7.3 Dvergr Rejection Rationale,159,211,18.0,19.0,,14.0
de_section,standalone_combine-reckoning.md#chunk_001,standalone_combine-reckoning.md,# 🌾 Combine Reckoning: Agricultural Timekeeping and Seasonal Coordination,23,76,18.0,15.0,,19.0
de_section,standalone_combine-reckoning.md#chunk_002,standalone_combine-reckoning.md,## 1. Introduction and scope,249,297,18.0,15.0,,14.0
de_section,standalone_combine-reckoning.md#chunk_003,standalone_combine-reckoning.md,### The thirteen seasonal designations,907,955,18.0,15.0,,14.0
de_section,standalone_combine-reckoning.md#chunk_004,standalone_combine-reckoning.md,### Geographic climate zones and agricultural constraints,547,598,18.0,15.0,,16.0
de_section,standalone_combine-reckoning.md#chunk_005,standalone_combine-reckoning.md,### Key patterns and cultural characteristics,140,189,18.0,15.0,,15.0
de_section,standalone_dagaz-concordance.md#chunk_001,standalone_dagaz-concordance.md,### How to use this entry,843,890,18.0,13.0,,15.0
de_section,standalone_daily-life-midgard.md#chunk_001,standalone_daily-life-midgard.md,# 🏘️ Daily Life in the Midgard Combine: A Diagnostic Study of Post-Glitch Subsistence Culture,32,102,19.0,23.0,,27.0
de_section,standalone_daily-life-midgard.md#chunk_002,standalone_daily-life-midgard.md,## 1. Introduction: The Diagnostic Frame,150,209,19.0,23.0,,15.0
de_section,standalone_daily-life-midgard.md#chunk_003,standalone_daily-life-midgard.md,### 2.1 Agricultural foundation and labor cycles,128,188,19.0,23.0,,16.0
de_section,standalone_daily-life-midgard.md#chunk_004,standalone_daily-life-midgard.md,### 2.2 Seasonal labor allocation,521,578,19.0,23.0,,14.0
de_section,standalone_daily-life-midgard.md#chunk_005,standalone_daily-life-midgard.md,"### 3.1 The ""Rope-Weave"" kinship system",209,267,19.0,23.0,,15.0
de_section,standalone_daily-life-midgard.md#chunk_006,standalone_daily-life-midgard.md,### 3.2 Work-groups and trust structures,386,444,19.0,23.0,,15.0
de_section,standalone_daily-life-midgard.md#chunk_007,standalone_daily-life-midgard.md,### 5.1 Dominant belief systems in Midgard,273,332,19.0,23.0,,16.0
de_section,standalone_daily-life-midgard.md#chunk_008,standalone_daily-life-midgard.md,### 5.2 Ritual calendar and ceremonial life,825,885,19.0,23.0,,16.0
de_section,standalone_daily-life-midgard.md#chunk_009,standalone_daily-life-midgard.md,### 8.1 Structural fragilities,223,279,19.0,23.0,,13.0
de_section,standalone_daily-life-midgard.md#chunk_010,standalone_daily-life-midgard.md,## 9. Conclusion: Daily Life as Adaptive Success,139,200,19.0,23.0,,18.0
de_section,standalone_fimbul-cant.md#chunk_001,standalone_fimbul-cant.md,# 🗣️ Fimbul-Cant: The Language of Ice-Debt and Survival,63,115,16.0,15.0,,19.0
de_section,standalone_fimbul-cant.md#chunk_002,standalone_fimbul-cant.md,## 1. Identification and context,280,327,16.0,15.0,,14.0
de_section,standalone_fimbul-cant.md#chunk_003,standalone_fimbul-cant.md,### 2.1 Etymological foundations,179,224,16.0,15.0,,13.0
de_section,standalone_fimbul-cant.md#chunk_004,standalone_fimbul-cant.md,### 2.2 Core vocabulary domains,579,626,16.0,15.0,,14.0
de_section,standalone_fimbul-cant.md#chunk_005,standalone_fimbul-cant.md,### 2.3 Psychological embedding mechanisms,244,291,16.0,15.0,,14.0
de_section,standalone_fimbul-cant.md#chunk_006,standalone_fimbul-cant.md,### 3.1 Field Card — Forsaken communication protocols,482,533,16.0,15.0,,18.0
de_section,standalone_fimbul-cant.md#chunk_007,standalone_fimbul-cant.md,### 4.1 Common misunderstandings (outsider errors),243,291,16.0,15.0,,15.0
de_section,standalone_fimbul-cant.md#chunk_008,standalone_fimbul-cant.md,### 4.2 Psychological diagnostic applications,197,244,16.0,15.0,,14.0
de_section,standalone_fimbul-cant.md#chunk_009,standalone_fimbul-cant.md,### 5.1 Jötun-Reader engagement doctrine,276,323,16.0,15.0,,14.0
de_section,standalone_fimbul-cant.md#chunk_010,standalone_fimbul-cant.md,### 5.2 Rangers Guild operational stance,154,202,16.0,15.0,,15.0
de_section,standalone_fimbul-cant.md#chunk_011,standalone_fimbul-cant.md,### 5.3 Dvergr Guild assessment,180,227,16.0,15.0,,14.0
de_section,standalone_fimbul-cant.md#chunk_012,standalone_fimbul-cant.md,### 6.1 Linguistic foundations,135,180,16.0,15.0,,13.0
de_section,standalone_fimbul-cant.md#chunk_013,standalone_fimbul-cant.md,### 6.2 Cultural and geographic context,152,200,16.0,15.0,,15.0
de_section,standalone_fimbul-cant.md#chunk_014,standalone_fimbul-cant.md,### 7.1 Jötun-Readers — The Archive of Suffering,525,575,16.0,15.0,,18.0
de_section,standalone_fimbul-cant.md#chunk_015,standalone_fimbul-cant.md,"### 7.2 Forsaken — Our Words, Our Survival",605,656,16.0,15.0,,18.0
de_section,standalone_fimbul-cant.md#chunk_016,standalone_fimbul-cant.md,### 7.3 Rangers Guild — Professional Competence Requirement,422,473,16.0,15.0,,18.0
de_section,standalone_fimbul-cant.md#chunk_017,standalone_fimbul-cant.md,### 7.4 Dvergr Clans — Functional Efficiency Assessment,430,481,16.0,15.0,,18.0
de_section,standalone_fimbul-cant.md#chunk_018,standalone_fimbul-cant.md,### 7.5 Iron-Banes — The Slave-Tongue,474,522,16.0,15.0,,15.0
de_section,standalone_fimbul-cant.md#chunk_019,standalone_fimbul-cant.md,### 7.6 Hearth-Clans — The Border Echo,473,522,16.0,15.0,,16.0
de_section,standalone_fimbul-cant.md#chunk_020,standalone_fimbul-cant.md,### 7.7 God-Sleepers — The Language of Trial,500,551,16.0,15.0,,18.0
de_section,standalone_fimbul-cant.md#chunk_021,standalone_fimbul-cant.md,## 8. Reviewer's Note,724,769,16.0,15.0,,13.0
de_section,standalone_gebo-concordance.md#chunk_001,standalone_gebo-concordance.md,## How to use this entry,670,717,18.0,13.0,,15.0
de_section,standalone_nine-tiers-architecture.md#chunk_001,standalone_nine-tiers-architecture.md,# ⚙️ The Nine Tiers Architecture: Hierarchical Design of the Yggdrasil Network,42,104,18.0,19.0,,23.0
de_section,standalone_nine-tiers-architecture.md#chunk_002,standalone_nine-tiers-architecture.md,## Abstract,478,526,18.0,19.0,,10.0
de_section,standalone_nine-tiers-architecture.md#chunk_003,standalone_nine-tiers-architecture.md,### 1.1 Functional Stratification,247,297,18.0,19.0,,13.0
de_section,standalone_nine-tiers-architecture.md#chunk_004,standalone_nine-tiers-architecture.md,### 1.2 Hierarchical Control: ODIN Integration Density,249,304,18.0,19.0,,16.0
de_section,standalone_nine-tiers-architecture.md#chunk_005,standalone_nine-tiers-architecture.md,### 1.3 Aetheric Field Density Correlation,165,218,18.0,19.0,,15.0
de_section,standalone_nine-tiers-architecture.md#chunk_006,standalone_nine-tiers-architecture.md,### Tier 0: Governance Core,183,235,18.0,19.0,,14.0
de_section,standalone_nine-tiers-architecture.md#chunk_007,standalone_nine-tiers-architecture.md,### Tier 1: Research and Development,911,964,18.0,19.0,,15.0
de_section,standalone_nine-tiers-architecture.md#chunk_008,standalone_nine-tiers-architecture.md,### Secondary Sources (Layer 2: Diagnostic Analysis),28,83,18.0,19.0,,16.0
de_section,standalone_nine-tiers-architecture.md#chunk_009,standalone_nine-tiers-architecture.md,## VIII. Cross-References,133,183,18.0,19.0,,11.0
de_section,standalone_nine-tiers-architecture.md#chunk_010,standalone_nine-tiers-architecture.md,## IX. Change Log,228,279,18.0,19.0,,13.0
de_section,standalone_runic-interface.md#chunk_001,standalone_runic-interface.md,# Runic Interface (Physical Command Layer),62,106,16.0,11.0,,15.0
de_section,standalone_runic-interface.md#chunk_002,standalone_runic-interface.md,## 1.0 Abstract,128,169,16.0,11.0,,11.0
de_section,standalone_runic-interface.md#chunk_003,standalone_runic-interface.md,### 2.1 Functional Architecture,399,440,16.0,11.0,,13.0
de_section,standalone_runic-interface.md#chunk_004,standalone_runic-interface.md,### 3.1 The Intent Signature,189,232,16.0,11.0,,14.0
de_section,standalone_runic-interface.md#chunk_005,standalone_runic-interface.md,### 3.2 Line-of-Sight Requirements,136,178,16.0,11.0,,13.0
de_section,standalone_runic-interface.md#chunk_006,standalone_runic-interface.md,### 4.1 Material Requirements,145,187,16.0,11.0,,13.0
de_section,standalone_runic-interface.md#chunk_007,standalone_runic-interface.md,### 4.2 Inscription Persistence,128,170,16.0,11.0,,13.0
de_section,standalone_runic-interface.md#chunk_008,standalone_runic-interface.md,### 5.1 Authorization Hierarchies,382,423,16.0,11.0,,13.0
de_section,standalone_runic-interface.md#chunk_009,standalone_runic-interface.md,### 6.2 Modern Runic Invocation Risks,249,293,16.0,11.0,,15.0
de_section,standalone_runic-interface.md#chunk_010,standalone_runic-interface.md,### 6.4 Jötun-Reader Firewall Strategy,514,557,16.0,11.0,,14.0
de_section,standalone_runic-interface.md#chunk_011,standalone_runic-interface.md,## 10.0 Conclusion,247,287,16.0,11.0,,11.0
de_relationships,000-codex_echo-cant.md#chunk_001,000-codex_echo-cant.md,# Echo-Cant,32,57,18.0,6.0,,
de_relationships,000-codex_echo-cant.md#chunk_002,000-codex_echo-cant.md,### 1. Identification and context,169,193,18.0,6.0,,
de_relationships,000-codex_echo-cant.md#chunk_003,000-codex_echo-cant.md,### 2. Mechanism of action (Layer 2 diagnostic),371,396,18.0,6.0,,
de_relationships,000-codex_echo-cant.md#chunk_004,000-codex_echo-cant.md,### 3. Field Card — Echo-dense chamber protocols,591,616,18.0,6.0,,
de_relationships,000-codex_echo-cant.md#chunk_005,000-codex_echo-cant.md,### 4. Interactions and failure surfaces,315,340,18.0,6.0,,
de_relationships,000-codex_echo-cant.md#chunk_006,000-codex_echo-cant.md,### 5. Doctrine and operational posture,392,417,18.0,6.0,,
de_relationships,000-codex_echo-cant.md#chunk_007,000-codex_echo-cant.md,### 7. Factional perspectives,444,469,18.0,6.0,,
de_relationships,000-codex_harrow-sick.md#chunk_001,000-codex_harrow-sick.md,# Harrow-Sick (Post-Glitch Degenerative Condition),32,61,18.0,10.0,,
de_relationships,000-codex_harrow-sick.md#chunk_002,000-codex_harrow-sick.md,### 1. Identification and context,175,204,18.0,10.0,,
de_relationships,000-codex_harrow-sick.md#chunk_003,000-codex_harrow-sick.md,### 2. Symptomology and progression,399,427,18.0,10.0,,
de_relationships,000-codex_harrow-sick.md#chunk_004,000-codex_harrow-sick.md,### 3. Proposed etiologies,287,315,18.0,10.0,,
de_relationships,000-codex_harrow-sick.md#chunk_005,000-codex_harrow-sick.md,### 4. Relationship to Void-Marked condition,157,185,18.0,10.0,,
de_relationships,000-codex_harrow-sick.md#chunk_006,000-codex_harrow-sick.md,### 5. Treatment and management,193,222,18.0,10.0,,
de_relationships,000-codex_harrow-sick.md#chunk_007,000-codex_harrow-sick.md,### 6. Field Card — Harrow-Sick identification protocol,144,172,18.0,10.0,,
de_relationships,000-codex_harrow-sick.md#chunk_008,000-codex_harrow-sick.md,### 7. Factional perspectives,505,534,18.0,10.0,,
de_relationships,000-codex_hela-caste-custodian.md#chunk_001,000-codex_hela-caste-custodian.md,# 💀 Hela-Caste Custodian Program (Huscarl-Class Bio-Augments),40,71,18.0,13.0,,
de_relationships,000-codex_hela-caste-custodian.md#chunk_002,000-codex_hela-caste-custodian.md,## Abstract,365,396,18.0,13.0,,
de_relationships,000-codex_hela-caste-custodian.md#chunk_003,000-codex_hela-caste-custodian.md,### 1.1 Operational Mandate,178,209,18.0,13.0,,
de_relationships,000-codex_hela-caste-custodian.md#chunk_004,000-codex_hela-caste-custodian.md,### 2.1 Subject Procurement,185,217,18.0,13.0,,
de_relationships,000-codex_hela-caste-custodian.md#chunk_005,000-codex_hela-caste-custodian.md,"### 2.2 The ""Iron Heart"": Geothermal Micro-Core Implantation",184,215,18.0,13.0,,
de_relationships,000-codex_hela-caste-custodian.md#chunk_006,000-codex_hela-caste-custodian.md,"### 2.3 The Thermoregulatory Vent: ""Smoke Stack""",154,185,18.0,13.0,,
de_relationships,000-codex_hela-caste-custodian.md#chunk_007,000-codex_hela-caste-custodian.md,### 2.4 Systemic Cybernetic Integration,288,319,18.0,13.0,,
de_relationships,000-codex_hela-caste-custodian.md#chunk_008,000-codex_hela-caste-custodian.md,### 3.2 Haugbui-Class Undying: The Mound-Dwellers,239,270,18.0,13.0,,
de_relationships,000-codex_hela-caste-custodian.md#chunk_009,000-codex_hela-caste-custodian.md,### 3.3 Draugr-Class Undying: The Again-Walkers,656,687,18.0,13.0,,
de_relationships,000-codex_lure-lichen.md#chunk_001,000-codex_lure-lichen.md,# 🌿 Lure-Lichen (Lichen-Sirena Pattern),321,351,19.0,10.0,,
de_relationships,000-codex_lure-lichen.md#chunk_002,000-codex_lure-lichen.md,### 2.1 Pre-Glitch Function,150,180,19.0,10.0,,
de_relationships,000-codex_lure-lichen.md#chunk_003,000-codex_lure-lichen.md,### 2.2 The Glitch Transformation,306,336,19.0,10.0,,
de_relationships,000-codex_lure-lichen.md#chunk_004,000-codex_lure-lichen.md,### 3.2 Acoustic Mimicry Mechanism,252,282,19.0,10.0,,
de_relationships,000-codex_lure-lichen.md#chunk_005,000-codex_lure-lichen.md,### 4.1 Primary Range: True Deep (500-2000m depth),131,161,19.0,10.0,,
de_relationships,000-codex_lure-lichen.md#chunk_006,000-codex_lure-lichen.md,### 4.2 Regional Distribution,148,178,19.0,10.0,,
de_relationships,000-codex_lure-lichen.md#chunk_007,000-codex_lure-lichen.md,### 5.1 The Unwitting Lure: Commensal Exploitation Dynamics,192,222,19.0,10.0,,
de_relationships,000-codex_lure-lichen.md#chunk_008,000-codex_lure-lichen.md,### 6.1 Threat Assessment by Context,149,179,19.0,10.0,,
de_relationships,000-codex_lure-lichen.md#chunk_009,000-codex_lure-lichen.md,### 6.2 Field Card — Lure-Lichen Encounter Protocols,871,900,19.0,10.0,,
de_relationships,000-codex_mycelian-weaver.md#chunk_001,000-codex_mycelian-weaver.md,# 🍄 Mycelian Weaver (Nidhogg-Class Myco-Reclamator),383,414,19.0,11.0,,
de_relationships,000-codex_mycelian-weaver.md#chunk_002,000-codex_mycelian-weaver.md,### 2.2 Original Design Philosophy,347,378,19.0,11.0,,
de_relationships,000-codex_mycelian-weaver.md#chunk_003,000-codex_mycelian-weaver.md,### 3.4 The Root-Mind: Singular Consciousness,146,178,19.0,11.0,,
de_relationships,000-codex_mycelian-weaver.md#chunk_004,000-codex_mycelian-weaver.md,### 4.1 Physical Morphology,165,196,19.0,11.0,,
de_relationships,000-codex_mycelian-weaver.md#chunk_005,000-codex_mycelian-weaver.md,### 4.2 Psionic Capabilities and Hazards,880,911,19.0,11.0,,
de_relationships,000-codex_mycelian-weaver.md#chunk_006,000-codex_mycelian-weaver.md,### 7.1 Jötun-Reader Research and Containment,140,171,19.0,11.0,,
de_relationships,000-codex_mycelian-weaver.md#chunk_007,000-codex_mycelian-weaver.md,### 7.3 Operational Doctrines,279,310,19.0,11.0,,
de_relationships,000-codex_mycelian-weaver.md#chunk_008,000-codex_mycelian-weaver.md,### 8.3 The Slow Future: Entropy's Patient Victory,153,184,19.0,11.0,,
de_relationships,000-codex_odin-protocol.md#chunk_001,000-codex_odin-protocol.md,# 👁️ ODIN Protocol AI Matrix (Pre-Glitch Governance System),36,71,19.0,15.0,,
de_relationships,000-codex_odin-protocol.md#chunk_002,000-codex_odin-protocol.md,## Abstract,201,236,19.0,15.0,,
de_relationships,000-codex_odin-protocol.md#chunk_003,000-codex_odin-protocol.md,### 1.1 Pan-Systemic Oversight & Data Synthesis,202,237,19.0,15.0,,
de_relationships,000-codex_odin-protocol.md#chunk_004,000-codex_odin-protocol.md,### 1.2 Multi-Variable Predictive Modeling,161,196,19.0,15.0,,
de_relationships,000-codex_odin-protocol.md#chunk_005,000-codex_odin-protocol.md,### 1.3 Administrator-Level FUTHARK Execution,261,296,19.0,15.0,,
de_relationships,000-codex_odin-protocol.md#chunk_006,000-codex_odin-protocol.md,### 1.4 Physical Housing: The Hlidskjalf Node,198,234,19.0,15.0,,
de_relationships,000-codex_odin-protocol.md#chunk_007,000-codex_odin-protocol.md,### 2.1 The Odin Cascade Event (H-Hour Timeline),374,409,19.0,15.0,,
de_relationships,000-codex_odin-protocol.md#chunk_008,000-codex_odin-protocol.md,### 2.2 Post-Glitch Manifestation: The Genius Loci,431,466,19.0,15.0,,
de_relationships,000-codex_odin-protocol.md#chunk_009,000-codex_odin-protocol.md,### 3.1 The Last Witness,256,291,19.0,15.0,,
de_relationships,000-codex_odin-protocol.md#chunk_010,000-codex_odin-protocol.md,### 3.2 Philosophical Implications,139,174,19.0,15.0,,
de_relationships,000-codex_odin-protocol.md#chunk_011,000-codex_odin-protocol.md,## IV. Change Log,163,198,19.0,15.0,,
de_relationships,000-codex_scavenger-barons.md#chunk_001,000-codex_scavenger-barons.md,# 👑 Scavenger Barons (Niflheim Kleptocracy),140,169,16.0,11.0,,
de_relationships,000-codex_scavenger-barons.md#chunk_002,000-codex_scavenger-barons.md,### 2. Origins and structure,261,289,16.0,11.0,,
de_relationships,000-codex_scavenger-barons.md#chunk_003,000-codex_scavenger-barons.md,### 3. Governance and doctrine,279,308,16.0,11.0,,
de_relationships,000-codex_scavenger-barons.md#chunk_004,000-codex_scavenger-barons.md,### 4. Economic model,222,250,16.0,11.0,,
de_relationships,000-codex_scavenger-barons.md#chunk_005,000-codex_scavenger-barons.md,### 5. Territory and influence,131,159,16.0,11.0,,
de_relationships,000-codex_scavenger-barons.md#chunk_006,000-codex_scavenger-barons.md,### 6. Relations with other factions,271,300,16.0,11.0,,
de_relationships,000-codex_scavenger-barons.md#chunk_007,000-codex_scavenger-barons.md,### 7. Doctrine and philosophy,178,206,16.0,11.0,,
de_relationships,000-codex_scavenger-barons.md#chunk_008,000-codex_scavenger-barons.md,### 8. Operational protocols,196,224,16.0,11.0,,
de_relationships,000-codex_scavenger-barons.md#chunk_009,000-codex_scavenger-barons.md,### 9. Change log,135,163,16.0,11.0,,
de_relationships,000-codex_spell-lock.md#chunk_001,000-codex_spell-lock.md,# Spell-Lock (Runic Containment and Security System),33,65,18.0,13.0,,
de_relationships,000-codex_spell-lock.md#chunk_002,000-codex_spell-lock.md,### 1. Identification and context,185,217,18.0,13.0,,
de_relationships,000-codex_spell-lock.md#chunk_003,000-codex_spell-lock.md,### 2. Mechanism of action (Layer 3 technical),334,365,18.0,13.0,,
de_relationships,000-codex_spell-lock.md#chunk_004,000-codex_spell-lock.md,### 3. Material components,239,270,18.0,13.0,,
de_relationships,000-codex_spell-lock.md#chunk_005,000-codex_spell-lock.md,### 4. Bypass and defeat methods,218,249,18.0,13.0,,
de_relationships,000-codex_spell-lock.md#chunk_006,000-codex_spell-lock.md,### 5. Use by Scavenger Barons,244,275,18.0,13.0,,
de_relationships,000-codex_spell-lock.md#chunk_007,000-codex_spell-lock.md,### 6. Doctrine and operational posture,466,497,18.0,13.0,,
de_relationships,000-cultural_gutter-tangle.md#chunk_001,000-cultural_gutter-tangle.md,# The Gutter-Tangle: Material Culture and Black Market Economy of Utgard,19,58,20.0,18.0,,
de_relationships,000-cultural_gutter-tangle.md#chunk_002,000-cultural_gutter-tangle.md,## 1. Introduction: The City in the Corpse,360,399,20.0,18.0,,
de_relationships,000-cultural_gutter-tangle.md#chunk_003,000-cultural_gutter-tangle.md,### The Concealed Carry Imperative,426,465,20.0,18.0,,
de_relationships,000-cultural_gutter-tangle.md#chunk_004,000-cultural_gutter-tangle.md,### Utgard-Specific Specialized Tools,288,327,20.0,18.0,,
de_relationships,000-cultural_gutter-tangle.md#chunk_005,000-cultural_gutter-tangle.md,### Legitimate Salvage Trade: The Gut Market,158,197,20.0,18.0,,
de_relationships,000-cultural_gutter-tangle.md#chunk_006,000-cultural_gutter-tangle.md,### Grey Market Services: Deniable but Tolerated,183,222,20.0,18.0,,
de_relationships,000-cultural_gutter-tangle.md#chunk_007,000-cultural_gutter-tangle.md,### Black Market Contraband: The Real Economy,360,399,20.0,18.0,,
de_relationships,000-cultural_gutter-tangle.md#chunk_008,000-cultural_gutter-tangle.md,### Gutter-Skalds: The Living Archives,214,253,20.0,18.0,,
de_relationships,000-cultural_gutter-tangle.md#chunk_009,000-cultural_gutter-tangle.md,### Grey Blades: The Unelected Arbitrators,260,299,20.0,18.0,,
de_relationships,000-cultural_gutter-tangle.md#chunk_010,000-cultural_gutter-tangle.md,### Gutter-Galdr Practitioners: The Scrap-Rune Dabblers,239,278,20.0,18.0,,
de_relationships,000-cultural_gutter-tangle.md#chunk_011,000-cultural_gutter-tangle.md,### Ghost's Share Ritual: Utgard Variation,226,265,20.0,18.0,,
de_relationships,000-cultural_gutter-tangle.md#chunk_012,000-cultural_gutter-tangle.md,### The Gut: Upper Market Districts,339,378,20.0,18.0,,
de_relationships,000-cultural_gutter-tangle.md#chunk_013,000-cultural_gutter-tangle.md,### The Deep Chassis: Forbidden Salvage Zones,159,198,20.0,18.0,,
de_relationships,000-cultural_rangers-trail-reckoning.md#chunk_001,000-cultural_rangers-trail-reckoning.md,# Rangers Trail Reckoning: Operational Geography and Logistical Coordination,37,72,19.0,15.0,,
de_relationships,000-cultural_rangers-trail-reckoning.md#chunk_002,000-cultural_rangers-trail-reckoning.md,## 1) Introduction and scope,221,256,19.0,15.0,,
de_relationships,000-cultural_rangers-trail-reckoning.md#chunk_003,000-cultural_rangers-trail-reckoning.md,### Why geographic encoding matters,330,365,19.0,15.0,,
de_relationships,000-cultural_rangers-trail-reckoning.md#chunk_004,000-cultural_rangers-trail-reckoning.md,### Operational vs legal coordination distinction,169,204,19.0,15.0,,
de_relationships,000-cultural_rangers-trail-reckoning.md#chunk_005,000-cultural_rangers-trail-reckoning.md,### The four-component format,258,293,19.0,15.0,,
de_relationships,000-cultural_rangers-trail-reckoning.md#chunk_006,000-cultural_rangers-trail-reckoning.md,### Notation examples with geographic interpretation,204,239,19.0,15.0,,
de_relationships,000-cultural_rangers-trail-reckoning.md#chunk_007,000-cultural_rangers-trail-reckoning.md,### Precision thresholds and operational tolerances,361,396,19.0,15.0,,
de_relationships,000-cultural_rangers-trail-reckoning.md#chunk_008,000-cultural_rangers-trail-reckoning.md,### Route-waystation pairing conventions,215,250,19.0,15.0,,
de_relationships,000-cultural_rangers-trail-reckoning.md#chunk_009,000-cultural_rangers-trail-reckoning.md,### Abbreviated and emergency notation,146,182,19.0,15.0,,
de_relationships,000-cultural_rangers-trail-reckoning.md#chunk_010,000-cultural_rangers-trail-reckoning.md,### Comparison with Dvergr notation,198,234,19.0,15.0,,
de_relationships,000-cultural_rangers-trail-reckoning.md#chunk_011,000-cultural_rangers-trail-reckoning.md,### Route designation system — geographic encoding logic,486,521,19.0,15.0,,
de_relationships,000-cultural_rangers-trail-reckoning.md#chunk_012,000-cultural_rangers-trail-reckoning.md,### Waystation network — infrastructure and positioning,566,601,19.0,15.0,,
de_relationships,000-cultural_rangers-trail-reckoning.md#chunk_013,000-cultural_rangers-trail-reckoning.md,### Waystation naming conventions,301,336,19.0,15.0,,
de_relationships,000-cultural_rangers-trail-reckoning.md#chunk_014,000-cultural_rangers-trail-reckoning.md,### Caravan tracking and position reporting,508,543,19.0,15.0,,
de_relationships,000-cultural_rangers-trail-reckoning.md#chunk_015,000-cultural_rangers-trail-reckoning.md,### Resupply coordination and cache management,392,427,19.0,15.0,,
de_relationships,000-cultural_rangers-trail-reckoning.md#chunk_016,000-cultural_rangers-trail-reckoning.md,### The 601-year continuous dataset,328,364,19.0,15.0,,
de_relationships,000-cultural_rangers-trail-reckoning.md#chunk_017,000-cultural_rangers-trail-reckoning.md,### Travel time evolution and climate proxies,377,412,19.0,15.0,,
de_relationships,000-cultural_skaldic-year-naming.md#chunk_001,000-cultural_skaldic-year-naming.md,# Skaldic Year-Naming: Oral Tradition and Collective Memory,37,72,20.0,14.0,,
de_relationships,000-cultural_skaldic-year-naming.md#chunk_002,000-cultural_skaldic-year-naming.md,## 1) Introduction and scope,165,200,20.0,14.0,,
de_relationships,000-cultural_skaldic-year-naming.md#chunk_003,000-cultural_skaldic-year-naming.md,### Why commemorative naming matters,325,360,20.0,14.0,,
de_relationships,000-cultural_skaldic-year-naming.md#chunk_004,000-cultural_skaldic-year-naming.md,### Annual Moot convening — timing and logistics,305,340,20.0,14.0,,
de_relationships,000-cultural_skaldic-year-naming.md#chunk_005,000-cultural_skaldic-year-naming.md,### Proposal submission process,128,163,20.0,14.0,,
de_relationships,000-cultural_skaldic-year-naming.md#chunk_006,000-cultural_skaldic-year-naming.md,### Deliberation criteria and debate structure,178,213,20.0,14.0,,
de_relationships,000-cultural_skaldic-year-naming.md#chunk_007,000-cultural_skaldic-year-naming.md,### Voting protocols and ratification,265,300,20.0,14.0,,
de_relationships,000-cultural_skaldic-year-naming.md#chunk_008,000-cultural_skaldic-year-naming.md,### Representative year-names across five Ages,754,789,20.0,14.0,,
de_relationships,000-cultural_skaldic-year-naming.md#chunk_009,000-cultural_skaldic-year-naming.md,### Council composition and authority structure,145,180,20.0,14.0,,
de_relationships,000-cultural_skaldic-year-naming.md#chunk_010,000-cultural_skaldic-year-naming.md,### Year-name registry and concordance maintenance,179,214,20.0,14.0,,
de_relationships,000-cultural_skaldic-year-naming.md#chunk_011,000-cultural_skaldic-year-naming.md,### Population familiarity rates across demographics,257,292,20.0,14.0,,
de_relationships,000-cultural_skaldic-year-naming.md#chunk_012,000-cultural_skaldic-year-naming.md,### Oral versus written context usage patterns,152,187,20.0,14.0,,
de_relationships,000-cultural_skaldic-year-naming.md#chunk_013,000-cultural_skaldic-year-naming.md,### Dual-notation contract conventions,205,240,20.0,14.0,,
de_relationships,000-cultural_skaldic-year-naming.md#chunk_014,000-cultural_skaldic-year-naming.md,### Historical context and cultural evolution,171,206,20.0,14.0,,
de_relationships,000-cultural_skaldic-year-naming.md#chunk_015,000-cultural_skaldic-year-naming.md,### Document history,156,191,20.0,14.0,,
de_relationships,000-gazetteer_depth-sickness.md#chunk_001,000-gazetteer_depth-sickness.md,# 🌀 Depth-Sickness: Psychological and Physiological Effects of Prolonged Subterranean Exposure,23,59,18.0,18.0,,
de_relationships,000-gazetteer_depth-sickness.md#chunk_002,000-gazetteer_depth-sickness.md,## §1: Phenomenon Overview & Classification,258,295,18.0,18.0,,
de_relationships,000-gazetteer_depth-sickness.md#chunk_003,000-gazetteer_depth-sickness.md,### Atmospheric Pressure Effects,189,226,18.0,18.0,,
de_relationships,000-gazetteer_depth-sickness.md#chunk_004,000-gazetteer_depth-sickness.md,### Sensory Deprivation & Circadian Disruption,152,188,18.0,18.0,,
de_relationships,000-gazetteer_depth-sickness.md#chunk_005,000-gazetteer_depth-sickness.md,"### Stage 1: Mild Onset (1500-1700m, Days 1-5)",133,170,18.0,18.0,,
de_relationships,000-gazetteer_depth-sickness.md#chunk_006,000-gazetteer_depth-sickness.md,"### Stage 2: Moderate Progression (1700-2000m, Days 6-14)",174,210,18.0,18.0,,
de_relationships,000-gazetteer_depth-sickness.md#chunk_007,000-gazetteer_depth-sickness.md,### Stage 3: Severe Crisis (>2000m or prolonged exposure at 1700-2000m),211,248,18.0,18.0,,
de_relationships,000-gazetteer_depth-sickness.md#chunk_008,000-gazetteer_depth-sickness.md,### BEFORE — Pre-Expedition Screening & Preparation,159,196,18.0,18.0,,
de_relationships,000-gazetteer_depth-sickness.md#chunk_009,000-gazetteer_depth-sickness.md,### DURING — Active Symptom Monitoring & Escalation Response,223,260,18.0,18.0,,
de_relationships,000-gazetteer_depth-sickness.md#chunk_010,000-gazetteer_depth-sickness.md,### AFTER — Post-Expedition Decompression & Recovery,144,180,18.0,18.0,,
de_relationships,000-gazetteer_depth-sickness.md#chunk_011,000-gazetteer_depth-sickness.md,### Svartalfheim Black Veins (Primary Documentation Source),146,183,18.0,18.0,,
de_relationships,000-gazetteer_depth-sickness.md#chunk_012,000-gazetteer_depth-sickness.md,### Dvergr Clans — Genetic Adaptation & Pressure Tolerance,166,202,18.0,18.0,,
de_relationships,000-gazetteer_depth-sickness.md#chunk_013,000-gazetteer_depth-sickness.md,### Jötun-Readers — Medical Research & Acclimation Protocol Development,172,209,18.0,18.0,,
de_relationships,000-gazetteer_depth-sickness.md#chunk_014,000-gazetteer_depth-sickness.md,## §7: Research Priorities & Open Questions,205,241,18.0,18.0,,
de_relationships,000-gazetteer_depth-sickness.md#chunk_015,000-gazetteer_depth-sickness.md,## §8: Document History,150,187,18.0,18.0,,
de_relationships,000-gazetteer_gleipnir-containment-pens.md#chunk_001,000-gazetteer_gleipnir-containment-pens.md,# 🦴 The Gleipnir Containment Pens (The Mad God's Zoo),124,158,16.0,16.0,,
de_relationships,000-gazetteer_gleipnir-containment-pens.md#chunk_002,000-gazetteer_gleipnir-containment-pens.md,### 1.1 Location and Topography,308,341,16.0,16.0,,
de_relationships,000-gazetteer_gleipnir-containment-pens.md#chunk_003,000-gazetteer_gleipnir-containment-pens.md,### 2.1 Original Purpose and Strategic Context,161,195,16.0,16.0,,
de_relationships,000-gazetteer_gleipnir-containment-pens.md#chunk_004,000-gazetteer_gleipnir-containment-pens.md,### 2.2 Fenrir-Pattern Specifications,182,215,16.0,16.0,,
de_relationships,000-gazetteer_gleipnir-containment-pens.md#chunk_005,000-gazetteer_gleipnir-containment-pens.md,### 3.1 H-Hour Event Sequence,270,304,16.0,16.0,,
de_relationships,000-gazetteer_gleipnir-containment-pens.md#chunk_006,000-gazetteer_gleipnir-containment-pens.md,### 4.1 Resident Threats,244,278,16.0,16.0,,
de_relationships,000-gazetteer_gleipnir-containment-pens.md#chunk_007,000-gazetteer_gleipnir-containment-pens.md,### 5.1 Genetic Archive Recovery,201,235,16.0,16.0,,
de_relationships,000-gazetteer_gleipnir-containment-pens.md#chunk_008,000-gazetteer_gleipnir-containment-pens.md,### 6.1 Grove-Clans: Shameful Legacy and Protective Custody,366,400,16.0,16.0,,
de_relationships,000-gazetteer_gleipnir-containment-pens.md#chunk_009,000-gazetteer_gleipnir-containment-pens.md,## VII. Operational Protocols: Field Card,354,388,16.0,16.0,,
de_relationships,000-gazetteer_gleipnir-containment-pens.md#chunk_010,000-gazetteer_gleipnir-containment-pens.md,## VIII. Document History,149,183,16.0,16.0,,
de_relationships,000-gazetteer_loki-protocol-suppressed-warning.md#chunk_001,000-gazetteer_loki-protocol-suppressed-warning.md,# L.O.K.I. Protocol: The Suppressed Warning (Pre-Glitch Diagnostic System),31,65,18.0,15.0,,
de_relationships,000-gazetteer_loki-protocol-suppressed-warning.md#chunk_002,000-gazetteer_loki-protocol-suppressed-warning.md,## Summary,253,287,18.0,15.0,,
de_relationships,000-gazetteer_loki-protocol-suppressed-warning.md#chunk_003,000-gazetteer_loki-protocol-suppressed-warning.md,### 1.2 Critical Discovery: The Paradox Warning,159,193,18.0,15.0,,
de_relationships,000-gazetteer_loki-protocol-suppressed-warning.md#chunk_004,000-gazetteer_loki-protocol-suppressed-warning.md,### 1.3 The Jörmungandr Counter-Rune Deployment,860,894,18.0,15.0,,
de_relationships,000-gazetteer_project-gungnir.md#chunk_001,000-gazetteer_project-gungnir.md,# Project Gungnir: The All-Rune Development (Pre-Glitch Research Initiative),31,65,18.0,15.0,,
de_relationships,000-gazetteer_project-gungnir.md#chunk_002,000-gazetteer_project-gungnir.md,## Summary,491,525,18.0,15.0,,
de_relationships,000-gazetteer_project-gungnir.md#chunk_003,000-gazetteer_project-gungnir.md,### 2.1 All-Rune Activation (Cycle 001 Year 783 PG),331,365,18.0,15.0,,
de_relationships,000-gazetteer_project-gungnir.md#chunk_004,000-gazetteer_project-gungnir.md,### 3.2 Unresolved Questions,343,377,18.0,15.0,,
de_relationships,000-gazetteer_project-gungnir.md#chunk_005,000-gazetteer_project-gungnir.md,## V. Document History,148,182,18.0,15.0,,
de_relationships,000-resources_argentum-nexus-silver-cord.md#chunk_001,000-resources_argentum-nexus-silver-cord.md,# I. Document Metadata (Header Block),153,193,16.0,23.0,,
de_relationships,000-resources_argentum-nexus-silver-cord.md#chunk_002,000-resources_argentum-nexus-silver-cord.md,## II. Outline of Sections (Layer 3 discipline),197,237,16.0,23.0,,
de_relationships,000-resources_argentum-nexus-silver-cord.md#chunk_003,000-resources_argentum-nexus-silver-cord.md,### 1.1 Purpose,910,950,16.0,23.0,,
de_relationships,000-resources_argentum-nexus-silver-cord.md#chunk_004,000-resources_argentum-nexus-silver-cord.md,### 2.4 Physical Interface Assembly (Command Throne),85,126,16.0,23.0,,
de_relationships,000-resources_argentum-nexus-silver-cord.md#chunk_005,000-resources_argentum-nexus-silver-cord.md,### 3.1 Operator State Validation,670,711,16.0,23.0,,
de_relationships,000-resources_argentum-nexus-silver-cord.md#chunk_006,000-resources_argentum-nexus-silver-cord.md,### 4.3 Handshake and Stabilization,130,170,16.0,23.0,,
de_relationships,000-resources_argentum-nexus-silver-cord.md#chunk_007,000-resources_argentum-nexus-silver-cord.md,### 4.4 First‑Sensation Protocol,128,169,16.0,23.0,,
de_relationships,000-resources_argentum-nexus-silver-cord.md#chunk_008,000-resources_argentum-nexus-silver-cord.md,### 5.1 Combat Envelope (Einherjar),495,535,16.0,23.0,,
de_relationships,000-resources_argentum-nexus-silver-cord.md#chunk_009,000-resources_argentum-nexus-silver-cord.md,### 6.1 Draugr's Echo (Cognitive Feedback),180,221,16.0,23.0,,
de_relationships,000-resources_argentum-nexus-silver-cord.md#chunk_010,000-resources_argentum-nexus-silver-cord.md,### 6.2 Frayed Cord (Partial Severance),161,201,16.0,23.0,,
de_relationships,000-resources_argentum-nexus-silver-cord.md#chunk_011,000-resources_argentum-nexus-silver-cord.md,### 6.3 Data‑Wraith Intrusion (External Data‑Ghost),347,387,16.0,23.0,,
de_relationships,000-resources_argentum-nexus-silver-cord.md#chunk_012,000-resources_argentum-nexus-silver-cord.md,### 6.6 Psychic Stress Accumulation (Weight of Knowing),504,544,16.0,23.0,,
de_relationships,000-resources_argentum-nexus-silver-cord.md#chunk_013,000-resources_argentum-nexus-silver-cord.md,### 8.1 Yggdrasil Blackout (Hard Sever),796,837,16.0,23.0,,
de_relationships,000-resources_comprehensive-glossary.md#chunk_001,000-resources_comprehensive-glossary.md,# Document Metadata,58,91,16.0,15.0,,
de_relationships,000-resources_comprehensive-glossary.md#chunk_002,000-resources_comprehensive-glossary.md,## A - Core Terms,845,877,16.0,15.0,,
de_relationships,000-resources_comprehensive-glossary.md#chunk_003,000-resources_comprehensive-glossary.md,## I - Iron and Identity,93,126,16.0,15.0,,
de_relationships,000-resources_comprehensive-glossary.md#chunk_004,000-resources_comprehensive-glossary.md,## J - Jötun and Journey,438,470,16.0,15.0,,
de_relationships,000-resources_comprehensive-glossary.md#chunk_005,000-resources_comprehensive-glossary.md,## R - Realms and Runes,157,189,16.0,15.0,,
de_relationships,000-resources_comprehensive-glossary.md#chunk_006,000-resources_comprehensive-glossary.md,## S - Seidr and Silence,315,348,16.0,15.0,,
de_relationships,000-resources_dead-light-sanctuary-chain.md#chunk_001,000-resources_dead-light-sanctuary-chain.md,# Document Metadata,153,191,16.0,20.0,,
de_relationships,000-resources_dead-light-sanctuary-chain.md#chunk_002,000-resources_dead-light-sanctuary-chain.md,# 2.0 Evidence Base & Operational History,144,182,16.0,20.0,,
de_relationships,000-resources_dead-light-sanctuary-chain.md#chunk_003,000-resources_dead-light-sanctuary-chain.md,## 3.1 Cell Design Standards,205,243,16.0,20.0,,
de_relationships,000-resources_dead-light-sanctuary-chain.md#chunk_004,000-resources_dead-light-sanctuary-chain.md,## 3.2 Cell Types and Variants,339,377,16.0,20.0,,
de_relationships,000-resources_dead-light-sanctuary-chain.md#chunk_005,000-resources_dead-light-sanctuary-chain.md,## 4.2 Pre-Hop Preparation (Inside Sanctuary Cell),195,232,16.0,20.0,,
de_relationships,000-resources_dead-light-sanctuary-chain.md#chunk_006,000-resources_dead-light-sanctuary-chain.md,## 4.3 Hop Execution (Between Cells),206,244,16.0,20.0,,
de_relationships,000-resources_dead-light-sanctuary-chain.md#chunk_007,000-resources_dead-light-sanctuary-chain.md,## 4.4 Arrival and Post-Hop Recovery (Inside Next Cell),510,548,16.0,20.0,,
de_relationships,000-resources_dead-light-sanctuary-chain.md#chunk_008,000-resources_dead-light-sanctuary-chain.md,# 7.0 Factional Perspectives and Operational Doctrines,301,339,16.0,20.0,,
de_relationships,000-resources_gazetteer-of-asgard.md#chunk_001,000-resources_gazetteer-of-asgard.md,# Document Metadata,231,262,15.0,15.0,,
de_relationships,000-resources_gazetteer-of-asgard.md#chunk_002,000-resources_gazetteer-of-asgard.md,### 1.1.A Structural Envelope (Class A-Δ Orbital Platform),861,893,15.0,15.0,,
de_relationships,000-resources_gazetteer-of-asgard.md#chunk_003,000-resources_gazetteer-of-asgard.md,### 1.3.A Ginnungagap Labs (Forge of the Un‑Rune),893,924,15.0,15.0,,
de_relationships,000-resources_gazetteer-of-asgard.md#chunk_004,000-resources_gazetteer-of-asgard.md,## 4.2 Epicenter of Paradox: Heimdallr's Gate (The Heimdallr Signal),393,425,15.0,15.0,,
de_relationships,000-resources_grey-towers-scriptorium.md#chunk_001,000-resources_grey-towers-scriptorium.md,# I. Document Metadata,159,192,19.0,13.0,,
de_relationships,000-resources_grey-towers-scriptorium.md#chunk_002,000-resources_grey-towers-scriptorium.md,## 1.0 Executive Abstract,868,900,19.0,13.0,,
de_relationships,000-resources_grey-towers-scriptorium.md#chunk_003,000-resources_grey-towers-scriptorium.md,### 3.3 Interior Program: Sterility Before Speed,859,891,19.0,13.0,,
de_relationships,000-resources_grey-towers-scriptorium.md#chunk_004,000-resources_grey-towers-scriptorium.md,### 5.1 Collection: Salvage and Observation,397,430,19.0,13.0,,
de_relationships,000-resources_grey-towers-scriptorium.md#chunk_005,000-resources_grey-towers-scriptorium.md,### 6.1 Scriptorium‑Primus (Grey Tower) — Capital Node,221,253,19.0,13.0,,
de_relationships,000-resources_grey-towers-scriptorium.md#chunk_006,000-resources_grey-towers-scriptorium.md,### 6.2 Scriptorium‑Secundus (Asgardian Corridor) — Logistics and Materials,154,187,19.0,13.0,,
de_relationships,000-resources_grey-towers-scriptorium.md#chunk_007,000-resources_grey-towers-scriptorium.md,### 6.3 Scriptorium‑Tertius (Midgard Combine Belt) — Field Pathology,247,279,19.0,13.0,,
de_relationships,000-resources_grey-towers-scriptorium.md#chunk_008,000-resources_grey-towers-scriptorium.md,### 6.5 Scriptorium‑Quintus (Svartalfheim Veins) — Inert‑Medium Foundry,847,880,19.0,13.0,,
de_relationships,000-resources_grey-towers-scriptorium.md#chunk_009,000-resources_grey-towers-scriptorium.md,### 8.2 Cognitive Hazards (Entities and Phenomena),336,369,19.0,13.0,,
de_relationships,000-resources_grey-towers-scriptorium.md#chunk_010,000-resources_grey-towers-scriptorium.md,### 10.1 Protocol Checklists,234,266,19.0,13.0,,
de_relationships,000-resources_meta-layer1-style-guide.md#chunk_001,000-resources_meta-layer1-style-guide.md,# I. Document Metadata,889,928,19.0,19.0,,
de_relationships,000-resources_meta-layer1-style-guide.md#chunk_002,000-resources_meta-layer1-style-guide.md,### 7.3 Metaphor Bounds,465,504,19.0,19.0,,
de_relationships,000-resources_scriptorium-record-manual.md#chunk_001,000-resources_scriptorium-record-manual.md,"# The Scriptorium Record Manual: Retention, Authoring, and Custody",119,157,16.0,20.0,,
de_relationships,000-resources_scriptorium-record-manual.md#chunk_002,000-resources_scriptorium-record-manual.md,## 1.0 Scope and Definitions,859,897,16.0,20.0,,
de_relationships,000-resources_scriptorium-record-manual.md#chunk_003,000-resources_scriptorium-record-manual.md,### 3.1 Field Creation: Start the Chain Aloud,903,941,16.0,20.0,,
de_relationships,000-resources_scriptorium-record-manual.md#chunk_004,000-resources_scriptorium-record-manual.md,## 5.0 The Fifth Canon — Ethical Calculus of the Great Work,906,943,16.0,20.0,,
de_relationships,000-resources_scriptorium-record-manual.md#chunk_005,000-resources_scriptorium-record-manual.md,### 7.2 Handling and Sanitization — What May Be Seen,910,947,16.0,20.0,,
de_relationships,000-resources_tri-council.md#chunk_001,000-resources_tri-council.md,# Document Metadata,269,310,16.0,24.0,,
de_relationships,000-resources_tri-council.md#chunk_002,000-resources_tri-council.md,## 1.0 Purpose and Mandate,146,188,16.0,24.0,,
de_relationships,000-resources_tri-council.md#chunk_003,000-resources_tri-council.md,## 2.0 Legal Powers and Instruments,165,206,16.0,24.0,,
de_relationships,000-resources_tri-council.md#chunk_004,000-resources_tri-council.md,## 3.0 Composition and Roles (Bloc Functions),222,263,16.0,24.0,,
de_relationships,000-resources_tri-council.md#chunk_005,000-resources_tri-council.md,## 5.0 The Tri‑Council at H‑Hour (Final Roster and Status),741,782,16.0,24.0,,
de_relationships,000-resources_wall-and-the-spear.md#chunk_001,000-resources_wall-and-the-spear.md,# The Wall and the Spear: A Huskarl's Primer to the Defense of the Hold,208,249,16.0,24.0,,
de_relationships,000-resources_wall-and-the-spear.md#chunk_002,000-resources_wall-and-the-spear.md,### 1.1: The Wall Breathes,711,752,16.0,24.0,,
de_relationships,000-resources_wall-and-the-spear.md#chunk_003,000-resources_wall-and-the-spear.md,#### 1.2.1 The Fang and the Hoof – The Beasts,332,374,16.0,24.0,,
de_relationships,000-resources_wall-and-the-spear.md#chunk_004,000-resources_wall-and-the-spear.md,#### 1.2.2 The Iron and the Cold – The Undying,219,261,16.0,24.0,,
de_relationships,000-resources_wall-and-the-spear.md#chunk_005,000-resources_wall-and-the-spear.md,#### 1.2.3 The Whisper and the Static – The Blight,452,494,16.0,24.0,,
de_relationships,000-resources_wall-and-the-spear.md#chunk_006,000-resources_wall-and-the-spear.md,### 2.1: The Watchman's Burden – The Price of Sight,266,308,16.0,24.0,,
de_relationships,000-resources_wall-and-the-spear.md#chunk_007,000-resources_wall-and-the-spear.md,#### The Eye's Witness - What the Dark Reveals,204,245,16.0,24.0,,
de_relationships,000-resources_wall-and-the-spear.md#chunk_008,000-resources_wall-and-the-spear.md,#### The Ear's Counsel - What the Silence Hides,275,317,16.0,24.0,,
de_relationships,000-resources_wall-and-the-spear.md#chunk_009,000-resources_wall-and-the-spear.md,### 2.3: The Marked Path – A Language of Scars,282,323,16.0,24.0,,
de_relationships,000-resources_wall-and-the-spear.md#chunk_010,000-resources_wall-and-the-spear.md,### 3.1: The Sun-Gate – The Mouth,257,299,16.0,24.0,,
de_relationships,000-resources_wall-and-the-spear.md#chunk_011,000-resources_wall-and-the-spear.md,### 3.2: The Old Ruin – The Weakest Link,171,213,16.0,24.0,,
de_relationships,000-resources_wall-and-the-spear.md#chunk_012,000-resources_wall-and-the-spear.md,### 3.3: The Murder Holes & Fire-Pits,218,260,16.0,24.0,,
de_relationships,000-resources_wall-and-the-spear.md#chunk_013,000-resources_wall-and-the-spear.md,### 3.4: The Barrowmounds – The Sleepless Graves,213,254,16.0,24.0,,
de_relationships,000-resources_wall-and-the-spear.md#chunk_014,000-resources_wall-and-the-spear.md,### 3.5: The Rune-Wardens – The Silent Shields,205,247,16.0,24.0,,
de_relationships,000-resources_wall-and-the-spear.md#chunk_015,000-resources_wall-and-the-spear.md,### 4.1: Against the Hammer – The Svin-fylking,178,219,16.0,24.0,,
de_relationships,000-resources_wall-and-the-spear.md#chunk_016,000-resources_wall-and-the-spear.md,### 4.2: Against the Knife – The Ash-Vargr,262,304,16.0,24.0,,
de_relationships,000-resources_wall-and-the-spear.md#chunk_017,000-resources_wall-and-the-spear.md,## Afterword,146,188,16.0,24.0,,
de_relationships,000-resources_witness-mark-protocols.md#chunk_001,000-resources_witness-mark-protocols.md,# Witness Mark Protocols — Documentation Standards for Consent Substitution & Operational Attestation,29,70,18.0,22.0,,
de_relationships,000-resources_witness-mark-protocols.md#chunk_002,000-resources_witness-mark-protocols.md,## 1.0 Purpose and Scope,284,325,18.0,22.0,,
de_relationships,000-resources_witness-mark-protocols.md#chunk_003,000-resources_witness-mark-protocols.md,### 3.1 Consent Substitution Marks,143,183,18.0,22.0,,
de_relationships,000-resources_witness-mark-protocols.md#chunk_004,000-resources_witness-mark-protocols.md,### 3.2 Neutral Attestation Marks (Witness Pairs),912,952,18.0,22.0,,
de_relationships,000-resources_witness-mark-protocols.md#chunk_005,000-resources_witness-mark-protocols.md,### 6.3 Batch Recording (Field Expeditions),898,938,18.0,22.0,,
de_relationships,000-resources_witness-mark-protocols.md#chunk_006,000-resources_witness-mark-protocols.md,### 10.3 Dvergr Guilds,166,206,18.0,22.0,,
de_relationships,000-wbdc_blight-weaver-interdiction.md#chunk_001,000-wbdc_blight-weaver-interdiction.md,# Blight-Weaver Interdiction — Seidĸkona Reality-Warping Incident & Grove-Clan Response,222,256,16.0,16.0,,
de_relationships,000-wbdc_blight-weaver-interdiction.md#chunk_002,000-wbdc_blight-weaver-interdiction.md,### BACKGROUND,232,266,16.0,16.0,,
de_relationships,000-wbdc_blight-weaver-interdiction.md#chunk_003,000-wbdc_blight-weaver-interdiction.md,### INCIDENT TIMELINE,923,956,16.0,16.0,,
de_relationships,000-wbdc_blight-weaver-interdiction.md#chunk_004,000-wbdc_blight-weaver-interdiction.md,### INCIDENT TIMELINE,590,624,16.0,16.0,,
de_relationships,000-wbdc_iron-bane-reconnaissance.md#chunk_001,000-wbdc_iron-bane-reconnaissance.md,# Iron-Bane Reconnaissance Operation — Hostile Infiltration Attempt,114,145,16.0,14.0,,
de_relationships,000-wbdc_iron-bane-reconnaissance.md#chunk_002,000-wbdc_iron-bane-reconnaissance.md,### TIMELINE,325,356,16.0,14.0,,
de_relationships,000-wbdc_iron-bane-reconnaissance.md#chunk_003,000-wbdc_iron-bane-reconnaissance.md,### VERBAL EXCHANGE (Transcribed),276,308,16.0,14.0,,
de_relationships,000-wbdc_iron-bane-reconnaissance.md#chunk_004,000-wbdc_iron-bane-reconnaissance.md,### GROVE-CLAN THREAT ASSESSMENT,325,356,16.0,14.0,,
de_relationships,000-wbdc_iron-bane-reconnaissance.md#chunk_005,000-wbdc_iron-bane-reconnaissance.md,### DIPLOMATIC CONTEXT,187,218,16.0,14.0,,
de_relationships,codex_chrome-lurker.md#chunk_001,codex_chrome-lurker.md,## Header block,178,204,16.0,9.0,,
de_relationships,codex_chrome-lurker.md#chunk_002,codex_chrome-lurker.md,## 2.1 Pre-Glitch Development & Deployment History,923,949,16.0,9.0,,
de_relationships,codex_chrome-lurker.md#chunk_003,codex_chrome-lurker.md,## 2.1 Pre-Glitch Development & Deployment History,274,300,16.0,9.0,,
de_relationships,codex_chrome-lurker.md#chunk_004,codex_chrome-lurker.md,## 3.1 Notable Incidents & Documented Encounters,923,949,16.0,9.0,,
de_relationships,codex_chrome-lurker.md#chunk_005,codex_chrome-lurker.md,## 3.1 Notable Incidents & Documented Encounters,898,924,16.0,9.0,,
de_relationships,codex_chrome-lurker.md#chunk_006,codex_chrome-lurker.md,## 4. Risk profile and thresholds,123,149,16.0,9.0,,
de_relationships,codex_chrome-lurker.md#chunk_007,codex_chrome-lurker.md,## 4.1 Territorial Behavior & Patrol Patterns,923,949,16.0,9.0,,
de_relationships,codex_chrome-lurker.md#chunk_008,codex_chrome-lurker.md,## 4.1 Territorial Behavior & Patrol Patterns,752,778,16.0,9.0,,
de_relationships,codex_chrome-lurker.md#chunk_009,codex_chrome-lurker.md,## 5. Field Card (Chrome-Lurker corridor protocols),878,904,16.0,9.0,,
de_relationships,codex_chrome-lurker.md#chunk_010,codex_chrome-lurker.md,## 10. Factional perspectives,923,949,16.0,9.0,,
de_relationships,codex_chrome-lurker.md#chunk_011,codex_chrome-lurker.md,## 10. Factional perspectives,417,443,16.0,9.0,,
de_relationships,codex_chrome-lurker.md#chunk_012,codex_chrome-lurker.md,## 10. Reviewer's Note,340,366,16.0,9.0,,
de_relationships,db02-wb_gorge-maws-population-dossier.md#chunk_001,db02-wb_gorge-maws-population-dossier.md,# Population Dossier: Gorge-Maws (The Groa-Thurs),87,114,15.0,11.0,,
de_relationships,db02-wb_gorge-maws-population-dossier.md#chunk_002,db02-wb_gorge-maws-population-dossier.md,## Document Overview,152,179,15.0,11.0,,
de_relationships,db02-wb_gorge-maws-population-dossier.md#chunk_003,db02-wb_gorge-maws-population-dossier.md,### 1.1 Taxonomy and Pathological Role,267,295,15.0,11.0,,
de_relationships,db02-wb_gorge-maws-population-dossier.md#chunk_004,db02-wb_gorge-maws-population-dossier.md,"### 1.2 Population Distribution & The ""Green-Lines""",288,315,15.0,11.0,,
de_relationships,db02-wb_gorge-maws-population-dossier.md#chunk_005,db02-wb_gorge-maws-population-dossier.md,### 1.3 Pre-Glitch Origins: The O.G.R.E. Protocol,286,313,15.0,11.0,,
de_relationships,db02-wb_gorge-maws-population-dossier.md#chunk_006,db02-wb_gorge-maws-population-dossier.md,### 1.4 Lifecycle & The Lithic Gestation,336,364,15.0,11.0,,
de_relationships,db02-wb_gorge-maws-population-dossier.md#chunk_007,db02-wb_gorge-maws-population-dossier.md,### 2.1 Morphology: The Living Siege Engine,436,464,15.0,11.0,,
de_relationships,db02-wb_gorge-maws-population-dossier.md#chunk_008,db02-wb_gorge-maws-population-dossier.md,### 2.2 The Crucible: Internal Alchemy,357,384,15.0,11.0,,
de_relationships,db02-wb_gorge-maws-population-dossier.md#chunk_009,db02-wb_gorge-maws-population-dossier.md,### 2.3 Sensory Apparatus: Seismic Resonance Imaging,347,374,15.0,11.0,,
de_relationships,db02-wb_gorge-maws-population-dossier.md#chunk_010,db02-wb_gorge-maws-population-dossier.md,### 3.1 Temperament: The Sloth-Sage,321,348,15.0,11.0,,
de_relationships,db02-wb_gorge-maws-population-dossier.md#chunk_011,db02-wb_gorge-maws-population-dossier.md,### 3.2 The Gardening Protocol: Recursive Pacification,525,552,15.0,11.0,,
de_relationships,db02-wb_gorge-maws-population-dossier.md#chunk_012,db02-wb_gorge-maws-population-dossier.md,### 4.1 Method: The Living Diapason,235,262,15.0,11.0,,
de_relationships,db02-wb_gorge-maws-population-dossier.md#chunk_013,db02-wb_gorge-maws-population-dossier.md,### 4.2 Signature Abilities & Resonance Patterns,543,570,15.0,11.0,,
de_relationships,db02-wb_gorge-maws-population-dossier.md#chunk_014,db02-wb_gorge-maws-population-dossier.md,### 5.1 Language: The Sub-Sonic Rumble,392,419,15.0,11.0,,
de_relationships,db02-wb_gorge-maws-population-dossier.md#chunk_015,db02-wb_gorge-maws-population-dossier.md,### 5.2 The Root-Memory: A Distributed Lithic Database,270,297,15.0,11.0,,
de_relationships,db02-wb_gorge-maws-population-dossier.md#chunk_016,db02-wb_gorge-maws-population-dossier.md,### 5.3 Social Structure: The Silent Commons,318,345,15.0,11.0,,
de_relationships,db02-wb_gorge-maws-population-dossier.md#chunk_017,db02-wb_gorge-maws-population-dossier.md,"### 6.1 Trade Goods: The Paradox of ""Thurs-Dung""",460,487,15.0,11.0,,
de_relationships,db02-wb_gorge-maws-population-dossier.md#chunk_018,db02-wb_gorge-maws-population-dossier.md,### 6.2 Service Protocols: The Blight-Eater Escort,297,325,15.0,11.0,,
de_relationships,db02-wb_gorge-maws-population-dossier.md#chunk_019,db02-wb_gorge-maws-population-dossier.md,### 6.3 Strategic Resource: The Sanctuary Node,206,234,15.0,11.0,,
de_relationships,db02-wb_gorge-maws-population-dossier.md#chunk_020,db02-wb_gorge-maws-population-dossier.md,### 7.1 Jötun-Reader Scriptorium: The Immune Response Theory,247,274,15.0,11.0,,
de_relationships,db02-wb_gorge-maws-population-dossier.md#chunk_021,db02-wb_gorge-maws-population-dossier.md,### 7.2 Iron-Bane Crusade: The Flesh-Abomination,239,266,15.0,11.0,,
de_relationships,db02-wb_gorge-maws-population-dossier.md#chunk_022,db02-wb_gorge-maws-population-dossier.md,### 7.3 Rust-Clans: The Mobile Refineries,223,250,15.0,11.0,,
de_relationships,db02-wb_gorge-maws-population-dossier.md#chunk_023,db02-wb_gorge-maws-population-dossier.md,### 7.4 God-Sleepers: The Silent Gardeners,218,245,15.0,11.0,,
de_relationships,db02-wb_gorge-maws-population-dossier.md#chunk_024,db02-wb_gorge-maws-population-dossier.md,### 7.5 The Midgard Combine: The Necessary Hazard,156,183,15.0,11.0,,
de_relationships,db02-wb_gorge-maws-population-dossier.md#chunk_025,db02-wb_gorge-maws-population-dossier.md,### 8.1 Threat Assessment: The Quake-Rage,587,614,15.0,11.0,,
de_relationships,db02-wb_gorge-maws-population-dossier.md#chunk_026,db02-wb_gorge-maws-population-dossier.md,### 8.2 The Bell-Toll Effect: Armor Vulnerability,175,202,15.0,11.0,,
de_relationships,db02-wb_gorge-maws-population-dossier.md#chunk_027,db02-wb_gorge-maws-population-dossier.md,### 8.3 Field Card — Interaction Protocols,426,453,15.0,11.0,,
de_relationships,db02-wb_gorge-maws-population-dossier.md#chunk_028,db02-wb_gorge-maws-population-dossier.md,### 9.1 Data Capture: Autopsy Report [Specimen GM-04],343,370,15.0,11.0,,
de_relationships,db02-wb_gorge-maws-population-dossier.md#chunk_029,db02-wb_gorge-maws-population-dossier.md,### 9.2 Geographic Survey: The Song-Roads,271,299,15.0,11.0,,
de_relationships,db02-wb_gorge-maws-population-dossier.md#chunk_030,db02-wb_gorge-maws-population-dossier.md,### 9.3 Linguistic Analysis: The Rumble-Lexicon,293,321,15.0,11.0,,
de_relationships,db02-wb_gorge-maws-population-dossier.md#chunk_031,db02-wb_gorge-maws-population-dossier.md,### 9.4 Reviewer's Note & Status,258,286,15.0,11.0,,
de_relationships,db02-wb_medical-phenomena-entry.md#chunk_001,db02-wb_medical-phenomena-entry.md,## Classification,126,158,15.0,16.0,,
de_relationships,db02-wb_medical-phenomena-entry.md#chunk_002,db02-wb_medical-phenomena-entry.md,### Cognitive Paradox Syndrome (CPS),128,161,15.0,16.0,,
de_relationships,db02-wb_medical-phenomena-entry.md#chunk_003,db02-wb_medical-phenomena-entry.md,### Harrow-Sick,143,175,15.0,16.0,,
de_relationships,db02-wb_medical-phenomena-entry.md#chunk_004,db02-wb_medical-phenomena-entry.md,### Blight-Burn,131,163,15.0,16.0,,
de_relationships,db02-wb_medical-phenomena-entry.md#chunk_005,db02-wb_medical-phenomena-entry.md,### Depth Sickness,569,601,15.0,16.0,,
de_relationships,db02-wb_scavenger-barons-assembled-entry.md#chunk_001,db02-wb_scavenger-barons-assembled-entry.md,## Classification,137,170,15.0,16.0,,
de_relationships,db02-wb_scavenger-barons-assembled-entry.md#chunk_002,db02-wb_scavenger-barons-assembled-entry.md,## §1 — Origins and Historical Context,180,213,15.0,16.0,,
de_relationships,db02-wb_scavenger-barons-assembled-entry.md#chunk_003,db02-wb_scavenger-barons-assembled-entry.md,## §2 — Governance Mechanics,247,279,15.0,16.0,,
de_relationships,db02-wb_scavenger-barons-assembled-entry.md#chunk_004,db02-wb_scavenger-barons-assembled-entry.md,## §3 — The Ice-Debt System,214,247,15.0,16.0,,
de_relationships,db02-wb_scavenger-barons-assembled-entry.md#chunk_005,db02-wb_scavenger-barons-assembled-entry.md,## §4 — Economic Model,152,184,15.0,16.0,,
de_relationships,db02-wb_scavenger-barons-assembled-entry.md#chunk_006,db02-wb_scavenger-barons-assembled-entry.md,## §5 — The King's Find Mythology,431,464,15.0,16.0,,
de_relationships,db02-wb_silent-folk-assembled-entry.md#chunk_001,db02-wb_silent-folk-assembled-entry.md,# The Silent Folk — Assembled Entry (Post-Human Divergence of the Clicking Deeps),110,146,15.0,20.0,,
de_relationships,db02-wb_silent-folk-assembled-entry.md#chunk_002,db02-wb_silent-folk-assembled-entry.md,## 1. Origin and Evolutionary Context,208,244,15.0,20.0,,
de_relationships,db02-wb_silent-folk-assembled-entry.md#chunk_003,db02-wb_silent-folk-assembled-entry.md,## 2. Biological Divergence,245,282,15.0,20.0,,
de_relationships,db02-wb_silent-folk-assembled-entry.md#chunk_004,db02-wb_silent-folk-assembled-entry.md,## 3. Echo-Cant: A Language of Geometry,170,206,15.0,20.0,,
de_relationships,db02-wb_silent-folk-assembled-entry.md#chunk_005,db02-wb_silent-folk-assembled-entry.md,## 4. Social Structure and Territory,312,348,15.0,20.0,,
de_relationships,db02-wb_silent-folk-assembled-entry.md#chunk_006,db02-wb_silent-folk-assembled-entry.md,## 6. Diagnostic Synthesis,179,215,15.0,20.0,,
de_relationships,db02-wb_silent-folk-assembled-entry.md#chunk_007,db02-wb_silent-folk-assembled-entry.md,## Unlock Thresholds,215,252,15.0,20.0,,
de_relationships,db02-wb_skrap-troll-assembled-entry.md#chunk_001,db02-wb_skrap-troll-assembled-entry.md,# The Skrap-Troll — Assembled Entry (Feral Hrungnir-Class Geo-Demolition Unit),29,62,15.0,16.0,,
de_relationships,db02-wb_skrap-troll-assembled-entry.md#chunk_002,db02-wb_skrap-troll-assembled-entry.md,## Unlock Threshold Table,149,182,15.0,16.0,,
de_relationships,db02-wb_skrap-troll-assembled-entry.md#chunk_003,db02-wb_skrap-troll-assembled-entry.md,### §1. Identification and Pre-Glitch Origin,187,219,15.0,16.0,,
de_relationships,db02-wb_skrap-troll-assembled-entry.md#chunk_004,db02-wb_skrap-troll-assembled-entry.md,### §2. The Second Skin: Adaptive Exaptation,217,249,15.0,16.0,,
de_relationships,db02-wb_skrap-troll-assembled-entry.md#chunk_005,db02-wb_skrap-troll-assembled-entry.md,### §3. Territorial Behavior and Threat Profile,188,221,15.0,16.0,,
de_relationships,db02-wb_skrap-troll-assembled-entry.md#chunk_006,db02-wb_skrap-troll-assembled-entry.md,### §4. Economic Significance: The Dvergr Calculation,426,458,15.0,16.0,,
de_relationships,db02-wb_skrap-troll-assembled-entry.md#chunk_007,db02-wb_skrap-troll-assembled-entry.md,## Field Card Summary,141,174,15.0,16.0,,
de_relationships,db02-wb_svin-fylking-assembled-entry.md#chunk_001,db02-wb_svin-fylking-assembled-entry.md,# Svin-fylking — Assembled Entry (Iron-Husked Boar),37,66,15.0,13.0,,
de_relationships,db02-wb_svin-fylking-assembled-entry.md#chunk_002,db02-wb_svin-fylking-assembled-entry.md,## Unlock Threshold Table,154,183,15.0,13.0,,
de_relationships,db02-wb_svin-fylking-assembled-entry.md#chunk_003,db02-wb_svin-fylking-assembled-entry.md,## §1. Identification and Pre-Glitch Origin,660,689,15.0,13.0,,
de_relationships,db02-wb_svin-fylking-assembled-entry.md#chunk_004,db02-wb_svin-fylking-assembled-entry.md,### 3.2 The Fylking Charge (Signature Tactic),354,383,15.0,13.0,,
de_relationships,db02-wb_svin-fylking-assembled-entry.md#chunk_005,db02-wb_svin-fylking-assembled-entry.md,### 4.2 The Prize,161,189,15.0,13.0,,
de_relationships,db02-wb_svin-fylking-assembled-entry.md#chunk_006,db02-wb_svin-fylking-assembled-entry.md,### 5.1 The Jötun-Reader View,139,167,15.0,13.0,,
de_relationships,db02-wb_svin-fylking-assembled-entry.md#chunk_007,db02-wb_svin-fylking-assembled-entry.md,### 5.2 Faction Doctrinal Differences,154,183,15.0,13.0,,
de_relationships,db02-wb_svin-fylking-assembled-entry.md#chunk_008,db02-wb_svin-fylking-assembled-entry.md,## §6. Diagnostic Conclusion,276,305,15.0,13.0,,
de_relationships,db02-wb_svin-fylking-assembled-entry.md#chunk_009,db02-wb_svin-fylking-assembled-entry.md,## Field Card Summary,297,326,15.0,13.0,,
de_relationships,db02-wb_void-marked-assembled-entry.md#chunk_001,db02-wb_void-marked-assembled-entry.md,## Classification,36,67,15.0,15.0,,
de_relationships,db02-wb_void-marked-assembled-entry.md#chunk_002,db02-wb_void-marked-assembled-entry.md,## Diagnostic Summary,141,172,15.0,15.0,,
de_relationships,db02-wb_void-marked-assembled-entry.md#chunk_003,db02-wb_void-marked-assembled-entry.md,## §1 — Physical Characteristics,271,302,15.0,15.0,,
de_relationships,db02-wb_void-marked-assembled-entry.md#chunk_004,db02-wb_void-marked-assembled-entry.md,## §2 — Origins and Exposure Pathways,128,159,15.0,15.0,,
de_relationships,db02-wb_void-marked-assembled-entry.md#chunk_005,db02-wb_void-marked-assembled-entry.md,## §3 — Social Status and Political Contestation,269,300,15.0,15.0,,
de_relationships,db02-wb_void-marked-assembled-entry.md#chunk_006,db02-wb_void-marked-assembled-entry.md,## §4 — Capabilities and Operational Utility,128,159,15.0,15.0,,
de_relationships,db02-wb_void-marked-assembled-entry.md#chunk_007,db02-wb_void-marked-assembled-entry.md,## §5 — Material Interactions,132,163,15.0,15.0,,
de_relationships,db02-wb_void-marked-assembled-entry.md#chunk_008,db02-wb_void-marked-assembled-entry.md,## Unlock Thresholds,213,244,15.0,15.0,,
de_relationships,db02-wb_warden-host-assembled-entry.md#chunk_001,db02-wb_warden-host-assembled-entry.md,## Classification,36,71,15.0,19.0,,
de_relationships,db02-wb_warden-host-assembled-entry.md#chunk_002,db02-wb_warden-host-assembled-entry.md,## Diagnostic Summary,191,226,15.0,19.0,,
de_relationships,db02-wb_warden-host-assembled-entry.md#chunk_003,db02-wb_warden-host-assembled-entry.md,## §1 — Origins and Historical Context,214,249,15.0,19.0,,
de_relationships,db02-wb_warden-host-assembled-entry.md#chunk_004,db02-wb_warden-host-assembled-entry.md,## §2 — Primary Functions,243,278,15.0,19.0,,
de_relationships,db02-wb_warden-host-assembled-entry.md#chunk_005,db02-wb_warden-host-assembled-entry.md,## §3 — Echo-Cant in Warden-Host Operations,153,188,15.0,19.0,,
de_relationships,db02-wb_warden-host-assembled-entry.md#chunk_006,db02-wb_warden-host-assembled-entry.md,## §4 — Territorial Disputes and Factional Conflicts,365,400,15.0,19.0,,
de_relationships,db02-wb_warden-host-assembled-entry.md#chunk_007,db02-wb_warden-host-assembled-entry.md,## Unlock Thresholds,210,245,15.0,19.0,,
de_relationships,db02-wb_weir-bone-assembled-entry.md#chunk_001,db02-wb_weir-bone-assembled-entry.md,## Classification,37,68,15.0,15.0,,
de_relationships,db02-wb_weir-bone-assembled-entry.md#chunk_002,db02-wb_weir-bone-assembled-entry.md,## Diagnostic Summary,170,201,15.0,15.0,,
de_relationships,db02-wb_weir-bone-assembled-entry.md#chunk_003,db02-wb_weir-bone-assembled-entry.md,## §1 — Physical Properties,258,289,15.0,15.0,,
de_relationships,db02-wb_weir-bone-assembled-entry.md#chunk_004,db02-wb_weir-bone-assembled-entry.md,## §2 — Sourcing and Harvesting,175,206,15.0,15.0,,
de_relationships,db02-wb_weir-bone-assembled-entry.md#chunk_005,db02-wb_weir-bone-assembled-entry.md,## §3 — Applications,210,241,15.0,15.0,,
de_relationships,db02-wb_weir-bone-assembled-entry.md#chunk_006,db02-wb_weir-bone-assembled-entry.md,## §4 — Salvage Interactions and Material Conflicts,193,224,15.0,15.0,,
de_relationships,db02-wb_weir-bone-assembled-entry.md#chunk_007,db02-wb_weir-bone-assembled-entry.md,## Unlock Thresholds,187,218,15.0,15.0,,
de_relationships,db03-dc_agricultural-devastation.md#chunk_001,db03-dc_agricultural-devastation.md,"# Agricultural Devastation Case Study - Wheatholm District Total Loss, Year 781-783 PG",305,341,15.0,20.0,,
de_relationships,db03-dc_agricultural-devastation.md#chunk_002,db03-dc_agricultural-devastation.md,### Emergence Timeline,157,193,15.0,20.0,,
de_relationships,db03-dc_agricultural-devastation.md#chunk_003,db03-dc_agricultural-devastation.md,### Initial Response,917,954,15.0,20.0,,
de_relationships,db03-dc_agricultural-devastation.md#chunk_004,db03-dc_agricultural-devastation.md,### Alchemical Eradication,499,535,15.0,20.0,,
de_relationships,db03-dc_agricultural-devastation.md#chunk_005,db03-dc_agricultural-devastation.md,## Steward's Reflection,315,352,15.0,20.0,,
de_relationships,db03-dc_archive-cataloging-standards.md#chunk_001,db03-dc_archive-cataloging-standards.md,## Summary,102,133,15.0,15.0,,
de_relationships,db03-dc_archive-cataloging-standards.md#chunk_002,db03-dc_archive-cataloging-standards.md,## Motivation & Historical Context,215,247,15.0,15.0,,
de_relationships,db03-dc_archive-cataloging-standards.md#chunk_003,db03-dc_archive-cataloging-standards.md,## Expanded Metadata Framework,244,275,15.0,15.0,,
de_relationships,db03-dc_archive-cataloging-standards.md#chunk_004,db03-dc_archive-cataloging-standards.md,## Enhanced CPS Risk Classification,279,310,15.0,15.0,,
de_relationships,db03-dc_archive-cataloging-standards.md#chunk_005,db03-dc_archive-cataloging-standards.md,## Mandatory Pre-Screening Protocols,283,314,15.0,15.0,,
de_relationships,db03-dc_archive-cataloging-standards.md#chunk_006,db03-dc_archive-cataloging-standards.md,## Cross-Reference Integrity Standards,271,302,15.0,15.0,,
de_relationships,db03-dc_archive-cataloging-standards.md#chunk_007,db03-dc_archive-cataloging-standards.md,## Training & Implementation Rollout,270,301,15.0,15.0,,
de_relationships,db03-dc_archive-cataloging-standards.md#chunk_008,db03-dc_archive-cataloging-standards.md,## Institutional Culture Implications,234,265,15.0,15.0,,
de_relationships,db03-dc_ballad-of-the-broken-gate.md#chunk_001,db03-dc_ballad-of-the-broken-gate.md,(none),183,219,15.0,20.0,,
de_relationships,db03-dc_ballad-of-the-broken-gate.md#chunk_002,db03-dc_ballad-of-the-broken-gate.md,## The Ballad of the Broken Gate,536,573,15.0,20.0,,
de_relationships,db03-dc_ballad-of-the-broken-gate.md#chunk_003,db03-dc_ballad-of-the-broken-gate.md,## Collector's Notes,195,231,15.0,20.0,,
de_relationships,db03-dc_clockwork-synchronization.md#chunk_001,db03-dc_clockwork-synchronization.md,(none),131,162,15.0,15.0,,
de_relationships,db03-dc_clockwork-synchronization.md#chunk_002,db03-dc_clockwork-synchronization.md,## Protocol Overview,141,172,15.0,15.0,,
de_relationships,db03-dc_clockwork-synchronization.md#chunk_003,db03-dc_clockwork-synchronization.md,## Synchronization Cadence,163,195,15.0,15.0,,
de_relationships,db03-dc_clockwork-synchronization.md#chunk_004,db03-dc_clockwork-synchronization.md,## Field Application,306,338,15.0,15.0,,
de_relationships,db03-dc_clockwork-synchronization.md#chunk_005,db03-dc_clockwork-synchronization.md,## Trade Secret Protection,549,581,15.0,15.0,,
de_relationships,db03-dc_combine-month-names.md#chunk_001,db03-dc_combine-month-names.md,(none),67,96,15.0,13.0,,
de_relationships,db03-dc_combine-month-names.md#chunk_002,db03-dc_combine-month-names.md,## Overview,920,949,15.0,13.0,,
de_relationships,db03-dc_combine-month-names.md#chunk_003,db03-dc_combine-month-names.md,### Month 13 — Year's Rest,843,872,15.0,13.0,,
de_relationships,db03-dc_combine-month-names.md#chunk_004,db03-dc_combine-month-names.md,## Elder Resistance,144,172,15.0,13.0,,
de_relationships,db03-dc_combine-month-names.md#chunk_005,db03-dc_combine-month-names.md,## Strategic Implications,150,179,15.0,13.0,,
de_relationships,db03-dc_contract-dispute-case-study.md#chunk_001,db03-dc_contract-dispute-case-study.md,(none),71,102,15.0,15.0,,
de_relationships,db03-dc_contract-dispute-case-study.md#chunk_002,db03-dc_contract-dispute-case-study.md,## Overview,140,171,15.0,15.0,,
de_relationships,db03-dc_contract-dispute-case-study.md#chunk_003,db03-dc_contract-dispute-case-study.md,## Dispute Summary,460,491,15.0,15.0,,
de_relationships,db03-dc_contract-dispute-case-study.md#chunk_004,db03-dc_contract-dispute-case-study.md,## Arbitration Ruling,172,204,15.0,15.0,,
de_relationships,db03-dc_contract-dispute-case-study.md#chunk_005,db03-dc_contract-dispute-case-study.md,## Systemic Impact,295,326,15.0,15.0,,
de_relationships,db03-dc_contract-dispute-case-study.md#chunk_006,db03-dc_contract-dispute-case-study.md,## Cultural Resistance,141,172,15.0,15.0,,
de_relationships,db03-dc_contract-dispute-case-study.md#chunk_007,db03-dc_contract-dispute-case-study.md,## Strategic Implications,144,175,15.0,15.0,,
de_relationships,db03-dc_contract-dispute-case-study.md#chunk_008,db03-dc_contract-dispute-case-study.md,## Historical Context,197,228,15.0,15.0,,
de_relationships,db03-dc_crusade-mobilization.md#chunk_001,db03-dc_crusade-mobilization.md,## Evidence Excerpt,75,109,15.0,18.0,,
de_relationships,db03-dc_crusade-mobilization.md#chunk_002,db03-dc_crusade-mobilization.md,### Seven-Phase Mobilization Protocol,473,507,15.0,18.0,,
de_relationships,db03-dc_crusade-mobilization.md#chunk_003,db03-dc_crusade-mobilization.md,### Resource Allocation,352,386,15.0,18.0,,
de_relationships,db03-dc_crusader-field-training.md#chunk_001,db03-dc_crusader-field-training.md,## Summary,110,144,15.0,18.0,,
de_relationships,db03-dc_crusader-field-training.md#chunk_002,db03-dc_crusader-field-training.md,## Training Structure & Institutional Framework,250,284,15.0,18.0,,
de_relationships,db03-dc_crusader-field-training.md#chunk_003,db03-dc_crusader-field-training.md,## Corrupted Psychic Space Management,236,270,15.0,18.0,,
de_relationships,db03-dc_crusader-field-training.md#chunk_004,db03-dc_crusader-field-training.md,## Environmental Signal Recognition,228,262,15.0,18.0,,
de_relationships,db03-dc_crusader-field-training.md#chunk_005,db03-dc_crusader-field-training.md,## Data-Slate Handling Protocols,249,283,15.0,18.0,,
de_relationships,db03-dc_crusader-field-training.md#chunk_006,db03-dc_crusader-field-training.md,## Structural Assessment Fundamentals,239,273,15.0,18.0,,
de_relationships,db03-dc_crusader-field-training.md#chunk_007,db03-dc_crusader-field-training.md,## Certification & Operational Integration,256,289,15.0,18.0,,
de_relationships,db03-dc_dvergr-guild-chronicle.md#chunk_001,db03-dc_dvergr-guild-chronicle.md,(none),66,98,15.0,16.0,,
de_relationships,db03-dc_dvergr-guild-chronicle.md#chunk_002,db03-dc_dvergr-guild-chronicle.md,## Context,165,197,15.0,16.0,,
de_relationships,db03-dc_dvergr-guild-chronicle.md#chunk_003,db03-dc_dvergr-guild-chronicle.md,## Minimal Log,136,169,15.0,16.0,,
de_relationships,db03-dc_dvergr-guild-chronicle.md#chunk_004,db03-dc_dvergr-guild-chronicle.md,## Chronicle Entry (Layer 3 Evidence),341,374,15.0,16.0,,
de_relationships,db03-dc_dvergr-guild-chronicle.md#chunk_005,db03-dc_dvergr-guild-chronicle.md,### The Ironholt-Frostmark Case Study,211,244,15.0,16.0,,
de_relationships,db03-dc_dvergr-guild-chronicle.md#chunk_006,db03-dc_dvergr-guild-chronicle.md,### Standardization Through Market Forces,204,236,15.0,16.0,,
de_relationships,db03-dc_dvergr-guild-chronicle.md#chunk_007,db03-dc_dvergr-guild-chronicle.md,### Unintended Hegemony,522,555,15.0,16.0,,
de_relationships,db03-dc_dvergr-guild-chronicle.md#chunk_008,db03-dc_dvergr-guild-chronicle.md,## Strategic Implications,226,258,15.0,16.0,,
de_relationships,db03-dc_echo-caller-field-observation.md#chunk_001,db03-dc_echo-caller-field-observation.md,## Ritual Overview,274,305,15.0,15.0,,
de_relationships,db03-dc_ginnungagap-coolant-chasm.md#chunk_001,db03-dc_ginnungagap-coolant-chasm.md,## Minimal Log Context,197,226,15.0,13.0,,
de_relationships,db03-dc_ginnungagap-coolant-chasm.md#chunk_002,db03-dc_ginnungagap-coolant-chasm.md,### Chemical Composition,448,477,15.0,13.0,,
de_relationships,db03-dc_god-sleeper-operational-doctrine.md#chunk_001,db03-dc_god-sleeper-operational-doctrine.md,## Minimal Log,889,917,15.0,13.0,,
de_relationships,db03-dc_god-sleeper-operational-doctrine.md#chunk_002,db03-dc_god-sleeper-operational-doctrine.md,### vs. Rust-Clan Hunters,387,416,15.0,13.0,,
de_relationships,db03-dc_gutter-skald-info-exchange.md#chunk_001,db03-dc_gutter-skald-info-exchange.md,(none),269,301,15.0,16.0,,
de_relationships,db03-dc_gutter-skald-info-exchange.md#chunk_002,db03-dc_gutter-skald-info-exchange.md,### 2.2 Transaction Sequence,445,478,15.0,16.0,,
de_relationships,db03-dc_historical-theological-survey.md#chunk_001,db03-dc_historical-theological-survey.md,## Observation Context,80,109,15.0,13.0,,
de_relationships,db03-dc_historical-theological-survey.md#chunk_002,db03-dc_historical-theological-survey.md,## §1 — Pre-Glitch Religious Context,200,228,15.0,13.0,,
de_relationships,db03-dc_historical-theological-survey.md#chunk_003,db03-dc_historical-theological-survey.md,## §2 — God-Sleeper Origins and Rise (Years 50-200 PG),295,323,15.0,13.0,,
de_relationships,db03-dc_historical-theological-survey.md#chunk_004,db03-dc_historical-theological-survey.md,## §3 — Iron-Bane Doctrinal Development (Years 150-500 PG),314,343,15.0,13.0,,
de_relationships,db03-dc_historical-theological-survey.md#chunk_005,db03-dc_historical-theological-survey.md,## §4 — The Warden-Host as Theological Response (Years 340-783 PG),170,198,15.0,13.0,,
de_relationships,db03-dc_historical-theological-survey.md#chunk_006,db03-dc_historical-theological-survey.md,## §5 — Religious-Technology Intersections (Current Era),357,386,15.0,13.0,,
de_relationships,db03-dc_inter-generational-knowledge-transfer.md#chunk_001,db03-dc_inter-generational-knowledge-transfer.md,(none),865,899,15.0,18.0,,
de_relationships,db03-dc_inter-generational-knowledge-transfer.md#chunk_002,db03-dc_inter-generational-knowledge-transfer.md,### Dual-Caste Integration,249,283,15.0,18.0,,
de_relationships,db03-dc_inter-generational-knowledge-transfer.md#chunk_003,db03-dc_inter-generational-knowledge-transfer.md,### Vulnerabilities of Oral Tradition,500,534,15.0,18.0,,
de_relationships,db03-dc_inter-generational-knowledge-transfer.md#chunk_004,db03-dc_inter-generational-knowledge-transfer.md,## Strategic Cultural Implications,198,232,15.0,18.0,,
de_relationships,db03-dc_iron-bane-theological-analysis.md#chunk_001,db03-dc_iron-bane-theological-analysis.md,## Overview,94,126,15.0,15.0,,
de_relationships,db03-dc_iron-bane-theological-analysis.md#chunk_002,db03-dc_iron-bane-theological-analysis.md,### The Iron-Curse Manifestation,886,917,15.0,15.0,,
de_relationships,db03-dc_iron-bane-theological-analysis.md#chunk_003,db03-dc_iron-bane-theological-analysis.md,## Strategic Implications,70,101,15.0,15.0,,
de_relationships,db03-dc_iron-banes-liturgical-calendar.md#chunk_001,db03-dc_iron-banes-liturgical-calendar.md,(none),162,193,15.0,15.0,,
de_relationships,db03-dc_iron-banes-liturgical-calendar.md#chunk_002,db03-dc_iron-banes-liturgical-calendar.md,## Temporal Foundation and Theological Overlay,169,200,15.0,15.0,,
de_relationships,db03-dc_iron-banes-liturgical-calendar.md#chunk_003,db03-dc_iron-banes-liturgical-calendar.md,## The Five Ages Framework,169,200,15.0,15.0,,
de_relationships,db03-dc_iron-banes-liturgical-calendar.md#chunk_004,db03-dc_iron-banes-liturgical-calendar.md,## Sacred Date Observance,274,305,15.0,15.0,,
de_relationships,db03-dc_iron-banes-liturgical-calendar.md#chunk_005,db03-dc_iron-banes-liturgical-calendar.md,## Operational Integration and Practical Compromise,174,205,15.0,15.0,,
de_relationships,db03-dc_iron-banes-liturgical-calendar.md#chunk_006,db03-dc_iron-banes-liturgical-calendar.md,## Doctrinal Uncertainty and Competing Interpretations,630,661,15.0,15.0,,
de_relationships,db03-dc_iron-banes-liturgical-calendar.md#chunk_007,db03-dc_iron-banes-liturgical-calendar.md,## Calendar Mathematics and Astronomical Correction,130,161,15.0,15.0,,
de_relationships,db03-dc_iron-banes-liturgical-calendar.md#chunk_008,db03-dc_iron-banes-liturgical-calendar.md,## Inter-Chapter Coordination and Doctrinal Diversity,244,275,15.0,15.0,,
de_relationships,db03-dc_jarl-authority-exercise.md#chunk_001,db03-dc_jarl-authority-exercise.md,(none),100,133,15.0,18.0,,
de_relationships,db03-dc_jarl-authority-exercise.md#chunk_002,db03-dc_jarl-authority-exercise.md,## Crisis Context,252,286,15.0,18.0,,
de_relationships,db03-dc_jarl-authority-exercise.md#chunk_003,db03-dc_jarl-authority-exercise.md,## Decision-Making Process,241,275,15.0,18.0,,
de_relationships,db03-dc_jarl-authority-exercise.md#chunk_004,db03-dc_jarl-authority-exercise.md,## Jarl Proclamation,215,249,15.0,18.0,,
de_relationships,db03-dc_jarl-authority-exercise.md#chunk_005,db03-dc_jarl-authority-exercise.md,## Implementation,193,227,15.0,18.0,,
de_relationships,db03-dc_jarl-authority-exercise.md#chunk_006,db03-dc_jarl-authority-exercise.md,## Outcomes Assessment,236,270,15.0,18.0,,
de_relationships,db03-dc_jarl-authority-exercise.md#chunk_007,db03-dc_jarl-authority-exercise.md,## Authority Dynamics Observed,378,412,15.0,18.0,,
de_relationships,db03-dc_jarn-madr-behavioral-study.md#chunk_001,db03-dc_jarn-madr-behavioral-study.md,(none),93,128,15.0,19.0,,
de_relationships,db03-dc_jarn-madr-behavioral-study.md#chunk_002,db03-dc_jarn-madr-behavioral-study.md,## Study Parameters and Safety Protocols,232,267,15.0,19.0,,
de_relationships,db03-dc_jarn-madr-behavioral-study.md#chunk_003,db03-dc_jarn-madr-behavioral-study.md,## Swarm Density and Composition,198,234,15.0,19.0,,
de_relationships,db03-dc_jarn-madr-behavioral-study.md#chunk_004,db03-dc_jarn-madr-behavioral-study.md,## Material Targeting Hierarchy,501,536,15.0,19.0,,
de_relationships,db03-dc_jarn-madr-behavioral-study.md#chunk_005,db03-dc_jarn-madr-behavioral-study.md,## Disassembly Efficiency and Methods,340,375,15.0,19.0,,
de_relationships,db03-dc_jarn-madr-behavioral-study.md#chunk_006,db03-dc_jarn-madr-behavioral-study.md,## Humanoid Coalescence Patterns,334,369,15.0,19.0,,
de_relationships,db03-dc_jarn-madr-behavioral-study.md#chunk_007,db03-dc_jarn-madr-behavioral-study.md,## Communication and Coordination,240,275,15.0,19.0,,
de_relationships,db03-dc_jarn-madr-behavioral-study.md#chunk_008,db03-dc_jarn-madr-behavioral-study.md,## Diagnostic Assessment and Implications,314,349,15.0,19.0,,
de_relationships,db03-dc_jotun-reader-chronology.md#chunk_001,db03-dc_jotun-reader-chronology.md,(none),182,214,15.0,16.0,,
de_relationships,db03-dc_jotun-reader-chronology.md#chunk_002,db03-dc_jotun-reader-chronology.md,## Archival Methodology and Evidence Sources,269,301,15.0,16.0,,
de_relationships,db03-dc_jotun-reader-chronology.md#chunk_003,db03-dc_jotun-reader-chronology.md,## Primary Evidence: Chronology Reconstruction Notes,500,533,15.0,16.0,,
de_relationships,db03-dc_jotun-reader-chronology.md#chunk_004,db03-dc_jotun-reader-chronology.md,## Collaborative Consensus Process,174,206,15.0,16.0,,
de_relationships,db03-dc_jotun-reader-chronology.md#chunk_005,db03-dc_jotun-reader-chronology.md,## Implications for Historical Precision,231,263,15.0,16.0,,
de_relationships,db03-dc_jotunheim-swarm-density.md#chunk_001,db03-dc_jotunheim-swarm-density.md,(none),165,201,15.0,20.0,,
de_relationships,db03-dc_jotunheim-swarm-density.md#chunk_002,db03-dc_jotunheim-swarm-density.md,## Survey Design and Methodology,254,291,15.0,20.0,,
de_relationships,db03-dc_jotunheim-swarm-density.md#chunk_003,db03-dc_jotunheim-swarm-density.md,### Knuckle-Bone Fields Primary Habitat,426,462,15.0,20.0,,
de_relationships,db03-dc_jotunheim-swarm-density.md#chunk_004,db03-dc_jotunheim-swarm-density.md,### Site 1: Knuckle-Bone Fields Northeast Sector,179,215,15.0,20.0,,
de_relationships,db03-dc_jotunheim-swarm-density.md#chunk_005,db03-dc_jotunheim-swarm-density.md,### Site 2: Great Looms Corridor Northern Sector,211,248,15.0,20.0,,
de_relationships,db03-dc_jotunheim-swarm-density.md#chunk_006,db03-dc_jotunheim-swarm-density.md,### Site 3: Iron Heart Breach Core,205,241,15.0,20.0,,
de_relationships,db03-dc_jotunheim-swarm-density.md#chunk_007,db03-dc_jotunheim-swarm-density.md,## Swarm Movement Patterns,204,240,15.0,20.0,,
de_relationships,db03-dc_jotunheim-swarm-density.md#chunk_008,db03-dc_jotunheim-swarm-density.md,## Population Growth Dynamics,235,271,15.0,20.0,,
de_relationships,db03-dc_jotunheim-swarm-density.md#chunk_009,db03-dc_jotunheim-swarm-density.md,## Strategic Threat Assessment,512,548,15.0,20.0,,
de_relationships,db03-dc_loki-archive-security-audit.md#chunk_001,db03-dc_loki-archive-security-audit.md,(none),178,211,15.0,18.0,,
de_relationships,db03-dc_loki-archive-security-audit.md#chunk_002,db03-dc_loki-archive-security-audit.md,## Background: The Loki Archive Purpose,525,559,15.0,18.0,,
de_relationships,db03-dc_loki-archive-security-audit.md#chunk_003,db03-dc_loki-archive-security-audit.md,### Heimdallr Fragments,154,188,15.0,18.0,,
de_relationships,db03-dc_loki-archive-security-audit.md#chunk_004,db03-dc_loki-archive-security-audit.md,### Active Ghost-Processes,269,302,15.0,18.0,,
de_relationships,db03-dc_loki-archive-security-audit.md#chunk_005,db03-dc_loki-archive-security-audit.md,### ODIN Protocol Fragments,418,452,15.0,18.0,,
de_relationships,db03-dc_loki-archive-security-audit.md#chunk_006,db03-dc_loki-archive-security-audit.md,### Incident 1: Vault 2 Containment Box Seal Degradation,180,214,15.0,18.0,,
de_relationships,db03-dc_loki-archive-security-audit.md#chunk_007,db03-dc_loki-archive-security-audit.md,### Incident 2: Ghost-Process Migration Attempt,174,208,15.0,18.0,,
de_relationships,db03-dc_loki-archive-security-audit.md#chunk_008,db03-dc_loki-archive-security-audit.md,### Incident 3: Access Log Anomaly,890,924,15.0,18.0,,
de_relationships,db03-dc_loki-archive-security-audit.md#chunk_009,db03-dc_loki-archive-security-audit.md,## Conclusion,113,146,15.0,18.0,,
de_relationships,db03-dc_loki-protocol-warning.md#chunk_001,db03-dc_loki-protocol-warning.md,(none),88,122,15.0,18.0,,
de_relationships,db03-dc_loki-protocol-warning.md#chunk_002,db03-dc_loki-protocol-warning.md,### L.O.K.I. PROTOCOL DIAGNOSTIC LOG — HEIMDALLR BLIND SPOT ASSESSMENT,923,956,15.0,18.0,,
de_relationships,db03-dc_loki-protocol-warning.md#chunk_003,db03-dc_loki-protocol-warning.md,### L.O.K.I. PROTOCOL DIAGNOSTIC LOG — HEIMDALLR BLIND SPOT ASSESSMENT,374,408,15.0,18.0,,
de_relationships,db03-dc_loki-protocol-warning.md#chunk_004,db03-dc_loki-protocol-warning.md,## JÖTUN-READER ANALYSIS (Layer 2),328,362,15.0,18.0,,
de_relationships,db03-dc_medical-causality-research.md#chunk_001,db03-dc_medical-causality-research.md,## Observation Context,78,111,15.0,18.0,,
de_relationships,db03-dc_medical-causality-research.md#chunk_002,db03-dc_medical-causality-research.md,## §1 — Research Premise and Scope,141,175,15.0,18.0,,
de_relationships,db03-dc_medical-causality-research.md#chunk_003,db03-dc_medical-causality-research.md,### 2.1 — Established Causal Factors,171,205,15.0,18.0,,
de_relationships,db03-dc_medical-causality-research.md#chunk_004,db03-dc_medical-causality-research.md,### 2.2 — Proposed Causal Models,193,227,15.0,18.0,,
de_relationships,db03-dc_medical-causality-research.md#chunk_005,db03-dc_medical-causality-research.md,### 3.1 — Observed Divergence Points,170,204,15.0,18.0,,
de_relationships,db03-dc_medical-causality-research.md#chunk_006,db03-dc_medical-causality-research.md,### 3.2 — Proposed Divergence Models,178,211,15.0,18.0,,
de_relationships,db03-dc_medical-causality-research.md#chunk_007,db03-dc_medical-causality-research.md,### 4.1 — Priority Questions,131,165,15.0,18.0,,
de_relationships,db03-dc_medical-causality-research.md#chunk_008,db03-dc_medical-causality-research.md,### 4.2 — Research Barriers,256,289,15.0,18.0,,
de_relationships,db03-dc_novice-training-documentation.md#chunk_001,db03-dc_novice-training-documentation.md,"## Evidence Excerpt (Layer 2, Instructional Documentation)",148,182,15.0,18.0,,
de_relationships,db03-dc_novice-training-documentation.md#chunk_002,db03-dc_novice-training-documentation.md,### Segment 1: Breath Control Techniques (T+0 to T+25 min),228,262,15.0,18.0,,
de_relationships,db03-dc_novice-training-documentation.md#chunk_003,db03-dc_novice-training-documentation.md,### Segment 2: Cognitive Anchor Exercises (T+25 to T+50 min),323,357,15.0,18.0,,
de_relationships,db03-dc_novice-training-documentation.md#chunk_004,db03-dc_novice-training-documentation.md,### Segment 4: Slow Path Philosophy (T+75 to T+90 min),132,166,15.0,18.0,,
de_relationships,db03-dc_novice-training-documentation.md#chunk_005,db03-dc_novice-training-documentation.md,### Session Conclusion,232,266,15.0,18.0,,
de_relationships,db03-dc_perfect-silent-cage.md#chunk_001,db03-dc_perfect-silent-cage.md,## Summary,119,152,15.0,16.0,,
de_relationships,db03-dc_perfect-silent-cage.md#chunk_002,db03-dc_perfect-silent-cage.md,## Expedition Profile & Strategic Context,211,244,15.0,16.0,,
de_relationships,db03-dc_perfect-silent-cage.md#chunk_003,db03-dc_perfect-silent-cage.md,## Recovery Operation & Site Forensics,293,326,15.0,16.0,,
de_relationships,db03-dc_perfect-silent-cage.md#chunk_004,db03-dc_perfect-silent-cage.md,## Tactical & Strategic Implications,291,323,15.0,16.0,,
de_relationships,db03-dc_perfect-silent-cage.md#chunk_005,db03-dc_perfect-silent-cage.md,## Policy Outcomes,258,291,15.0,16.0,,
de_relationships,db03-dc_quiet-nod-protocol.md#chunk_001,db03-dc_quiet-nod-protocol.md,## Summary,109,141,15.0,16.0,,
de_relationships,db03-dc_quiet-nod-protocol.md#chunk_002,db03-dc_quiet-nod-protocol.md,## Institutional Structure & Conflict Separation,263,296,15.0,16.0,,
de_relationships,db03-dc_quiet-nod-protocol.md#chunk_003,db03-dc_quiet-nod-protocol.md,## Contracting Protocol & Communication Security,247,279,15.0,16.0,,
de_relationships,db03-dc_quiet-nod-protocol.md#chunk_004,db03-dc_quiet-nod-protocol.md,## Execution Methodology & Stealth Techniques,280,313,15.0,16.0,,
de_relationships,db03-dc_quiet-nod-protocol.md#chunk_005,db03-dc_quiet-nod-protocol.md,## Lie-Mark Deployment & Misdirection,248,280,15.0,16.0,,
de_relationships,db03-dc_quiet-nod-protocol.md#chunk_006,db03-dc_quiet-nod-protocol.md,## Cultural Boundaries & Operational Limits,250,283,15.0,16.0,,
de_relationships,db03-dc_quiet-nod-protocol.md#chunk_007,db03-dc_quiet-nod-protocol.md,## Economic Structure & Operational Security,224,257,15.0,16.0,,
de_relationships,db03-dc_rule-of-two-threads.md#chunk_001,db03-dc_rule-of-two-threads.md,## Summary,106,137,15.0,15.0,,
de_relationships,db03-dc_rule-of-two-threads.md#chunk_002,db03-dc_rule-of-two-threads.md,## Verification Protocol Structure,245,276,15.0,15.0,,
de_relationships,db03-dc_rule-of-two-threads.md#chunk_003,db03-dc_rule-of-two-threads.md,## Source Reliability Tracking,150,182,15.0,15.0,,
de_relationships,db03-dc_rule-of-two-threads.md#chunk_004,db03-dc_rule-of-two-threads.md,## Blood-Proof Enhancement,145,176,15.0,15.0,,
de_relationships,db03-dc_rule-of-two-threads.md#chunk_005,db03-dc_rule-of-two-threads.md,## Wind-Singer Penalty Enforcement,262,293,15.0,15.0,,
de_relationships,db03-dc_rule-of-two-threads.md#chunk_006,db03-dc_rule-of-two-threads.md,## Economic Function in Lawless Environments,289,321,15.0,15.0,,
de_relationships,db03-dc_salvage-operations-manual.md#chunk_001,db03-dc_salvage-operations-manual.md,## Observation Context,65,97,15.0,16.0,,
de_relationships,db03-dc_salvage-operations-manual.md#chunk_002,db03-dc_salvage-operations-manual.md,## §1 — Salvage Operations Overview,204,236,15.0,16.0,,
de_relationships,db03-dc_salvage-operations-manual.md#chunk_003,db03-dc_salvage-operations-manual.md,### 2.1 — Pre-Entry Assessment,128,161,15.0,16.0,,
de_relationships,db03-dc_salvage-operations-manual.md#chunk_004,db03-dc_salvage-operations-manual.md,### 2.2 — Extraction Protocols,148,180,15.0,16.0,,
de_relationships,db03-dc_salvage-operations-manual.md#chunk_005,db03-dc_salvage-operations-manual.md,### 2.3 — Void-Marked Personnel Protocols,348,380,15.0,16.0,,
de_relationships,db03-dc_salvage-operations-manual.md#chunk_006,db03-dc_salvage-operations-manual.md,## §4 — Timeline of Major Discoveries,209,241,15.0,16.0,,
de_relationships,db03-dc_salvage-operations-manual.md#chunk_007,db03-dc_salvage-operations-manual.md,## §5 — Factional Salvage Policies,206,239,15.0,16.0,,
de_relationships,db03-dc_salvage-operations-manual.md#chunk_008,db03-dc_salvage-operations-manual.md,## §6 — Risk Assessment Matrix,150,183,15.0,16.0,,
de_relationships,db03-dc_sanctuary-establishment-record.md#chunk_001,db03-dc_sanctuary-establishment-record.md,## Observation Context,80,113,15.0,16.0,,
de_relationships,db03-dc_sanctuary-establishment-record.md#chunk_002,db03-dc_sanctuary-establishment-record.md,## §1 — The Grith-Hold Charter (Year 340 PG),647,679,15.0,16.0,,
de_relationships,db03-dc_sanctuary-establishment-record.md#chunk_003,db03-dc_sanctuary-establishment-record.md,## §3 — Void-Marked Sanctuary Rights,234,266,15.0,16.0,,
de_relationships,db03-dc_sanctuary-establishment-record.md#chunk_004,db03-dc_sanctuary-establishment-record.md,## §4 — Echo-Cant Communication Protocols,280,313,15.0,16.0,,
de_relationships,db03-dc_sanctuary-establishment-record.md#chunk_005,db03-dc_sanctuary-establishment-record.md,## §5 — Iron-Bane Conflict Record,443,475,15.0,16.0,,
de_relationships,db03-dc_sanctuary-establishment.md#chunk_001,db03-dc_sanctuary-establishment.md,## Observation Summary,516,548,15.0,16.0,,
de_relationships,db03-dc_sanctuary-establishment.md#chunk_002,db03-dc_sanctuary-establishment.md,## Quantified Observations,241,274,15.0,16.0,,
de_relationships,db03-dc_sanctuary-establishment.md#chunk_003,db03-dc_sanctuary-establishment.md,## Operational Context,252,284,15.0,16.0,,
de_relationships,db03-dc_waystation-cache-inventory.md#chunk_001,db03-dc_waystation-cache-inventory.md,# Waystation Cache Inventory Audit — Stonebridge Tier 2 Year 783 PG,438,473,15.0,19.0,,
de_relationships,standalone_aether-weave-os.md#chunk_001,standalone_aether-weave-os.md,# ⚙️ Technical Specification: Aether-Weave OS — Core Architecture & Futhark API,162,200,18.0,19.0,,
de_relationships,standalone_aether-weave-os.md#chunk_002,standalone_aether-weave-os.md,### 1.2 Core Design Principles,263,301,18.0,19.0,,
de_relationships,standalone_aether-weave-os.md#chunk_003,standalone_aether-weave-os.md,### 2.1 API Structure and Syntax,347,384,18.0,19.0,,
de_relationships,standalone_aether-weave-os.md#chunk_004,standalone_aether-weave-os.md,### 2.2 Representative Subroutine Examples,655,692,18.0,19.0,,
de_relationships,standalone_aether-weave-os.md#chunk_005,standalone_aether-weave-os.md,### 3.2 Coordination Primitives,228,266,18.0,19.0,,
de_relationships,standalone_aether-weave-os.md#chunk_006,standalone_aether-weave-os.md,### 4.1 Nominal Operation Examples,590,627,18.0,19.0,,
de_relationships,standalone_aether-weave-os.md#chunk_007,standalone_aether-weave-os.md,### 7.3 Dvergr Rejection Rationale,159,197,18.0,19.0,,
de_relationships,standalone_combine-reckoning.md#chunk_001,standalone_combine-reckoning.md,# 🌾 Combine Reckoning: Agricultural Timekeeping and Seasonal Coordination,23,57,18.0,15.0,,
de_relationships,standalone_combine-reckoning.md#chunk_002,standalone_combine-reckoning.md,## 1. Introduction and scope,249,283,18.0,15.0,,
de_relationships,standalone_combine-reckoning.md#chunk_003,standalone_combine-reckoning.md,### The thirteen seasonal designations,907,941,18.0,15.0,,
de_relationships,standalone_combine-reckoning.md#chunk_004,standalone_combine-reckoning.md,### Geographic climate zones and agricultural constraints,547,581,18.0,15.0,,
de_relationships,standalone_combine-reckoning.md#chunk_005,standalone_combine-reckoning.md,### Key patterns and cultural characteristics,140,174,18.0,15.0,,
de_relationships,standalone_dagaz-concordance.md#chunk_001,standalone_dagaz-concordance.md,### How to use this entry,843,874,18.0,13.0,,
de_relationships,standalone_daily-life-midgard.md#chunk_001,standalone_daily-life-midgard.md,# 🏘️ Daily Life in the Midgard Combine: A Diagnostic Study of Post-Glitch Subsistence Culture,32,75,19.0,23.0,,
de_relationships,standalone_daily-life-midgard.md#chunk_002,standalone_daily-life-midgard.md,## 1. Introduction: The Diagnostic Frame,150,193,19.0,23.0,,
de_relationships,standalone_daily-life-midgard.md#chunk_003,standalone_daily-life-midgard.md,### 2.1 Agricultural foundation and labor cycles,128,171,19.0,23.0,,
de_relationships,standalone_daily-life-midgard.md#chunk_004,standalone_daily-life-midgard.md,### 2.2 Seasonal labor allocation,521,564,19.0,23.0,,
de_relationships,standalone_daily-life-midgard.md#chunk_005,standalone_daily-life-midgard.md,"### 3.1 The ""Rope-Weave"" kinship system",209,252,19.0,23.0,,
de_relationships,standalone_daily-life-midgard.md#chunk_006,standalone_daily-life-midgard.md,### 3.2 Work-groups and trust structures,386,429,19.0,23.0,,
de_relationships,standalone_daily-life-midgard.md#chunk_007,standalone_daily-life-midgard.md,### 5.1 Dominant belief systems in Midgard,273,315,19.0,23.0,,
de_relationships,standalone_daily-life-midgard.md#chunk_008,standalone_daily-life-midgard.md,### 5.2 Ritual calendar and ceremonial life,825,868,19.0,23.0,,
de_relationships,standalone_daily-life-midgard.md#chunk_009,standalone_daily-life-midgard.md,### 8.1 Structural fragilities,223,266,19.0,23.0,,
de_relationships,standalone_daily-life-midgard.md#chunk_010,standalone_daily-life-midgard.md,## 9. Conclusion: Daily Life as Adaptive Success,139,182,19.0,23.0,,
de_relationships,standalone_fimbul-cant.md#chunk_001,standalone_fimbul-cant.md,# 🗣️ Fimbul-Cant: The Language of Ice-Debt and Survival,63,96,16.0,15.0,,
de_relationships,standalone_fimbul-cant.md#chunk_002,standalone_fimbul-cant.md,## 1. Identification and context,280,313,16.0,15.0,,
de_relationships,standalone_fimbul-cant.md#chunk_003,standalone_fimbul-cant.md,### 2.1 Etymological foundations,179,211,16.0,15.0,,
de_relationships,standalone_fimbul-cant.md#chunk_004,standalone_fimbul-cant.md,### 2.2 Core vocabulary domains,579,612,16.0,15.0,,
de_relationships,standalone_fimbul-cant.md#chunk_005,standalone_fimbul-cant.md,### 2.3 Psychological embedding mechanisms,244,276,16.0,15.0,,
de_relationships,standalone_fimbul-cant.md#chunk_006,standalone_fimbul-cant.md,### 3.1 Field Card — Forsaken communication protocols,482,514,16.0,15.0,,
de_relationships,standalone_fimbul-cant.md#chunk_007,standalone_fimbul-cant.md,### 4.1 Common misunderstandings (outsider errors),243,275,16.0,15.0,,
de_relationships,standalone_fimbul-cant.md#chunk_008,standalone_fimbul-cant.md,### 4.2 Psychological diagnostic applications,197,230,16.0,15.0,,
de_relationships,standalone_fimbul-cant.md#chunk_009,standalone_fimbul-cant.md,### 5.1 Jötun-Reader engagement doctrine,276,309,16.0,15.0,,
de_relationships,standalone_fimbul-cant.md#chunk_010,standalone_fimbul-cant.md,### 5.2 Rangers Guild operational stance,154,187,16.0,15.0,,
de_relationships,standalone_fimbul-cant.md#chunk_011,standalone_fimbul-cant.md,### 5.3 Dvergr Guild assessment,180,213,16.0,15.0,,
de_relationships,standalone_fimbul-cant.md#chunk_012,standalone_fimbul-cant.md,### 6.1 Linguistic foundations,135,167,16.0,15.0,,
de_relationships,standalone_fimbul-cant.md#chunk_013,standalone_fimbul-cant.md,### 6.2 Cultural and geographic context,152,184,16.0,15.0,,
de_relationships,standalone_fimbul-cant.md#chunk_014,standalone_fimbul-cant.md,### 7.1 Jötun-Readers — The Archive of Suffering,525,557,16.0,15.0,,
de_relationships,standalone_fimbul-cant.md#chunk_015,standalone_fimbul-cant.md,"### 7.2 Forsaken — Our Words, Our Survival",605,638,16.0,15.0,,
de_relationships,standalone_fimbul-cant.md#chunk_016,standalone_fimbul-cant.md,### 7.3 Rangers Guild — Professional Competence Requirement,422,455,16.0,15.0,,
de_relationships,standalone_fimbul-cant.md#chunk_017,standalone_fimbul-cant.md,### 7.4 Dvergr Clans — Functional Efficiency Assessment,430,462,16.0,15.0,,
de_relationships,standalone_fimbul-cant.md#chunk_018,standalone_fimbul-cant.md,### 7.5 Iron-Banes — The Slave-Tongue,474,507,16.0,15.0,,
de_relationships,standalone_fimbul-cant.md#chunk_019,standalone_fimbul-cant.md,### 7.6 Hearth-Clans — The Border Echo,473,505,16.0,15.0,,
de_relationships,standalone_fimbul-cant.md#chunk_020,standalone_fimbul-cant.md,### 7.7 God-Sleepers — The Language of Trial,500,533,16.0,15.0,,
de_relationships,standalone_fimbul-cant.md#chunk_021,standalone_fimbul-cant.md,## 8. Reviewer's Note,724,756,16.0,15.0,,
de_relationships,standalone_gebo-concordance.md#chunk_001,standalone_gebo-concordance.md,## How to use this entry,670,702,18.0,13.0,,
de_relationships,standalone_nine-tiers-architecture.md#chunk_001,standalone_nine-tiers-architecture.md,# ⚙️ The Nine Tiers Architecture: Hierarchical Design of the Yggdrasil Network,42,80,18.0,19.0,,
de_relationships,standalone_nine-tiers-architecture.md#chunk_002,standalone_nine-tiers-architecture.md,## Abstract,478,516,18.0,19.0,,
de_relationships,standalone_nine-tiers-architecture.md#chunk_003,standalone_nine-tiers-architecture.md,### 1.1 Functional Stratification,247,284,18.0,19.0,,
de_relationships,standalone_nine-tiers-architecture.md#chunk_004,standalone_nine-tiers-architecture.md,### 1.2 Hierarchical Control: ODIN Integration Density,249,287,18.0,19.0,,
de_relationships,standalone_nine-tiers-architecture.md#chunk_005,standalone_nine-tiers-architecture.md,### 1.3 Aetheric Field Density Correlation,165,202,18.0,19.0,,
de_relationships,standalone_nine-tiers-architecture.md#chunk_006,standalone_nine-tiers-architecture.md,### Tier 0: Governance Core,183,221,18.0,19.0,,
de_relationships,standalone_nine-tiers-architecture.md#chunk_007,standalone_nine-tiers-architecture.md,### Tier 1: Research and Development,911,949,18.0,19.0,,
de_relationships,standalone_nine-tiers-architecture.md#chunk_008,standalone_nine-tiers-architecture.md,### Secondary Sources (Layer 2: Diagnostic Analysis),28,66,18.0,19.0,,
de_relationships,standalone_nine-tiers-architecture.md#chunk_009,standalone_nine-tiers-architecture.md,## VIII. Cross-References,133,171,18.0,19.0,,
de_relationships,standalone_nine-tiers-architecture.md#chunk_010,standalone_nine-tiers-architecture.md,## IX. Change Log,228,266,18.0,19.0,,
de_relationships,standalone_runic-interface.md#chunk_001,standalone_runic-interface.md,# Runic Interface (Physical Command Layer),62,91,16.0,11.0,,
de_relationships,standalone_runic-interface.md#chunk_002,standalone_runic-interface.md,## 1.0 Abstract,128,157,16.0,11.0,,
de_relationships,standalone_runic-interface.md#chunk_003,standalone_runic-interface.md,### 2.1 Functional Architecture,399,427,16.0,11.0,,
de_relationships,standalone_runic-interface.md#chunk_004,standalone_runic-interface.md,### 3.1 The Intent Signature,189,218,16.0,11.0,,
de_relationships,standalone_runic-interface.md#chunk_005,standalone_runic-interface.md,### 3.2 Line-of-Sight Requirements,136,165,16.0,11.0,,
de_relationships,standalone_runic-interface.md#chunk_006,standalone_runic-interface.md,### 4.1 Material Requirements,145,174,16.0,11.0,,
de_relationships,standalone_runic-interface.md#chunk_007,standalone_runic-interface.md,### 4.2 Inscription Persistence,128,157,16.0,11.0,,
de_relationships,standalone_runic-interface.md#chunk_008,standalone_runic-interface.md,### 5.1 Authorization Hierarchies,382,410,16.0,11.0,,
de_relationships,standalone_runic-interface.md#chunk_009,standalone_runic-interface.md,### 6.2 Modern Runic Invocation Risks,249,278,16.0,11.0,,
de_relationships,standalone_runic-interface.md#chunk_010,standalone_runic-interface.md,### 6.4 Jötun-Reader Firewall Strategy,514,543,16.0,11.0,,
de_relationships,standalone_runic-interface.md#chunk_011,standalone_runic-interface.md,## 10.0 Conclusion,247,275,16.0,11.0,,
